row_id,section,speaker,chars,flags,english,greek
dialogue:1,dialogue,,75,TAGS,How can the <color=lightblue>Eye</color> be older than the universe itself?,Πώς είναι δυνατόν το <color=lightblue>Μάτι</color> να είναι πιο παλιό από το ίδιο το σύμπαν;
dialogue:2,dialogue,,47,,Suppose it is a relic from a previous universe.,Υποθέτω πως είναι ένα κειμήλιο από προηγούμενο σύμπαν.
dialogue:3,dialogue,,108,,"The early universe was unimaginably hot and dense. If anything existed before, it would have been destroyed.","Στην αρχή το σύμπαν ήταν αδιανόητα καυτό και πυκνό. Αν κάτι προϋπήρχε, θα είχε καταστραφεί."
dialogue:4,dialogue,,54,,Suppose the universe is older than previously assumed.,Υποθέτω πως το σύμπαν είναι πιο παλιό από όσο θεωρούσαμε έως τώρα.
dialogue:5,dialogue,,115,TAGS,"The <color=orange>Ash Twin Project</color> requires a powerful, highly advanced warp core. How should we obtain it?",Το <color=orange> Πρότζεκτ του Διδύμου της Στάχτης</color> απαιτεί έναν ισχυρό και πολυσύνθετο πυρήνα στρέβλωσης. Πώς θα τον αποκτήσουμε;
dialogue:6,dialogue,,109,TAGS,Solution 2: We could craft a new advanced warp core inspired by the <color=orange>Vessel</color>’s warp core.,Λύση 2: Θα μπορούσαμε να κατασκευάσουμε έναν νέο πολυσύνθετο πυρήνα στρέβλωσης εμπνευσμένο από τον πυρήνα στρέβλωσης του <color=orange>Σκάφους</color>.
dialogue:7,dialogue,OENO,173,TAGS,"OENO: The greatest challenge here, I think, is we don’t have the design for such a powerful core, or any of the original crafters of the <color=orange>Vessel</color>’s core.","ΟΙΝΩ: Η μεγαλύτερη δυσκολία εδώ, νομίζω, είναι ότι δεν έχουμε ούτε τα σχέδια για έναν τόσο ισχυρό πυρήνα ούτε κάποιον από τους αρχικούς κατασκευαστές του πυρήνα του <color=orange>Σκάφους</color>."
dialogue:8,dialogue,CLARY,162,TAGS,"CLARY: No, but Poke was apprenticed to Annona, who created the original design, and our <color=orange>Black Hole Forge</color> is adept at crafting simpler cores.","ΚΛΑΡΥ: Όχι, όμως η Πόουκ μαθήτευσε δίπλα στον Ανόνα, που δημιούργησε το αρχικό σχέδιο, και το <color=orange>Σφυρηλατείο της Μαύρης Τρύπας</color> μας κατασκευάζει με άνεση απλούστερους πυρήνες."
dialogue:9,dialogue,POKE,158,TAGS,"POKE: I believe I can be of use here! The <color=orange>Vessel</color>’s warp core was created before my time, but Annona explained many of his designs to me.","ΠΟΟΥΚ: Πιστεύω ότι μπορώ να φανώ χρήσιμη εδώ! Ο πυρήνας στρέβλωσης του <color=orange>Σκάφους</color> φτιάχτηκε πριν από την εποχή μου, αλλά ο Ανόνα μού εξήγησε πολλά από τα σχέδιά του."
dialogue:10,dialogue,IDAEA,44,,IDAEA: This is the safest path for our clan.,ΙΔΑΙΑ: Αυτός είναι ο ασφαλέστερος δρόμος για τη φυλή μας.
dialogue:11,dialogue,AVENS,67,,AVENS: Is the safest path the best one? Our goal is worth the risk.,ΕΪΒΕΝΣ: Είναι ο ασφαλέστερος δρόμος και ο καλύτερος; Ο σκοπός μας αξίζει το ρίσκο.
dialogue:12,dialogue,CASSAVA,257,TAGS,"CASSAVA: Is it, though? We’ve tried for so long to find something that I (and others) now believe might be impossible to find. If the search for the <color=lightblue>Eye</color> is a futile one, we should choose the option with the least potential for harm.","ΚΑΣΑΒΑ: Αξίζει όμως; Προσπαθούμε τόσον καιρό να βρούμε κάτι που εγώ (και άλλοι) πιστεύουμε πια πως ίσως είναι αδύνατο να βρεθεί. Αν η αναζήτηση του <color=lightblue>Ματιού</color> είναι μάταιη, οφείλουμε να επιλέξουμε τη λύση με τις λιγότερες πιθανότητες να μας βλάψει."
dialogue:13,dialogue,SPIRE,110,TAGS,SPIRE: Abandoning the <color=orange>Vessel</color>’s warp core and its casing means losing valuable knowledge.,ΣΠΑΪΡ: Το να εγκαταλείψουμε τον πυρήνα στρέβλωσης του <color=orange>Σκάφους</color> και το περίβλημά του σημαίνει ότι χάνουμε πολύτιμη γνώση.
dialogue:14,dialogue,MITIS,117,,"MITIS: This is true; however, it’s knowledge we have little hope of recovering. It would be best to relearn, I think.","ΜΙΤΙΣ: Αυτό ισχύει· ωστόσο, είναι γνώση που ελάχιστες ελπίδες έχουμε να ανακτήσουμε. Καλύτερα να τη μάθουμε ξανά από την αρχή, νομίζω."
dialogue:15,dialogue,POKE,173,TAGS,"POKE: I would very much like to craft such a powerful core! More relevantly, I believe the <color=orange>Black Hole Forge</color> crew and I could recreate the basic design.","ΠΟΟΥΚ: Θα ήθελα πάρα πολύ να φτιάξω έναν τόσο ισχυρό πυρήνα! Και, το πιο ουσιαστικό, πιστεύω ότι το πλήρωμα του <color=orange>Σφυρηλατείου της Μαύρης Τρύπας</color> κι εγώ μπορούμε να αναδημιουργήσουμε το βασικό σχέδιο."
dialogue:16,dialogue,CASSAVA,119,,"CASSAVA: I imagine I’ve been hard on Poke, again. This in turn means I’ve made things difficult for her sister (Clary).","ΚΑΣΑΒΑ: Φαντάζομαι ότι φέρθηκα σκληρά στην Πόουκ, ξανά. Πράγμα που σημαίνει ότι δυσκόλεψα και την αδερφή της (την Κλάρυ)."
dialogue:17,dialogue,CASSAVA,187,,"CASSAVA: If Poke and I are oil and water, Clary is our emulsifier. She certainly makes us a better team than would mixing through shaking (although sometimes I would like to shake Poke!).","ΚΑΣΑΒΑ: Αν η Πόουκ κι εγώ είμαστε λάδι και νερό, η Κλάρυ είναι ο γαλακτωματοποιητής μας. Σίγουρα μας κάνει καλύτερη ομάδα απ’ ό,τι θα μας έκανε το ανακάτεμα με κούνημα (αν και καμιά φορά θα ήθελα να κουνήσω λίγο την Πόουκ!)."
dialogue:18,dialogue,CASSAVA,153,TAGS,"CASSAVA: Jokes aside, suppose my own fear of never finding the <color=lightblue>Eye</color> prompted my argument with Poke. That would be immature of me.",ΚΑΣΑΒΑ: Αστεία στην άκρη· ας υποθέσουμε ότι ο δικός μου φόβος πως δεν θα βρούμε ποτέ το <color=lightblue>Μάτι</color> προκάλεσε τον καβγά μου με την Πόουκ. Αυτό θα ήταν ανώριμο εκ μέρους μου.
dialogue:19,dialogue,CASSAVA,75,,"CASSAVA: I should apologize... At least to Clary, who could then tell Poke.","ΚΑΣΑΒΑ: Οφείλω να ζητήσω συγγνώμη... Τουλάχιστον από την Κλάρυ, που θα μπορούσε να το πει στην Πόουκ."
dialogue:20,dialogue,POKE,231,TAGS,"POKE: I feel strange, trying to recreate Annona’s warp core without him. At times, it still feels strange to no longer be his (very young) apprentice, and for the <color=orange>Black Hole Forge</color> to be in my care and not his.","ΠΟΟΥΚ: Νιώθω παράξενα που προσπαθώ να αναδημιουργήσω τον πυρήνα στρέβλωσης του Ανόνα χωρίς εκείνον. Κάποιες φορές μου φαίνεται ακόμη παράξενο που δεν είμαι πια η (πολύ νεαρή) μαθητευόμενή του, και που το <color=orange>Σφυρηλατείο της Μαύρης Τρύπας</color> βρίσκεται στη δική μου φροντίδα και όχι στη δική του."
dialogue:21,dialogue,POKE,122,,"POKE: Hypothesis: This will always feel strange. Even though my time with him was short, I miss my old mentor, and deeply.","ΠΟΟΥΚ: Υπόθεση: Αυτό θα μου φαίνεται πάντα παράξενο. Παρόλο που ο καιρός μου μαζί του ήταν λίγος, μου λείπει ο παλιός μου δάσκαλος — και μου λείπει βαθιά."
dialogue:22,dialogue,POKE,200,TAGS,"POKE: To have the chance to try is thrilling, but... I don’t want to disappoint everyone. I <i>think</i> I can do this (probably), but what if excitement has clouded my assessment of my own abilities?","ΠΟΟΥΚ: Το να έχω την ευκαιρία να προσπαθήσω είναι συναρπαστικό, αλλά... δεν θέλω να απογοητεύσω κανέναν. <i>Νομίζω</i> ότι μπορώ να το κάνω (μάλλον), αλλά κι αν ο ενθουσιασμός έχει θολώσει την εκτίμηση των ικανοτήτων μου;"
dialogue:23,dialogue,POKE,230,,"POKE: Was I wrong in volunteering to build it...? I was born in this star system, and never saw Annona’s warp core with my own three eyes. I only know what he taught me. What if I’ve bitten off a larger portion than I can consume?","ΠΟΟΥΚ: Ήταν λάθος που προθυμοποιήθηκα να το φτιάξω...; Γεννήθηκα σε αυτό το αστρικό σύστημα, και ποτέ δεν είδα τον πυρήνα στρέβλωσης του Ανόνα με τα δικά μου τρία μάτια. Ξέρω μόνο όσα μου δίδαξε. Μήπως πήρα μεγαλύτερη μπουκιά απ' όση μπορώ να μασήσω;"
dialogue:24,dialogue,POKE,227,,"POKE: Still, all I can give is my best. And as Annona would say, should my best prove insufficient, then we will find another way to achieve what’s needed. I have Clary and Root in the forge, and I have my clan. I am not alone!","ΠΟΟΥΚ: Ακόμα κι έτσι, αυτό που μπορώ να δώσω είναι το καλύτερό μου. Κι όπως θα έλεγε κι ο Ανόνα, αν το καλύτερο μου αποδειχτεί ανεπαρκές, τότε θα βρούμε εναλλακτικό τρόπο να καταφέρουμε όσα χρειάζονται. Έχω την Κλάρυ και τον Ρουτ στο Σφυρηλατείο, κι έχω και τη φυλή μου. Δεν είμαι μόνη!"
dialogue:25,dialogue,SOLANUM,35,,SOLANUM: Formation Of This Universe,ΣΟΛΑΝΟΥΜ: Δημιουργία αυτού του Σύμπαντος
dialogue:26,dialogue,SOLANUM,150,,"SOLANUM: No one knows how this universe was made, but one thing we do know is everything used to be very hot and very dense (tightly packed together).","ΣΟΛΑΝΟΥΜ: Κανείς δε γνωρίζει πώς δημιουργήθηκε αυτό το σύμπαν, αλλά το ένα πράγμα που ξέρουμε είναι πως όλα ήταν πολύ καυτά και πολύ πυκνά (συμπυκνωμένα το ένα δίπλα στο άλλο)."
dialogue:27,dialogue,SOLANUM,182,,"SOLANUM: As this early universe expanded, it also cooled down. Once it had cooled down enough, particles were able to group together to form things like galaxies, stars, and planets!","ΣΟΛΑΝΟΥΜ: Όσο διαστελλόταν αυτό το σύμπαν, τόσο κρύωνε. Όταν είχε κρυώσει αρκετά, σωματίδια βρήκαν τη δυνατότητα να ενωθούν και να σχηματίσουν γαλαξίες, αστέρια και πλανήτες!"
dialogue:28,dialogue,SOLANUM,149,,"SOLANUM: Since then, space has continued to expand at a faster and faster rate, which is hard to think about for too long without your brain hurting.","ΣΟΛΑΝΟΥΜ: Από τότε, το διάστημα συνεχίζει να διαστέλλεται με ολοένα και πιο γρήγορους ρυθμούς, το οποίο είναι δύσκολο να σκέφτεσαι για αρκετή ώρα χωρίς να πονέσει το μυαλό σου."
dialogue:29,dialogue,SOLANUM,124,,"SOLANUM: This universe will keep getting colder and larger, until one day, the stars and the life they support will all die.","ΣΟΛΑΝΟΥΜ: Αυτό το σύμπαν θα συνεχίσει να γίνεται πιο κρύο και πιο μεγάλο, μέχρι κάποια μέρα, τα αστέρια και η ζωή που υποστηρίζουν θα πάψουν να υπάρχουν."
dialogue:30,dialogue,SOLANUM,143,,"SOLANUM: That’s scary to think about, even though Conoy tells me it won’t happen in our lifetimes. But it’ll happen in someone else’s, someday!","ΣΟΛΑΝΟΥΜ: Είναι τρομακτικό και μόνο στη σκέψη, αν και ο Κόνοϊ μου λέει πως δε θα συμβεί όσο ζούμε εμείς. Αλλά θα συμβεί στη ζωή κάποιου άλλου, κάποια μέρα!"
dialogue:31,dialogue,LAMI,30,,LAMI: Explanation of Festivals,ΛΑΜΙ: Εξήγηση των Φεστιβάλ
dialogue:32,dialogue,LAMI,146,,LAMI: All the Nomai clans from all over the universe meet in one place to share what they’ve learned in science and art. It’s called the festival!,ΛΑΜΙ: Όλες οι φυλές των Νομάι από ολόκληρο το σύμπαν συναντώνται σε ένα μέρος για να μοιραστούν όσα έχουν μάθει για τις επιστήμες και τις τέχνες. Αυτή η συναάντηση ονομάζεται το φεστιβάλ!
dialogue:33,dialogue,FILIX,54,,"FILIX: Don’t forget, festivals happen every ten years!","ΦΙΛΙΞ: Μην ξεχνάς, τα φεστιβάλ γίνονται κάθε δέκα χρόνια!"
dialogue:34,dialogue,LAMI,78,,"LAMI: We can’t go because we’re stuck here. But Filix says we used to go, too.",ΛΑΜΙ: Δεν μπορούμε να πάμε γιατί είμαστε κολλημένοι εδώ. Αλλά η Φίλιξ λέει ότι συνηθίζαμε να πηγαίνουμε κι εμείς.
dialogue:35,dialogue,LAMI,186,,"LAMI: At some festivals, one clan’s big discovery can mean all the Nomai get to advance, too. Like Annona’s warp core, which made it so everyone can warp long distances and explore more.","ΛΑΜΙ: Σε ορισμένα φεστιβάλ, η μεγάλη ανακάλυψη μίας φυλής μπορεί να σημάνει πως όλοι οι Νομάι μπορούν να εξελιχθούν. Όπως ο πυρήνας στρέβλωσης του Ανόνα, που επέτρεψε σε όλους να διανύουν μεγάλες αποστάσεις και να ανακαλύπτουν περισσότερα."
dialogue:36,dialogue,LAMI,97,,LAMI: Each clan has a festival envoy to show their most interesting work. (Our envoy was Thatch!),ΛΑΜΙ: Κάθε φυλή έχει έναν απεσταλμένο στο φεστιβάλ για να δείξει την πιο σημαντική δουλειά της. (Ο απεσταλμένος μας ήταν ο Θατς!)
dialogue:37,dialogue,LAMI,53,,"LAMI: A single festival could last a long, long time!","ΛΑΜΙ: Ένα και μόνο φεστιβάλ μπορεί να διαρκούσε πολύ, πολύ καιρό!"
dialogue:38,dialogue,PLUME,65,,PLUME: Use caution! A black hole sleeps below. You must not slip.,ΠΛΟΥΜ: Προσοχή! Μία μαύρη τρύπα κοιμάται από κάτω. Δεν πρέπει να γλιστρήσετε.
dialogue:39,dialogue,,22,,Emergency escape hatch,Πόρτα διαφυγής έκτακτης ανάγκης
dialogue:40,dialogue,BEGIN FLIGHTLOG,192,TAGS,BEGIN FLIGHTLOG: <color=orange>Escape Pod 1</color>. <color=orange>Vessel</color> has been mortally injured. Emergency sequence activated. Awaiting departure from <color=orange>Vessel</color>.,ΕΝΑΡΞΗ ΗΜΕΡΟΛΟΓΙΟΥ ΠΤΗΣΗΣ: <color=orange>Καψούλα Διαφυγής 1</color>. Το <color=orange>Σκάφος</color> έχει υποστεί θανάσιμες ζημιές. Ενεργοποιήθηκε η διαδικασία έκτακτης ανάγκης. Αναμονή για αναχώρηση από το <color=orange>Σκάφος</color>.
dialogue:41,dialogue,,145,TAGS,Launching <color=orange>Escape Pod 3</color>... Launching <color=orange>Escape Pod 2</color>... Now launching <color=orange>Escape Pod 1</color>.,Εκτόξευση της <color=orange>Κάψουλας Διαφυγής 3</color>... Εκτόξευση της <color=orange>Κάψουλας Διαφυγής 2</color>... Τώρα εκτόξευση της <color=orange>Κάψουλας Διαφυγής 1</color>.
dialogue:42,dialogue,,48,,ALERT. Collision imminent. Preparing for impact.,ΕΙΔΟΠΟΙΗΣΗ. Επικείμενη σύγκρουση. Προετοιμασία για πρόσκρουση.
dialogue:43,dialogue,,181,,"Scanning external environment... Scan complete. Minor structural instabilities detected. Pockets of breathable air detected. Adequate solar energy detected.
			Verdict: HOSPITABLE.","Σάρωση του εξωτερικού περιβάλλοντος... Η σάρωση ολοκληρώθηκε. Εντοπίστηκαν μικρές δομικές αστάθειες. Εντοπίστηκαν θύλακες αναπνεύσιμου αέρα. Εντοπίστηκε επαρκής ηλιακή ενέργεια.
			Συμπέρασμα: ΦΙΛΟΞΕΝΟΣ."
dialogue:44,dialogue,CONOY,290,TAGS,"CONOY: Cassava’s <color=orange>Construction Yard</color> has been using the cyclones on <color=lightblue>Giant’s Deep</color> to lift <color=orange>Orbital Probe Cannon</color> parts into orbit, but one component was pushed down past the current that usually prevents anything from sinking.","ΚΟΝΟΪ: Το <color=orange>Εργοτάξιο</color> του Κασάβα χρησιμοποιεί τους κυκλώνες του <color=lightblue>Τζάιαντς Ντιπ</color> για να ανεβάζει σε τροχιά εξαρτήματα του <color=orange>Τροχιακού Κανονιού Βολίδας</color>, όμως ένα από αυτά ωθήθηκε προς τα κάτω, πέρα από το ρεύμα που κανονικά εμποδίζει οτιδήποτε να βυθιστεί."
dialogue:45,dialogue,CONOY,71,,CONOY: Spire and I are crafting a model to determine why this happened.,ΚΟΝΟΪ: Ο Σπάιρ κι εγώ κατασκευάζουμε ένα μοντέλο για να προσδιορίσουμε γιατί συνέβη αυτό.
dialogue:46,dialogue,SPIRE,74,,SPIRE: An update: It’s now clear there are two different types of cyclone.,ΣΠΑΪΡ: Ενημέρωση: Είναι πλέον σαφές ότι υπάρχουν δύο διαφορετικοί τύποι κυκλώνα.
dialogue:47,dialogue,SPIRE,156,TAGS,SPIRE: Most cyclones on <color=lightblue>Giant’s Deep</color> rotate clockwise. These are the cyclones Cassava typically uses to send components into orbit.,ΣΠΑΪΡ: Οι περισσότεροι κυκλώνες στον <color=lightblue>Τζάιαντς Ντιπ</color> περιστρέφονται δεξιόστροφα. Αυτούς χρησιμοποιεί συνήθως ο Κασάβα για να στέλνει εξαρτήματα σε τροχιά.
dialogue:48,dialogue,SPIRE,143,,SPIRE: There also exists a rarer type of cyclone that spins the opposite direction and pushes objects beneath the waters and below the current.,"ΣΠΑΪΡ: Υπάρχει επίσης ένας σπανιότερος τύπος κυκλώνα, που περιστρέφεται αντίθετα και σπρώχνει αντικείμενα κάτω από τα νερά και κάτω από το ρεύμα."
dialogue:49,dialogue,CASSAVA,180,,"CASSAVA: My gratitude, Spire. Conoy is showing me your handiwork, and I’m intrigued by this secondary type of cyclone. But was it really necessary to build a model to tell me that?","ΚΑΣΑΒΑ: Η ευγνωμοσύνη μου, Σπάιρ. Ο Κόνοϊ μου δείχνει το έργο σου, και μου κινεί το ενδιαφέρον αυτός ο δεύτερος τύπος κυκλώνα. Ήταν όμως πράγματι απαραίτητο να φτιάξεις μοντέλο για να μου το πεις;"
dialogue:50,dialogue,SPIRE,96,TAGS,SPIRE: The model will be useful as we continue monitoring <color=lightblue>Giant’s Deep</color>.,ΣΠΑΪΡ: Το μοντέλο θα μας φανεί χρήσιμο καθώς συνεχίζουμε να παρακολουθούμε τον <color=lightblue>Τζάιαντς Ντιπ</color>.
dialogue:51,dialogue,SPIRE,47,,SPIRE: Also I very much wanted to make a model.,ΣΠΑΪΡ: Επίσης ήθελα πάρα πολύ να φτιάξω ένα μοντέλο.
dialogue:52,dialogue,ILEX,31,,"ILEX: Look out, look out below!","ΙΛΕΞ: Προσοχή, προσοχή από κάτω!"
dialogue:53,dialogue,ILEX,36,,ILEX: Look out for the gravity hole!,ΙΛΕΞ: Προσοχή στη βαρυτική τρύπα!
dialogue:54,dialogue,ILEX,25,,ILEX: For should you slip,ΙΛΕΞ: Γιατί αν τύχει να γλιστρήσεις
dialogue:55,dialogue,ILEX,25,,"ILEX: And lose your grip,","ΙΛΕΞ: και το κράτημά σου αφήσεις,"
dialogue:56,dialogue,ILEX,32,,ILEX: Then into space you’ll go!,ΙΛΕΞ: στο διάστημα θα ταξιδέψεις!
dialogue:57,dialogue,PLUME,131,,"PLUME: Of note: Be sure not to wander far from here. Though this area is somewhat unstable, it’s safer than any we’ve found so far.","ΠΛΟΥΜ: Σημείωση: Φροντίστε να μην απομακρύνεστε πολύ από εδώ. Αν και η περιοχή είναι κάπως ασταθής, είναι ασφαλέστερη από κάθε άλλη που έχουμε βρει ως τώρα."
dialogue:58,dialogue,PLUME,125,,"PLUME: The temporary settlement is finished, but remember to be cautious of falling rocks and dust created by meteor impacts.","ΠΛΟΥΜ: Ο προσωρινός οικισμός ολοκληρώθηκε, αλλά μην ξεχνάτε να προσέχετε τις πέτρες και τη σκόνη που πέφτουν από τις προσκρούσεις μετεωριτών."
dialogue:59,dialogue,THATCH,89,TAGS,THATCH: I can’t understand. Why did the <color=orange>Vessel</color> crash in that place?,ΘΑΤΣ: Δεν μπορώ να καταλάβω. Γιατί το <color=orange>Σκάφος</color> συνετρίβη σε εκείνο το μέρος;
dialogue:60,dialogue,PLUME,63,TAGS,PLUME: Was the <color=orange>Vessel</color> unwell in some way?,ΠΛΟΥΜ: Μήπως το <color=orange>Σκάφος</color> ήταν άρρωστο με κάποιον τρόπο;
dialogue:61,dialogue,FILIX,105,,"FILIX: No, Annona and I checked before the warp, and the warp core and navigation systems were both well.","ΦΙΛΙΞ: Όχι, ο Ανόνα κι εγώ ελέγξαμε πριν από τη στρέβλωση, και ο πυρήνας στρέβλωσης και τα συστήματα πλοήγησης ήταν και τα δύο εντάξει."
dialogue:62,dialogue,FILIX,161,TAGS,FILIX: We warped to follow that curious signal from the <color=lightblue>Eye of the universe</color>. Where we arrived was wrong; it wasn’t where we tried to go.,ΦΙΛΙΞ: Κάναμε στρέβλωση για να ακολουθήσουμε εκείνο το περίεργο σήμα από το <color=lightblue>Μάτι του σύμπαντος</color>. Το σημείο όπου φτάσαμε ήταν λάθος· δεν ήταν εκεί όπου προσπαθήσαμε να πάμε.
dialogue:63,dialogue,THATCH,100,TAGS,"THATCH: Suppose it wasn’t a problem with the <color=orange>Vessel</color>, but with our destination.","ΘΑΤΣ: Ας υποθέσουμε ότι το πρόβλημα δεν ήταν με το <color=orange>Σκάφος</color>, αλλά με τον προορισμό μας."
dialogue:64,dialogue,FILIX,75,TAGS,FILIX: I’m afraid for our friends in <color=orange>Escape Pod 3</color>....,ΦΙΛΙΞ: Φοβάμαι για τους φίλους μας στην <color=orange>Κάψουλα Διαφυγής 3</color>....
dialogue:65,dialogue,BELLS,217,TAGS,"BELLS: If you’re here to make your first pilgrimage to the <color=lightblue>Quantum Moon</color>, you are almost prepared to set out on this deeply significant journey. Before you do, pause, and remember your history.","ΜΠΕΛΣ: Αν ήρθες εδώ για το πρώτο σου προσκύνημα στην <color=lightblue>Κβαντική Σελήνη</color>, έχεις σχεδόν ολοκληρώσει την προετοιμασία για αυτό το βαθιά σημαντικό ταξίδι. Πριν ξεκινήσεις, στάσου και θυμήσου την ιστορία σου."
dialogue:66,dialogue,BELLS,343,TAGS,"BELLS: We make this journey not only for ourselves, but also to honor the members of our clan who came before us: those who, after the crash that brought them to this star system, became stranded on <color=lightblue>Brittle Hollow</color> and on <color=lightblue>Ember Twin</color>, with no communication between these two groups of survivors.","ΜΠΕΛΣ: Κάνουμε αυτό το ταξίδι όχι μόνο για εμάς, αλλά και για να τιμήσουμε τα μέλη της φυλής μας που ήρθαν πριν από εμάς: εκείνα που, μετά τη συντριβή που τα έφερε σε αυτό το αστρικό σύστημα, έμειναν αποκλεισμένα στο <color=lightblue>Μπριτλ Χόλοου</color> και στον <color=lightblue>Δίδυμο της Χόβολης</color>, χωρίς καμία επικοινωνία ανάμεσα στις δύο ομάδες επιζώντων."
dialogue:67,dialogue,BELLS,243,TAGS,BELLS: These Nomai looked upward from two different planets and saw the same wandering moon visiting their skies. It was this moon (the <color=lightblue>Quantum Moon</color>) that kept their curiosity alive during this long period of hardship.,ΜΠΕΛΣ: Αυτοί οι Νομάι κοίταξαν ψηλά από δύο διαφορετικούς πλανήτες και είδαν το ίδιο περιπλανώμενο φεγγάρι να επισκέπτεται τους ουρανούς τους. Ήταν αυτό το φεγγάρι (η <color=lightblue>Κβαντική Σελήνη</color>) που κράτησε ζωντανή την περιέργειά τους σε εκείνη τη μακρά περίοδο δοκιμασιών.
dialogue:68,dialogue,BELLS,297,TAGS,"BELLS: After the two divided groups were able to reunite, it became our clan’s united goal to find and visit the <color=lightblue>Quantum Moon</color>. This took time, and many Nomai who dreamed of seeing the <color=lightblue>Quantum Moon</color> died before we discovered how to make the journey.","ΜΠΕΛΣ: Αφού οι δύο χωρισμένες ομάδες κατάφεραν να ξανασμίξουν, έγινε κοινός σκοπός της φυλής μας να βρούμε και να επισκεφθούμε την <color=lightblue>Κβαντική Σελήνη</color>. Αυτό πήρε χρόνο, και πολλοί Νομάι που ονειρεύτηκαν να δουν την <color=lightblue>Κβαντική Σελήνη</color> πέθαναν προτού ανακαλύψουμε πώς να κάνουμε το ταξίδι."
dialogue:69,dialogue,BELLS,127,TAGS,"BELLS: When you reach the <color=lightblue>Quantum Moon</color>, recall these Nomai, and carry their curiosity onward with you.","ΜΠΕΛΣ: Όταν φτάσεις στην <color=lightblue>Κβαντική Σελήνη</color>, θυμήσου αυτούς τους Νομάι και κράτα μαζί σου την περιέργειά τους."
dialogue:70,dialogue,PLUME,220,TAGS,"PLUME: The <i>trees</i> are moving! The trees in this grove wander about freely (the entire plant, roots and all)! This is <i>not normal</i>, even for this alien planet. And I never see them move! Is that even possible?!","ΠΛΟΥΜ: Τα <i>δέντρα</i> κινούνται! Τα δέντρα σε αυτό το άλσος περιπλανιούνται ελεύθερα (ολόκληρο το φυτό, μαζί με τις ρίζες)! Αυτό <i>δεν είναι φυσιολογικό</i>, ούτε καν για αυτόν τον ξένο πλανήτη. Και δεν τα βλέπω ποτέ να κινούνται! Είναι καν δυνατόν;!"
dialogue:71,dialogue,PLUME,157,,"PLUME: If anyone else witnesses this disturbing behavior, I implore you, record your observations here. Either these trees are aberrant, or my brain must be!","ΠΛΟΥΜ: Αν κάποιος άλλος γίνει μάρτυρας αυτής της ανησυχητικής συμπεριφοράς, σας ικετεύω, καταγράψτε τις παρατηρήσεις σας εδώ. Ή αυτά τα δέντρα είναι ανώμαλα, ή το μυαλό μου!"
dialogue:72,dialogue,THATCH,99,TAGS,THATCH: Plume is right; the trees <i>do</i> move! I confess I didn’t notice until I read his notes.,ΘΑΤΣ: Ο Πλουμ έχει δίκιο· τα δέντρα <i>όντως</i> κινούνται! Ομολογώ ότι δεν το είχα προσέξει μέχρι που διάβασα τις σημειώσεις του.
dialogue:73,dialogue,THATCH,147,,"THATCH: Alarmingly, it isn’t only the trees: There is other matter in this area (such as that unusual shard of rock) moving in this same eerie way.","ΘΑΤΣ: Ανησυχητικά, δεν είναι μόνο τα δέντρα: υπάρχει και άλλη ύλη σε αυτή την περιοχή (όπως εκείνο το ασυνήθιστο θραύσμα βράχου) που κινείται με τον ίδιο αλλόκοτο τρόπο."
dialogue:74,dialogue,FILIX,133,,"FILIX: That rock is unusual for another reason, too, Thatch: It possesses color and texture I’ve never seen elsewhere on this planet!","ΦΙΛΙΞ: Αυτός ο βράχος είναι ασυνήθιστος και για έναν άλλο λόγο, Θατς: έχει χρώμα και υφή που δεν έχω δει πουθενά αλλού σε αυτόν τον πλανήτη!"
dialogue:75,dialogue,FILIX,162,,FILIX: Hypothesis: This rock shard’s presence is significant. We should study it! (Could it be what is causing other nearby objects to also move about this area?),ΦΙΛΙΞ: Υπόθεση: Η παρουσία αυτού του θραύσματος είναι σημαντική. Θα πρέπει να το μελετήσουμε! (Μήπως αυτό είναι που κάνει και τα άλλα κοντινά αντικείμενα να μετακινούνται μέσα στην περιοχή;)
dialogue:76,dialogue,THATCH,141,,"THATCH: Plume, Filix, and I have determined this atypical shard of rock is the reason objects in this grove are behaving in a quantum manner.","ΘΑΤΣ: Ο Πλουμ, η Φίλιξ κι εγώ διαπιστώσαμε ότι αυτό το άτυπο θραύσμα βράχου είναι ο λόγος που τα αντικείμενα σε αυτό το άλσος συμπεριφέρονται με κβαντικό τρόπο."
dialogue:77,dialogue,THATCH,185,TAGS,THATCH: The only other object we’ve observed displaying this quantum behavior is the <color=lightblue>wandering moon</color>. I imagine the moon’s behavior and this grove’s are related.,ΘΑΤΣ: Το μόνο άλλο αντικείμενο που έχουμε δει να εμφανίζει αυτή την κβαντική συμπεριφορά είναι το <color=lightblue>περιπλανώμενο φεγγάρι</color>. Φαντάζομαι ότι η συμπεριφορά του φεγγαριού και αυτού του άλσους σχετίζονται.
dialogue:78,dialogue,PLUME,185,TAGS,"PLUME: In her note from earlier, Filix mentions this strange type of rock isn’t found elsewhere on <color=lightblue>Brittle Hollow</color>. What if it isn’t originally from this planet?","ΠΛΟΥΜ: Στη σημείωσή της από νωρίτερα, η Φίλιξ αναφέρει ότι αυτό το παράξενο είδος βράχου δεν βρίσκεται πουθενά αλλού στο <color=lightblue>Μπριτλ Χόλοου</color>. Κι αν δεν προέρχεται εξαρχής από αυτόν τον πλανήτη;"
dialogue:79,dialogue,PLUME,155,TAGS,PLUME: Hypothesis: This “quantum shard” is from the <color=lightblue>wandering (quantum) moon</color>. Perhaps it is even a small piece of the moon itself.,ΠΛΟΥΜ: Υπόθεση: Αυτό το «κβαντικό θραύσμα» προέρχεται από το <color=lightblue>περιπλανώμενο (κβαντικό) φεγγάρι</color>. Ίσως μάλιστα να είναι κομμάτι του ίδιου του φεγγαριού.
dialogue:80,dialogue,FILIX,141,TAGS,"FILIX: Of note: A unique signal is coming from this shard! Curiously, our friend the <color=lightblue>wandering moon</color> sounds the same.","ΦΙΛΙΞ: Σημείωση: Ένα μοναδικό σήμα έρχεται από αυτό το θραύσμα! Παραδόξως, ο φίλος μας το <color=lightblue>περιπλανώμενο φεγγάρι</color> ακούγεται ίδιο."
dialogue:81,dialogue,FILIX,249,TAGS,"FILIX: I’ve also heard the same signal this shard produces calling out from <color=lightblue>Giant’s Deep</color>,<color=lightblue>Timber Hearth</color>, and the <color=lightblue>Hourglass Twins</color>. Suppose there are other shards like this one!","ΦΙΛΙΞ: Έχω ακούσει επίσης το ίδιο σήμα που παράγει αυτό το θραύσμα να καλεί από τον <color=lightblue>Τζάιαντς Ντιπ</color>, το <color=lightblue>Τίμπερ Χαρθ</color> και τους <color=lightblue>Δίδυμους της Κλεψύδρας</color>. Ας υποθέσουμε ότι υπάρχουν κι άλλα θραύσματα σαν αυτό!"
dialogue:82,dialogue,BELLS,195,TAGS,"BELLS: Welcome, Solanum! Your arrival here means you’ve completed your preparations on <color=lightblue>Giant’s Deep</color> and are ready to depart for the <color=lightblue>Quantum Moon</color>.","ΜΠΕΛΣ: Καλώς ήρθες, Σολάνουμ! Η άφιξή σου εδώ σημαίνει ότι ολοκλήρωσες τις προετοιμασίες σου στον <color=lightblue>Τζάιαντς Ντιπ</color> και είσαι έτοιμη να αναχωρήσεις για την <color=lightblue>Κβαντική Σελήνη</color>."
dialogue:83,dialogue,BELLS,184,TAGS,"BELLS: On your pilgrimage, the <color=lightblue>Quantum Moon</color> will carry you, just as it carried me and many in our clan before me, to the moon’s sixth and most secret location.","ΜΠΕΛΣ: Στο προσκύνημά σου, η <color=lightblue>Κβαντική Σελήνη</color> θα σε μεταφέρει, όπως μετέφερε κι εμένα και πολλούς στη φυλή μας πριν από εμένα, στην έκτη και πιο μυστική τοποθεσία της."
dialogue:84,dialogue,BELLS,222,TAGS,"BELLS: You’ll be aided in your pilgrimage by the shrine our clan built on the <color=lightblue>Quantum Moon</color>. But remember this final rule: To explore the sixth location, the shrine must be on the moon’s north pole.","ΜΠΕΛΣ: Στο προσκύνημά σου θα σε βοηθήσει το ιερό που έχτισε η φυλή μας στην <color=lightblue>Κβαντική Σελήνη</color>. Θυμήσου όμως αυτόν τον τελευταίο κανόνα: για να εξερευνήσεις την έκτη τοποθεσία, το ιερό πρέπει να βρίσκεται στον βόρειο πόλο του φεγγαριού."
dialogue:85,dialogue,BELLS,34,,BELLS: Be curious on your journey!,ΜΠΕΛΣ: Να έχεις περιέργεια στο ταξίδι σου!
dialogue:86,dialogue,BELLS,104,TAGS,BELLS: Be welcomed in this place! Above you stands the <color=orange>Tower of Quantum Knowledge</color>.,ΜΠΕΛΣ: Καλώς όρισες σε αυτόν τον τόπο! Από πάνω σου υψώνεται ο <color=orange>Πύργος της Κβαντικής Γνώσης</color>.
dialogue:87,dialogue,BELLS,177,TAGS,"BELLS: If you are making your first pilgrimage to the <color=lightblue>Quantum Moon</color>, ascend these stairs, and obtain the last of the knowledge you need for your journey.","ΜΠΕΛΣ: Αν κάνεις το πρώτο σου προσκύνημα στην <color=lightblue>Κβαντική Σελήνη</color>, ανέβα αυτά τα σκαλιά και απόκτησε την τελευταία γνώση που χρειάζεσαι για το ταξίδι σου."
dialogue:88,dialogue,BELLS,83,TAGS,BELLS: Beneath your feet lies the <color=orange>Tower of Quantum Knowledge</color>.,ΜΠΕΛΣ: Κάτω από τα πόδια σου βρίσκεται ο <color=orange>Πύργος της Κβαντικής Γνώσης</color>.
dialogue:89,dialogue,BELLS,201,TAGS,"BELLS: If you are preparing to make your first pilgrimage to the <color=lightblue>Quantum Moon</color>, descend the steps to the entrance below. The knowledge held within will help you on your journey.","ΜΠΕΛΣ: Αν ετοιμάζεσαι για το πρώτο σου προσκύνημα στην <color=lightblue>Κβαντική Σελήνη</color>, κατέβα τα σκαλιά προς την είσοδο από κάτω. Η γνώση που φυλάσσεται εκεί θα σε βοηθήσει στο ταξίδι σου."
dialogue:90,dialogue,,49,TAGS,Activate the <color=orange>gravity cannon</color>,Ενεργοποίηση του <color=orange>κανονιού βαρύτητας</color>
dialogue:91,dialogue,,43,TAGS,Call the <color=orange>shuttle</color> home,Ανάκληση της <color=orange>ακάτου</color>
dialogue:92,dialogue,LAEVI,171,TAGS,LAEVI: We’re meeting in the <color=orange>Fossil Fish Cave</color> to play the game! If you’re too big to climb through the <color=orange>Anglerfish Overlook</color> hole:,ΛΕΒΙ: Συναντιόμαστε στη <color=orange>Σπηλιά του Απολιθωμένου Ψαριού</color> για να παίξουμε το παιχνίδι! Αν δεν χωράς να σκαρφαλώσεις από την τρύπα στην <color=orange>Προεξοχή του Βατραχόψαρου</color>:
dialogue:93,dialogue,LAEVI,170,TAGS,"LAEVI: You’ll have to go the long way, but it isn’t far. Go to <color=orange>Stepping Stone Cave</color>, and then up and into the <color=orange>Fossil Fish Cave</color>.","ΛΕΒΙ: Θα πρέπει να πας από τον μακρύ δρόμο, αλλά δεν είναι μακριά. Πήγαινε στη <color=orange>Σπηλιά των Σκαλοπατιών</color> κι από εκεί πάνω και μέσα στη <color=orange>Σπηλιά του Απολιθωμένου Ψαριού</color>."
dialogue:94,dialogue,TAGET,138,TAGS,"TAGET: I tried to get to the fossil fish through <color=orange>Stepping Stone Cave</color>, but I couldn’t find the entrance. Where is it?","ΤΑΓΚΕΤ: Προσπάθησα να φτάσω στο απολιθωμένο ψάρι μέσω της <color=orange>Σπηλιάς των Σκαλοπατιών</color>, αλλά δεν μπόρεσα να βρω την είσοδο. Πού είναι;"
dialogue:95,dialogue,ILEX,162,TAGS,"ILEX: Remember to feed the fossil fish first! If you go to the <color=orange>Anglerfish Overlook</color> and throw a light into his mouth, he’ll show you the way.","ΙΛΕΞ: Μην ξεχάσεις να ταΐσεις πρώτα το απολιθωμένο ψάρι! Αν πας στην <color=orange>Προεξοχή του Βατραχόψαρου</color> και ρίξεις ένα φως στο στόμα του, θα σου δείξει τον δρόμο."
dialogue:96,dialogue,LAMI,140,TAGS,LAMI: Taget can’t fit through the <color=orange>Anglerfish Overlook</color> hole anymore because he grew bigger! He’s taller than Laevi now.,"ΛΑΜΙ: Ο Τάγκετ δεν χωράει πια στην τρύπα της <color=orange>Προεξοχής του Βατραχόψαρου</color>, γιατί μεγάλωσε! Είναι πιο ψηλός από τον Λέβι τώρα."
dialogue:97,dialogue,LAEVI,40,,LAEVI: Who cares? Ilex is still tallest.,ΛΕΒΙ: Και τι μ’ αυτό; Ο Ίλεξ είναι ακόμα ο πιο ψηλός.
dialogue:98,dialogue,TAGET,51,,TAGET: Are we playing the fossil fish game tonight?,ΤΑΓΚΕΤ: Θα παίξουμε απόψε το παιχνίδι με το απολιθωμένο ψάρι;
dialogue:99,dialogue,SOLANUM,180,TAGS,"SOLANUM: I fed the fossil fish a new lantern. If you go to <color=orange>Stepping Stone Cave</color>, the entrance to the <color=orange>Fossil Fish Cave</color> is easy to see now.","ΣΟΛΑΝΟΥΜ: Τάισα στο απολιθωμένο ψάρι ένα καινούριο φανάρι. Αν πας στη <color=orange>Σπηλιά των Σκαλοπατιών</color>, η είσοδος για τη <color=orange>Σπηλιά του Απολιθωμένου Ψαριού</color> φαίνεται εύκολα τώρα."
dialogue:100,dialogue,LAEVI,135,TAGS,"LAEVI: Gratitude, Solanum! It’s good you’re small enough to climb in through the hole at the <color=orange>Anglerfish Overlook</color>.","ΛΕΒΙ: Ευγνωμοσύνη, Σολάνουμ! Καλά που είσαι αρκετά μικρή και χωράς από την τρύπα στην <color=orange>Προεξοχή του Βατραχόψαρου</color>."
dialogue:101,dialogue,LAMI,29,,LAMI: I’m still small enough!,ΛΑΜΙ: Εγώ ακόμα χωράω!
dialogue:102,dialogue,LAEVI,83,,"LAEVI: You won’t be for long. Mom and Dad are tall, so you and I will be tall, too.","ΛΕΒΙ: Όχι για πολύ. Η μαμά κι ο μπαμπάς είναι ψηλοί, οπότε κι εσύ κι εγώ θα γίνουμε ψηλοί."
dialogue:103,dialogue,MELORAE,81,,MELORAE: The heat from this star system’s sun is more bearable below the surface.,ΜΕΛΟΡΕ: Η ζέστη από τον ήλιο αυτού του αστρικού συστήματος είναι πιο υποφερτή κάτω από την επιφάνεια.
dialogue:104,dialogue,MELORAE,272,TAGS,"MELORAE: When our <color=orange>escape pod</color> punctured this planet’s surface, it broke into what scans show is a cave system with much cooler air. I <i>would</i> recommend we seek a site down there to build a long-term shelter, Annona, but these passages are a maze!","ΜΕΛΟΡΕ: Όταν η <color=orange>κάψουλα διαφυγής</color> μας διαπέρασε την επιφάνεια αυτού του πλανήτη, άνοιξε δρόμο σε αυτό που οι σαρώσεις δείχνουν ότι είναι ένα σύστημα σπηλαίων με πολύ πιο δροσερό αέρα. <i>Θα</i> πρότεινα να αναζητήσουμε εκεί κάτω μια θέση για μόνιμο καταφύγιο, Ανόνα, αλλά αυτές οι δίοδοι είναι λαβύρινθος!"
dialogue:105,dialogue,ANNONA,222,,"ANNONA: Even with this danger, they are still our best chance for survival. We’ll form teams and descend into the caves to look for a shelter site. We can mark our findings on the walls to avoid becoming irreversibly lost.","ΑΝΟΝΑ: Ακόμη και με αυτόν τον κίνδυνο, παραμένουν η καλύτερη ελπίδα επιβίωσής μας. Θα σχηματίσουμε ομάδες και θα κατέβουμε στα σπήλαια για να βρούμε έναν χώρο καταφυγίου. Μπορούμε να σημειώνουμε τα ευρήματά μας στους τοίχους, ώστε να μη χαθούμε ανεπιστρεπτί."
dialogue:106,dialogue,ANNONA,30,,"ANNONA: Be cautious, everyone.","ΑΝΟΝΑ: Να προσέχετε, όλοι σας."
dialogue:107,dialogue,RHUS,80,,RHUS: And be aware of the sand as you search. It appears to be rising gradually.,ΡΟΥΣ: Και προσέχετε την άμμο καθώς ψάχνετε. Φαίνεται να ανεβαίνει σταδιακά.
dialogue:108,dialogue,COLEUS,102,,"COLEUS: The path to the shelter site is somewhat convoluted, so follow the instructions ahead closely!","ΚΟΛΕΟΥΣ: Ο δρόμος προς τον χώρο καταφυγίου είναι κάπως περίπλοκος, γι’ αυτό ακολουθήστε πιστά τις οδηγίες που ακολουθούν!"
dialogue:109,dialogue,COLEUS,208,,"COLEUS: To reach the shelter site, walk forward until you meet the sandfall at the pit, then turn left. Continue to the room filled with rock column formations and climb upward through the opening above them.","ΚΟΛΕΟΥΣ: Για να φτάσετε στον χώρο καταφυγίου, προχωρήστε ευθεία μέχρι να συναντήσετε τον καταρράκτη άμμου στον λάκκο, και μετά στρίψτε αριστερά. Συνεχίστε ως την αίθουσα με τους βραχώδεις κίονες και σκαρφαλώστε προς τα πάνω, μέσα από το άνοιγμα από πάνω τους."
dialogue:110,dialogue,COLEUS,67,,"COLEUS: The sand here is rising, so you must be cautious but swift.","ΚΟΛΕΟΥΣ: Η άμμος εδώ ανεβαίνει, οπότε πρέπει να είστε προσεκτικοί αλλά γρήγοροι."
dialogue:111,dialogue,COLEUS,116,,"COLEUS: Be cautious crossing the chasm ahead. The bridge Melorae and I crafted will do its job, but it isn’t strong.","ΚΟΛΕΟΥΣ: Προσοχή καθώς διασχίζετε το χάσμα μπροστά. Η γέφυρα που φτιάξαμε η Μελόρε κι εγώ θα κάνει τη δουλειά της, αλλά δεν είναι γερή."
dialogue:112,dialogue,COLEUS,127,,"COLEUS: Once on the far side, look for the tunnel hidden behind the falling sand. Follow it, and you’ll reach the shelter site.","ΚΟΛΕΟΥΣ: Μόλις φτάσετε στην απέναντι πλευρά, ψάξτε για τη σήραγγα που κρύβεται πίσω από την άμμο που πέφτει. Ακολουθήστε την και θα φτάσετε στον χώρο καταφυγίου."
dialogue:113,dialogue,COLEUS,155,,"COLEUS: You’re doing well! There’s only a little farther left to go now until you reach the shelter site. You can rest there. Hurry, before the sand comes!","ΚΟΛΕΟΥΣ: Τα πάτε καλά! Μένει μόνο λίγος δρόμος ακόμη μέχρι τον χώρο καταφυγίου. Εκεί θα μπορέσετε να ξεκουραστείτε. Βιαστείτε, πριν έρθει η άμμος!"
dialogue:114,dialogue,MELORAE,149,,"MELORAE: Do not follow this tunnel to its end! (Coleus and I will examine the horror that lies at its terminus later, provided we live through this.)","ΜΕΛΟΡΕ: Μην ακολουθήσετε αυτή τη σήραγγα ως το τέλος της! (Ο Κόλεους κι εγώ θα εξετάσουμε αργότερα τη φρίκη που βρίσκεται στην άκρη της, αν βέβαια επιζήσουμε.)"
dialogue:115,dialogue,ANNONA,239,TAGS,"ANNONA: Of note: This passage leads to breathable air. Refill your supply tank there (we cannot tell how far or deep these tunnels may wind), but do not linger, as the area is exposed to the heat of this alien <color=lightblue>sun</color>.","ΑΝΟΝΑ: Σημείωση: Αυτή η δίοδος οδηγεί σε αναπνεύσιμο αέρα. Ξαναγεμίστε εκεί τη δεξαμενή σας (δεν μπορούμε να ξέρουμε πόσο μακριά ή πόσο βαθιά ελίσσονται αυτές οι σήραγγες), αλλά μην καθυστερείτε, καθώς η περιοχή είναι εκτεθειμένη στη ζέστη αυτού του ξένου <color=lightblue>ήλιου</color>."
dialogue:116,dialogue,ANNONA,55,,ANNONA: Refill your air supply tank and return quickly.,ΑΝΟΝΑ: Ξαναγεμίστε τη δεξαμενή αέρα σας και επιστρέψτε γρήγορα.
dialogue:117,dialogue,RHUS,94,,"RHUS: Keep moving, friends: There is nothing of interest at the end of this passage but rocks.","ΡΟΥΣ: Συνεχίστε, φίλοι μου: στο τέλος αυτής της διόδου δεν υπάρχει τίποτα ενδιαφέρον πέρα από πέτρες."
dialogue:118,dialogue,RHUS,84,,"RHUS: And while these rocks are interesting, they can wait until a less urgent time.","ΡΟΥΣ: Και παρόλο που αυτές οι πέτρες είναι ενδιαφέρουσες, μπορούν να περιμένουν για μια λιγότερο επείγουσα στιγμή."
dialogue:119,dialogue,SOLANUM,33,,"SOLANUM: The sands go to and fro,","ΣΟΛΑΝΟΥΜ: Η άμμος πάει κι έρχεται,"
dialogue:120,dialogue,SOLANUM,36,,SOLANUM: Reversing their swift flow.,ΣΟΛΑΝΟΥΜ: κι η ροή της αντιστρέφεται.
dialogue:121,dialogue,SOLANUM,25,,SOLANUM: If you’re inside,ΣΟΛΑΝΟΥΜ: Κι αν βρεθείς μέσα
dialogue:122,dialogue,SOLANUM,29,,"SOLANUM: When turns the tide,","ΣΟΛΑΝΟΥΜ: τη στιγμή που αλλάζει,"
dialogue:123,dialogue,SOLANUM,36,,SOLANUM: Then skyward you should go.,ΣΟΛΑΝΟΥΜ: ψηλά ο δρόμος σου χαράζει!
dialogue:124,dialogue,SOLANUM,38,,SOLANUM: Who was it when we last quit:,ΣΟΛΑΝΟΥΜ: Ποιος ήταν όταν σταματήσαμε την τελευταία φορά:
dialogue:125,dialogue,SOLANUM,11,,SOLANUM: Me,ΣΟΛΑΝΟΥΜ: Εγώ
dialogue:126,dialogue,LAEVI,9,,LAEVI: Me,ΛΕΒΙ: Εγώ
dialogue:127,dialogue,ILEX,11,,ILEX: I was,ΙΛΕΞ: Εγώ ήμουν
dialogue:128,dialogue,ILEX,14,,ILEX: Me again,ΙΛΕΞ: Πάλι εγώ
dialogue:129,dialogue,LAMI,9,,LAMI: Me!,ΛΑΜΙ: Εγώ!
dialogue:130,dialogue,SOLANUM,11,,SOLANUM: Me,ΣΟΛΑΝΟΥΜ: Εγώ
dialogue:131,dialogue,SOLANUM,11,,SOLANUM: Me,ΣΟΛΑΝΟΥΜ: Εγώ
dialogue:132,dialogue,LAMI,8,,LAMI: Me,ΛΑΜΙ: Εγώ
dialogue:133,dialogue,TAGET,16,,TAGET: It was me,ΤΑΓΚΕΤ: Εγώ ήμουν
dialogue:134,dialogue,SOLANUM,11,,SOLANUM: Me,ΣΟΛΑΝΟΥΜ: Εγώ
dialogue:135,dialogue,ILEX,11,,ILEX: I was,ΙΛΕΞ: Εγώ ήμουν
dialogue:136,dialogue,TAGET,15,,TAGET: Me again,ΤΑΓΚΕΤ: Πάλι εγώ
dialogue:137,dialogue,LAEVI,9,,LAEVI: Me,ΛΕΒΙ: Εγώ
dialogue:138,dialogue,PYE,242,TAGS,"PYE: I’m receiving much stronger energy readings now that we’re beneath the crust. Whatever it is must lie somewhere below, closer to the <color=lightblue>comet</color>’s center. And I’m starting to think it’s more dangerous than we realized.","ΠΑΪ: Λαμβάνω πολύ ισχυρότερες ενδείξεις ενέργειας τώρα που βρισκόμαστε κάτω από τον φλοιό. Ό,τι κι αν είναι, πρέπει να βρίσκεται κάπου πιο κάτω, πιο κοντά στο κέντρο του <color=lightblue>κομήτη</color>. Και αρχίζω να πιστεύω ότι είναι πιο επικίνδυνο απ’ ό,τι καταλάβαμε."
dialogue:139,dialogue,PYE,28,,"PYE: Clary, can you hear us?","ΠΑΪ: Κλάρυ, μας ακούς;"
dialogue:140,dialogue,CLARY,109,,"CLARY: Yes, but your voices are faint. I fear we will lose communication entirely if you continue any deeper.","ΚΛΑΡΥ: Ναι, αλλά οι φωνές σας είναι αδύναμες. Φοβάμαι πως θα χάσουμε τελείως την επικοινωνία αν συνεχίσετε βαθύτερα."
dialogue:141,dialogue,POKE,135,TAGS,"POKE: Keep the <color=orange>shuttle</color> warm for us, Clary. We’ll return the moment we identify the source of the energy readings!","ΠΟΟΥΚ: Κράτα την <color=orange>άκατο</color> ζεστή για μας, Κλάρυ. Θα γυρίσουμε μόλις εντοπίσουμε την πηγή των ενδείξεων ενέργειας!"
dialogue:142,dialogue,CLARY,53,,"CLARY: I understand, but... Be cautious, both of you.","ΚΛΑΡΥ: Καταλαβαίνω, αλλά... Να προσέχετε, και οι δύο."
dialogue:143,dialogue,POKE,179,,"POKE: The spherical stone casing here seems to be the source of the energy readings... No, rather, the source is what’s within the stone. I’m detecting some form of exotic matter.","ΠΟΟΥΚ: Το σφαιρικό πέτρινο περίβλημα εδώ φαίνεται να είναι η πηγή των ενδείξεων ενέργειας... Όχι, μάλλον η πηγή είναι αυτό που βρίσκεται μέσα στην πέτρα. Ανιχνεύω κάποια μορφή εξωτικής ύλης."
dialogue:144,dialogue,PYE,106,TAGS,"PYE: The stone is <i>muting</i> our energy readings; they should be ten times what we’re seeing, at least.",ΠΑΪ: Η πέτρα <i>αποσιωπά</i> τις ενδείξεις ενέργειας· θα έπρεπε να είναι τουλάχιστον δεκαπλάσιες από αυτές που βλέπουμε.
dialogue:145,dialogue,POKE,143,,"POKE: Pye, I don’t think we want this matter interacting with us. As far as I can tell, direct contact with it would almost certainly be fatal.","ΠΟΟΥΚ: Πάι, δεν νομίζω ότι θέλουμε αυτή η ύλη να αλληλεπιδράσει μαζί μας. Απ’ ό,τι μπορώ να πω, η άμεση επαφή μαζί της θα ήταν σχεδόν σίγουρα θανατηφόρα."
dialogue:146,dialogue,PYE,159,,"PYE: I’ve never encountered anything like this casing, but it’s all that’s protecting us from what’s inside. Worse still, this matter is disturbingly volatile.","ΠΑΪ: Δεν έχω συναντήσει ποτέ κάτι σαν αυτό το περίβλημα, αλλά είναι το μόνο που μας προστατεύει από ό,τι βρίσκεται μέσα. Χειρότερα ακόμη, αυτή η ύλη είναι ανησυχητικά ασταθής."
dialogue:147,dialogue,POKE,245,TAGS,"POKE: ...Pye. Whatever the matter inside this stone casing is, it’s more than just profoundly unstable; it’s under tonnes of pressure. Look at this density scan. I’ve never seen <i>anything</i> this tightly compacted before! What <i>is</i> this?","ΠΟΟΥΚ: ...Πάι. Ό,τι κι αν είναι η ύλη μέσα σε αυτό το πέτρινο περίβλημα, δεν είναι απλώς βαθύτατα ασταθής· βρίσκεται υπό πίεση τόνων. Κοίτα αυτή τη σάρωση πυκνότητας. Δεν έχω δει ποτέ <i>τίποτα</i> τόσο σφιχτά συμπιεσμένο! Τι <i>είναι</i> αυτό;"
dialogue:148,dialogue,PYE,302,TAGS,"PYE: This is orders of magnitude worse than I’d imagined. If this stone were to rupture, the lethal matter within would rapidly expand, completely blanketing this star system almost instantaneously. And the pressure is still building as the <color=lightblue>comet</color> approaches this star system...","ΠΑΪ: Αυτό είναι τάξεις μεγέθους χειρότερο απ’ ό,τι φανταζόμουν. Αν αυτή η πέτρα έσπαγε, η θανατηφόρα ύλη μέσα της θα διαστελλόταν ραγδαία και θα σκέπαζε ολόκληρο αυτό το αστρικό σύστημα σχεδόν ακαριαία. Και η πίεση συνεχίζει να αυξάνεται καθώς ο <color=lightblue>κομήτης</color> πλησιάζει σε αυτό το αστρικό σύστημα..."
dialogue:149,dialogue,PYE,133,,"PYE: Return to the shuttle, right now! The rest of our friends need to know they’re in terrible danger. Leave your equipment and run!","ΠΑΪ: Επίστρεψε στην άκατο, αμέσως τώρα! Οι υπόλοιποι φίλοι μας πρέπει να μάθουν ότι βρίσκονται σε τρομερό κίνδυνο. Άφησε τον εξοπλισμό σου και τρέξε!"
dialogue:150,dialogue,POKE,31,,"POKE: What are you doing, Pye?!","ΠΟΟΥΚ: Τι κάνεις, Πάι;!"
dialogue:151,dialogue,PYE,196,TAGS,"PYE: The more we know about this alien matter, the better our chances of survival. I will learn what I can here. Go, warn the others; maybe they can construct shelter somehow. ...<i>Now</i>, Poke!","ΠΑΪ: Όσο περισσότερα ξέρουμε για αυτή την ξένη ύλη, τόσο καλύτερες οι πιθανότητες επιβίωσής μας. Θα μάθω ό,τι μπορώ εδώ. Πήγαινε, προειδοποίησε τους άλλους· ίσως μπορέσουν να φτιάξουν κάπως ένα καταφύγιο. ...<i>Τώρα</i>, Πόουκ!"
dialogue:152,dialogue,CLARY,40,,CLARY: I fear our situation may be dire:,ΚΛΑΡΥ: Φοβάμαι πως η κατάστασή μας μπορεί να είναι κρίσιμη:
dialogue:153,dialogue,CLARY,241,TAGS,"CLARY: Pye, Poke, and I landed here on this <color=lightblue>comet</color> not long after its arrival in this star system. Our <color=orange>shuttle</color>’s equipment heard strange energy readings coming from somewhere beneath the surface.","ΚΛΑΡΥ: Η Πάι, η Πόουκ κι εγώ προσγειωθήκαμε εδώ, σε αυτόν τον <color=lightblue>κομήτη</color>, λίγο μετά την άφιξή του σε αυτό το αστρικό σύστημα. Ο εξοπλισμός της <color=orange>ακάτου</color> μας άκουσε παράξενες ενδείξεις ενέργειας να έρχονται από κάπου κάτω από την επιφάνεια."
dialogue:154,dialogue,CLARY,183,TAGS,"CLARY: Pye and Poke were able to locate a fissure in the ice on the <color=lightblue>comet</color>’s sunward side, and they descended inside to investigate the source of the readings.","ΚΛΑΡΥ: Η Πάι και η Πόουκ κατάφεραν να εντοπίσουν ένα ρήγμα στον πάγο, στην πλευρά του <color=lightblue>κομήτη</color> που βλέπει προς τον ήλιο, και κατέβηκαν μέσα για να ερευνήσουν την πηγή των ενδείξεων."
dialogue:155,dialogue,CLARY,137,,"CLARY: But... Pye and my sister have been gone for a long time now. They haven’t contacted me since descending below the surface, either.",ΚΛΑΡΥ: Αλλά... η Πάι και η αδερφή μου λείπουν πολλή ώρα τώρα. Ούτε επικοινώνησαν μαζί μου από τότε που κατέβηκαν κάτω από την επιφάνεια.
dialogue:156,dialogue,CLARY,153,TAGS,"CLARY: Should I leave the <color=orange>shuttle</color> to look for them? I want to follow protocol, but I don’t know what I’ll do if they aren’t well...","ΚΛΑΡΥ: Να αφήσω την <color=orange>άκατο</color> για να πάω να τις ψάξω; Θέλω να ακολουθήσω το πρωτόκολλο, αλλά δεν ξέρω τι θα κάνω αν δεν είναι καλά..."
dialogue:157,dialogue,CLARY,57,,"CLARY: Poke... Pye... Come back to me safely, my friends.","ΚΛΑΡΥ: Πόουκ... Πάι... Γυρίστε μου πίσω σώες, φίλες μου."
dialogue:158,dialogue,CLARY,223,TAGS,"CLARY: This is troublesome: It seems the <color=lightblue>comet</color> wishes to submerge our <color=orange>shuttle</color> in ice. If we stay on the surface too long, the <color=orange>shuttle</color> may freeze entirely.","ΚΛΑΡΥ: Αυτό είναι ανησυχητικό: φαίνεται ότι ο <color=lightblue>κομήτης</color> θέλει να βυθίσει την <color=orange>άκατό</color> μας στον πάγο. Αν μείνουμε πολλή ώρα στην επιφάνεια, η <color=orange>άκατος</color> μπορεί να παγώσει εντελώς."
dialogue:159,dialogue,POKE,140,TAGS,"POKE: Even if it did, couldn’t someone call it back home to the <color=orange>gravity cannon</color> on <color=lightblue>Ember Twin</color>?","ΠΟΟΥΚ: Ακόμη κι αν συνέβαινε, δεν θα μπορούσε κάποιος να την ανακαλέσει πίσω στο <color=orange>κανόνι βαρύτητας</color> στον <color=lightblue>Δίδυμο της Χόβολης</color>;"
dialogue:160,dialogue,PYE,262,TAGS,"PYE: Yes, but the exploration of the <color=lightblue>comet</color> would be more difficult if we were without the <color=orange>shuttle</color> until someone recalled it. Perhaps we shouldn’t have landed on the dark side of the <color=lightblue>comet</color>...","ΠΑΪ: Ναι, αλλά η εξερεύνηση του <color=lightblue>κομήτη</color> θα ήταν πιο δύσκολη αν μέναμε χωρίς την <color=orange>άκατο</color> μέχρι να την ανακαλέσει κάποιος. Ίσως δεν έπρεπε να προσγειωθούμε στη σκοτεινή πλευρά του <color=lightblue>κομήτη</color>..."
dialogue:161,dialogue,CLARY,123,TAGS,CLARY: Suppose one of us remained in the <color=orange>shuttle</color> to keep it warm and continue monitoring the surface.,ΚΛΑΡΥ: Ας υποθέσουμε ότι ένας από εμάς έμενε στην <color=orange>άκατο</color> για να την κρατά ζεστή και να συνεχίζει να παρακολουθεί την επιφάνεια.
dialogue:162,dialogue,PYE,132,,"PYE: This would be wise, I think, Clary. If you don’t mind waiting here with it, Poke and I can continue to investigate the surface.","ΠΑΪ: Αυτό θα ήταν σοφό, νομίζω, Κλάρυ. Αν δεν σε πειράζει να περιμένεις εδώ μαζί της, η Πόουκ κι εγώ μπορούμε να συνεχίσουμε να ερευνούμε την επιφάνεια."
dialogue:163,dialogue,,36,TAGS,<color=orange>Mining site 2b</color>,<color=orange>Σημείο εξόρυξης 2b</color>
dialogue:164,dialogue,,45,TAGS,ALIGNMENT 1: the <color=lightblue>sun</color>,ΕΥΘΥΓΡΑΜΜΙΣΗ 1: ο <color=lightblue>ήλιος</color>
dialogue:165,dialogue,,57,TAGS,ALIGNMENT 2: the <color=lightblue>Hourglass Twins</color>,ΕΥΘΥΓΡΑΜΜΙΣΗ 2: οι <color=lightblue>Δίδυμοι της Κλεψύδρας</color>
dialogue:166,dialogue,,51,TAGS,ALIGNMENT 3: <color=lightblue>Timber Hearth</color>,ΕΥΘΥΓΡΑΜΜΙΣΗ 3: <color=lightblue>Τίμπερ Χαρθ</color>
dialogue:167,dialogue,,52,TAGS,ALIGNMENT 4: <color=lightblue>Brittle Hollow</color>,ΕΥΘΥΓΡΑΜΜΙΣΗ 4: <color=lightblue>Μπριτλ Χόλοου</color>
dialogue:168,dialogue,,50,TAGS,ALIGNMENT 5: <color=lightblue>Giant's Deep</color>,ΕΥΘΥΓΡΑΜΜΙΣΗ 5: <color=lightblue>Τζάιαντς Ντιπ</color>
dialogue:169,dialogue,,4,,Self,Ο Εαυτός
dialogue:170,dialogue,,8,,...Whoa.,...Πω πω.
dialogue:171,dialogue,,23,,What the heck happened?,Τι στην ευχή συνέβη;
dialogue:172,dialogue,,36,,This is the greatest day of my life!,Αυτή είναι η καλύτερη μέρα της ζωής μου!
dialogue:173,dialogue,,30,,Are you me from the last loop?,Είσαι εγώ από τον προηγούμενο βρόχο;
dialogue:174,dialogue,,26,,This got weird in a hurry.,Πολύ γρήγορα έγινε πολύ περίεργο.
dialogue:175,dialogue,,15,,AAAAAAAAAAHHHH!,ΑΑΑΑΑΑΑΑΑΑΧΧΧ!
dialogue:176,dialogue,,46,,"If you're me, then I'm as confused as you are.","Αν είσαι εγώ, τότε είμαι κι εγώ το ίδιο μπερδεμένος με σένα."
dialogue:177,dialogue,,39,,Do you think we have the same memories?,Λες να έχουμε τις ίδιες αναμνήσεις;
dialogue:178,dialogue,,41,,Do you think it's okay there's two of us?,Λες να είναι εντάξει που είμαστε δύο;
dialogue:179,dialogue,,27,,Good question. Let's see...,Καλή ερώτηση. Για να δούμε...
dialogue:180,dialogue,,109,,"I remember all the time loops, including last loop when I jumped into the black hole in here. What about you?","Θυμάμαι όλους τους χρονικούς βρόχους, μαζί και τον προηγούμενο, τότε που πήδηξα μέσα στη μαύρη τρύπα εδώ πέρα. Εσύ;"
dialogue:181,dialogue,,68,,"Me, too. Sounds like our memories diverge at the start of this loop.",Κι εγώ το ίδιο. Άρα οι αναμνήσεις μας χωρίζουν στην αρχή αυτού του βρόχου.
dialogue:182,dialogue,,52,,"Same, except I woke up at the campfire, like always.","Το ίδιο, μόνο που εγώ ξύπνησα στη φωτιά, όπως πάντα."
dialogue:183,dialogue,,82,,It makes sense one of the two versions of us would start at the campfire as usual.,Βγάζει νόημα ότι η μία από τις δύο εκδοχές μας θα ξεκινούσε στη φωτιά ως συνήθως.
dialogue:184,dialogue,,95,,"Makes sense to me, seeing how jumping into the black hole is definitely what created two of us.","Βγάζει νόημα και για μένα, μιας και σίγουρα το πήδημα στη μαύρη τρύπα είναι που μας έκανε δύο."
dialogue:185,dialogue,,120,TAGS,"Sure, two of us is great and all, but is it the <i>greatest</i>? What about the day we, you know... what about that one?","Εντάξει, το να είμαστε δύο είναι τέλειο, αλλά είναι και το <i>καλύτερο</i>; Τι λες για εκείνη τη μέρα που, ξέρεις... εκείνη εκεί;"
dialogue:186,dialogue,,35,,Are you talking about the day I...?,Εννοείς τη μέρα που...;
dialogue:187,dialogue,,50,,"Oh, right. That one's probably still the greatest.","Α, ναι. Εκείνη μάλλον παραμένει η καλύτερη."
dialogue:188,dialogue,,53,TAGS,"What? No! No, I'm talking about the <i>other</i> one.","Τι; Όχι! Όχι, μιλάω για την <i>άλλη</i>."
dialogue:189,dialogue,,35,,"OH. Yep, that makes way more sense.","ΑΑΑ. Ναι, έτσι βγάζει πολύ περισσότερο νόημα."
dialogue:190,dialogue,,92,,"Haha, I know, right? But today is probably the next greatest day of our life after that one.","Χαχα, ε; Αλλά η σημερινή είναι μάλλον η δεύτερη καλύτερη μέρα της ζωής μας μετά από εκείνη."
dialogue:191,dialogue,,27,,"Wait, can you read my mind?","Στάσου, μπορείς να διαβάσεις τη σκέψη μου;"
dialogue:192,dialogue,,32,,What other memories do you have?,Τι άλλες αναμνήσεις έχεις;
dialogue:193,dialogue,,34,,Think it's okay there's two of us?,Λες να είναι εντάξει που είμαστε δύο;
dialogue:194,dialogue,,85,,"Definitely no. I just have the same memories as you. ...Except for this loop, I mean.","Σίγουρα όχι. Απλώς έχω τις ίδιες αναμνήσεις με σένα. ...Εκτός από αυτόν τον βρόχο, εννοείται."
dialogue:195,dialogue,,143,,"I started this loop by popping out of a white hole inside the Ash Twin Project, since in the loop before this one I jumped into the black hole.","Ξεκίνησα αυτόν τον βρόχο πετάγοντας μέσα από μια λευκή τρύπα στο Πρότζεκτ του Διδύμου της Στάχτης, αφού στον προηγούμενο βρόχο πήδηξα μέσα στη μαύρη τρύπα."
dialogue:196,dialogue,,52,,"Yeah, now you've got it. That was an incredible day.","Ναι, τώρα το έπιασες. Ήταν απίστευτη μέρα."
dialogue:197,dialogue,,71,,But today is probably the next greatest day of our life after that one.,Αλλά η σημερινή είναι μάλλον η δεύτερη καλύτερη μέρα της ζωής μας μετά από εκείνη.
dialogue:198,dialogue,,27,,"Wait, can you read my mind?","Στάσου, μπορείς να διαβάσεις τη σκέψη μου;"
dialogue:199,dialogue,,32,,What other memories do you have?,Τι άλλες αναμνήσεις έχεις;
dialogue:200,dialogue,,34,,Think it's okay there's two of us?,Λες να είναι εντάξει που είμαστε δύο;
dialogue:201,dialogue,,134,,"Let's see... We should have all the same memories before the whole ""going into space and becoming aware of the alien time loop"" thing.",Για να δούμε... Θα έπρεπε να έχουμε ακριβώς τις ίδιες αναμνήσεις μέχρι το όλο «βγαίνω στο διάστημα και συνειδητοποιώ τον εξωγήινο χρονικό βρόχο».
dialogue:202,dialogue,,99,,I think so. I started this current loop by popping out of a white hole inside the Ash Twin Project.,Έτσι νομίζω. Ξεκίνησα τον τωρινό βρόχο πετάγοντας μέσα από μια λευκή τρύπα στο Πρότζεκτ του Διδύμου της Στάχτης.
dialogue:203,dialogue,,37,,I started at the campfire like usual.,"Εγώ ξεκίνησα στη φωτιά, ως συνήθως."
dialogue:204,dialogue,,43,,What do you remember from before this loop?,Τι θυμάσαι από πριν από αυτόν τον βρόχο;
dialogue:205,dialogue,,112,,"Yeah, duplicating living beings probably wasn't what the Nomai had in mind when they built the Ash Twin Project.","Ναι, η αναπαραγωγή ζωντανών όντων μάλλον δεν ήταν αυτό που είχαν στο μυαλό τους οι Νομάι όταν έφτιαξαν το Πρότζεκτ του Διδύμου της Στάχτης."
dialogue:206,dialogue,,38,,I wonder if we have the same memories.,Αναρωτιέμαι αν έχουμε τις ίδιες αναμνήσεις.
dialogue:207,dialogue,,53,,I wonder if there being two of us screws anything up.,Αναρωτιέμαι μήπως το ότι είμαστε δύο χαλάει κάτι.
dialogue:208,dialogue,,61,,"Well, we're talking to each other and nothing's exploded yet.","Ε, μιλάμε μεταξύ μας και δεν έχει σκάσει τίποτα ακόμη."
dialogue:209,dialogue,,37,,"Yeah, it's a pretty novel experience.","Ναι, είναι αρκετά πρωτότυπη εμπειρία."
dialogue:210,dialogue,,52,,Gossan always says that means the date's going well.,Ο Γκόσαν λέει πάντα ότι αυτό σημαίνει πως το ραντεβού πάει καλά.
dialogue:211,dialogue,,42,,Maybe the universe doesn't mind two of us.,Ίσως το σύμπαν να μην έχει πρόβλημα που είμαστε δύο.
dialogue:212,dialogue,,61,,"Well, we're talking to each other and nothing's exploded yet.","Ε, μιλάμε μεταξύ μας και δεν έχει σκάσει τίποτα ακόμη."
dialogue:213,dialogue,,20,,That seems positive.,Αυτό ακούγεται θετικό.
dialogue:214,dialogue,,37,,"Yeah, it's a pretty novel experience.","Ναι, είναι αρκετά πρωτότυπη εμπειρία."
dialogue:215,dialogue,,52,,Gossan always says that means the date's going well.,Ο Γκόσαν λέει πάντα ότι αυτό σημαίνει πως το ραντεβού πάει καλά.
dialogue:216,dialogue,,93,,"Yeah, but it's Slate's definition of a boring date. Makes sense Gossan and Slate never dated.","Ναι, αλλά αυτός είναι ο ορισμός του βαρετού ραντεβού κατά τον Σλέιτ. Βγάζει νόημα που ο Γκόσαν και ο Σλέιτ δεν τα έφτιαξαν ποτέ."
dialogue:217,dialogue,,44,,That and the whole mishap with Gossan's eye.,"Αυτό, και το όλο ατύχημα με το μάτι του Γκόσαν."
dialogue:218,dialogue,,25,,Right? It's kind of nice!,Ε; Είναι κάπως ωραίο!
dialogue:219,dialogue,,122,,"Hopefully not. Besides, an extra version of us is definitely better than if we'd created an extra anglerfish or something.","Ελπίζω όχι. Άλλωστε, μια έξτρα εκδοχή μας είναι σίγουρα καλύτερη από το να είχαμε φτιάξει ένα έξτρα βατραχόψαρο ή κάτι τέτοιο."
dialogue:220,dialogue,,4,,GEH.,ΜΠΛΙΑΧ.
dialogue:221,dialogue,,34,,That's setting the bar pretty low.,Χαμηλά βάζεις τον πήχη.
dialogue:222,dialogue,,44,,Agreed. We're charming and have fewer teeth.,Συμφωνώ. Είμαστε γοητευτικοί και έχουμε λιγότερα δόντια.
dialogue:223,dialogue,,24,,Oof. Yes. The eye thing.,Ωχ. Ναι. Η ιστορία με το μάτι.
dialogue:224,dialogue,,21,,"Yeah, that's... yeah.","Ναι, αυτό είναι... ναι."
dialogue:225,dialogue,,4,,Yep.,Ακριβώς.
dialogue:226,dialogue,,8,,Sure is.,Και βέβαια είναι.
dialogue:227,dialogue,,40,,I very much do not want to discuss that.,Δεν θέλω με τίποτα να το συζητήσω αυτό.
dialogue:228,dialogue,,20,,My thoughts exactly.,Ακριβώς αυτό σκεφτόμουν.
dialogue:229,dialogue,,74,,"That's not just setting the bar low, that's setting it at tripping height.",Αυτό δεν είναι απλώς χαμηλά· αυτό είναι να τον βάζεις σε ύψος που σκοντάφτεις.
dialogue:230,dialogue,,35,,That probably counts for something.,Κάτι είναι κι αυτό.
dialogue:231,dialogue,,7,,Uh huh.,Μμχμ.
dialogue:232,dialogue,,22,,Nor do I. Hasty segue?,Ούτε εγώ. Βιαστική αλλαγή θέματος;
dialogue:233,dialogue,,12,,Hasty segue.,Βιαστική αλλαγή θέματος.
dialogue:234,dialogue,,138,TAGS,"Quickly changing the subject, you know how I - er, <i>we</i> - jumped into the black hole that opened up at the end of the last time loop?","Αλλάζοντας γρήγορα θέμα: ξέρεις που πήδηξα — ε, <i>πηδήξαμε</i> — μέσα στη μαύρη τρύπα που άνοιξε στο τέλος του προηγούμενου βρόχου;"
dialogue:235,dialogue,,62,,What do you think would happen if you don't jump in this time?,Τι λες να γίνει αν δεν πηδήξεις μέσα αυτή τη φορά;
dialogue:236,dialogue,,28,,Huh. That's a good question.,Χμ. Καλή ερώτηση.
dialogue:237,dialogue,,41,,"If I don't, then where did you come from?","Αν δεν πηδήξω, τότε εσύ από πού ήρθες;"
dialogue:238,dialogue,,21,,Guess we'll find out!,Θα το μάθουμε!
dialogue:239,dialogue,,102,,"So hey, what do you think happens if you don't jump into the black hole again at the end of this loop?","Έλα ντε, τι λες να γίνει αν δεν ξαναπηδήξεις μέσα στη μαύρη τρύπα στο τέλος αυτού του βρόχου;"
dialogue:240,dialogue,,28,,Huh. That's a good question.,Χμ. Καλή ερώτηση.
dialogue:241,dialogue,,41,,"If I don't, then where did you come from?","Αν δεν πηδήξω, τότε εσύ από πού ήρθες;"
dialogue:242,dialogue,,21,,Guess we'll find out!,Θα το μάθουμε!
dialogue:243,dialogue,,153,,"I think so, at least. Although here's a question for you — what do you think happens if you don't jump into the black hole again at the end of this loop?","Έτσι νομίζω, τουλάχιστον. Αν και να μια ερώτηση για σένα — τι λες να γίνει αν δεν ξαναπηδήξεις μέσα στη μαύρη τρύπα στο τέλος αυτού του βρόχου;"
dialogue:244,dialogue,,28,,Huh. That's a good question.,Χμ. Καλή ερώτηση.
dialogue:245,dialogue,,41,,"If I don't, then where did you come from?","Αν δεν πηδήξω, τότε εσύ από πού ήρθες;"
dialogue:246,dialogue,,21,,Guess we'll find out!,Θα το μάθουμε!
dialogue:247,dialogue,,99,,"Hey, what do you think happens if you don't jump into the black hole again at the end of this loop?","Έλα, τι λες να γίνει αν δεν ξαναπηδήξεις μέσα στη μαύρη τρύπα στο τέλος αυτού του βρόχου;"
dialogue:248,dialogue,,28,,Huh. That's a good question.,Χμ. Καλή ερώτηση.
dialogue:249,dialogue,,41,,"If I don't, then where did you come from?","Αν δεν πηδήξω, τότε εσύ από πού ήρθες;"
dialogue:250,dialogue,,21,,Guess we'll find out!,Θα το μάθουμε!
dialogue:251,dialogue,,96,,It's something I've been wondering about. We're in thoroughly uncharted territory at this point.,Είναι κάτι που το σκέφτομαι. Βρισκόμαστε σε εντελώς αχαρτογράφητα νερά σε αυτό το σημείο.
dialogue:252,dialogue,,57,,Unlike all the other time manipulation we've experienced.,Σε αντίθεση με όλα τα άλλα χρονικά μαγειρέματα που έχουμε ζήσει.
dialogue:253,dialogue,,47,,"Truly, we are the Feldspar of weird time stuff.","Πράγματι, είμαστε ο Φέλντσπαρ των περίεργων χρονικών φαινομένων."
dialogue:254,dialogue,,20,,That's a good point.,Καλό αυτό.
dialogue:255,dialogue,,112,TAGS,"I mean, I <i>feel</i> as real as ever, so I don't think I'm a figment of your imagination or anything like that.","Δηλαδή, <i>νιώθω</i> τόσο αληθινός όσο πάντα, οπότε δεν νομίζω ότι είμαι πλάσμα της φαντασίας σου ή κάτι τέτοιο."
dialogue:256,dialogue,,55,,That's just what a figment of my imagination would say!,Αυτό ακριβώς θα έλεγε ένα πλάσμα της φαντασίας μου!
dialogue:257,dialogue,,46,,"I'm no expert, but you seem pretty real to me.","Δεν είμαι ειδικός, αλλά εμένα μου φαίνεσαι αρκετά αληθινός."
dialogue:258,dialogue,,11,,I guess so!,Μάλλον ναι!
dialogue:259,dialogue,,147,,"Oh geez, Feldspar would just use the time loop to try increasingly outlandish stunts, wouldn't they. Might be a good thing they aren't aware of it.","Πω πω, ο Φέλντσπαρ θα χρησιμοποιούσε τον χρονικό βρόχο για όλο και πιο τρελά κόλπα, έτσι δεν είναι; Ίσως είναι καλό που δεν το ξέρει."
dialogue:260,dialogue,,75,,"Thanks. You seem real to me, too, so... I guess there's just two of us now!","Ευχαριστώ. Κι εμένα μου φαίνεσαι αληθινός, οπότε... μάλλον είμαστε δύο τώρα!"
dialogue:261,dialogue,,58,TAGS,Are you being sassy? You can't sass me! You <i>are</i> me!,Μου κάνεις και τον έξυπνο; Δεν μπορείς να μου κάνεις τον έξυπνο! <i>Είσαι</i> εγώ!
dialogue:262,dialogue,,49,,"Does kind of prove we're the same person, though.",Πάντως αυτό κάπως αποδεικνύει ότι είμαστε το ίδιο άτομο.
dialogue:263,dialogue,,89,TAGS,"At any rate, it's been good talking to you, me. <Pause/> ...Incredibly strange, but good.","Τέλος πάντων, χάρηκα που τα είπαμε, εγώ. <Pause/> ...Απίστευτα παράξενο, αλλά ωραίο."
dialogue:264,dialogue,,15,,See you around!,Τα λέμε!
dialogue:265,dialogue,,76,TAGS,What have we done?! Jumping into that black hole was a <i>terrible</i> idea!,Τι κάναμε;! Το να πηδήξουμε μέσα σε εκείνη τη μαύρη τρύπα ήταν <i>απαίσια</i> ιδέα!
dialogue:266,dialogue,,17,,"Yes. Yes, it was.","Ναι. Ναι, ήταν."
dialogue:267,dialogue,,35,,I needed to know what would happen.,Έπρεπε να μάθω τι θα γινόταν.
dialogue:268,dialogue,,16,,AAAAAAAAAAAAHHH!,ΑΑΑΑΑΑΑΑΑΑΑΑΧΧΧ!
dialogue:269,dialogue,,24,,"...Okay. Okay, I'm calm.","...Εντάξει. Εντάξει, ηρέμησα."
dialogue:270,dialogue,,16,,AAAAAAAAAAAAHHH!,ΑΑΑΑΑΑΑΑΑΑΑΑΧΧΧ!
dialogue:271,dialogue,,41,,Just needed to get that out of my system.,Απλώς έπρεπε να το βγάλω από μέσα μου.
dialogue:272,dialogue,,19,,AAAAAAAAAAAAAAAHHH!,ΑΑΑΑΑΑΑΑΑΑΑΑΑΑΑΧΧΧ!
dialogue:273,dialogue,,44,,"AAAAAAAAHHHhhhokay, I'm done screaming, too.","ΑΑΑΑΑΑΑΑΧΧχχχεντάξει, τελείωσα κι εγώ με τις κραυγές."
dialogue:274,dialogue,,50,TAGS,AAAAAAAAAAAAAAAHHH! <b>AAAAAAAAAAAAAAAAAAAHHH!</b>,ΑΑΑΑΑΑΑΑΑΑΑΑΑΑΑΧΧΧ! <b>ΑΑΑΑΑΑΑΑΑΑΑΑΑΑΑΑΑΑΑΧΧΧ!</b>
dialogue:275,dialogue,,25,,AAAAAaaaAAAAAaAAaaaaaHHH!,ΑΑΑΑΑαααΑΑΑΑΑαΑΑαααααΧΧΧ!
dialogue:276,dialogue,,25,,WAAAAAAAAAAAUUUUUUUUUUGH!,ΟΥΑΑΑΑΑΑΑΑΑΑΑΟΥΟΥΟΥΟΥΟΥΟΥΟΥΓΚ!
dialogue:277,dialogue,,42,TAGS,AAA<b>AAaaaAA</b>AAAaAAaaa<b>aaAAAHHH</b>!,ΑΑΑ<b>ΑΑαααΑΑ</b>ΑΑΑαΑΑααα<b>ααΑΑΑΧΧΧ</b>!
dialogue:278,dialogue,,31,TAGS,<i>AAAAAAAAAAAAAAAAAUGHHHH!</i>,<i>ΑΑΑΑΑΑΑΑΑΑΑΑΑΑΑΑΑΟΥΓΚΧΧΧΧ!</i>
dialogue:279,dialogue,,24,,AAAAAAaaah... hhh... ha.,ΑΑΑΑΑΑααα... χχχ... χα.
dialogue:280,dialogue,,38,TAGS,<b>WAAAAAAAAAAAAAAAAAUUUUUUUUUUGH!</b>,<b>ΟΥΑΑΑΑΑΑΑΑΑΑΑΑΑΑΑΟΥΟΥΟΥΟΥΟΥΟΥΓΚ!</b>
dialogue:281,dialogue,,30,TAGS,<i>WAAAAAAAAAAAAAAURGLHHH!</i>,<i>ΟΥΑΑΑΑΑΑΑΑΑΑΑΑΑΟΥΡΓΚΛΧΧΧ!</i>
dialogue:282,dialogue,,24,,AAAAAAaaah... hhh... ha.,ΑΑΑΑΑΑααα... χχχ... χα.
dialogue:283,dialogue,,40,TAGS,"AAAAAAAHHHhhh... (pant, pant)<Pause/>...",ΑΑΑΑΑΑΑΧΧΧχχχ... (λαχανιάζει)<Pause/>...
dialogue:284,dialogue,,9,,You good?,Καλά είσαι;
dialogue:285,dialogue,,30,,...AAAAAAH! AAAAAAAAAAAAAHHH!!,...ΑΑΑΑΑΑΧ! ΑΑΑΑΑΑΑΑΑΑΑΑΑΧΧΧ!!
dialogue:286,dialogue,,12,,...I'm good.,...Καλά είμαι.
dialogue:287,dialogue,,55,TAGS,<size=50>AAAAAAAAAAAAAAAAAAAAAAAAAAAAAAHHHHHHH!!</size>,<size=50>ΑΑΑΑΑΑΑΑΑΑΑΑΑΑΑΑΑΑΑΑΑΑΑΑΑΑΑΑΑΑΧΧΧΧΧΧΧ!!</size>
dialogue:288,dialogue,,8,,"Hey, me.","Έλα, εγώ."
dialogue:289,dialogue,,40,,Remember leaving on our first solo trip?,Θυμάσαι που φύγαμε για το πρώτο μας μοναχικό ταξίδι;
dialogue:290,dialogue,,45,,Remember landing our ship on the Sun Station?,Θυμάσαι που προσγειώσαμε το σκάφος στον Ηλιακό Σταθμό;
dialogue:291,dialogue,,143,NL,"Yeah! That feels like ages ago.\\n\\nWe'd have died that first time out if the time loop didn't exist, though. Isn't that weird to think about?",Ναι! Μοιάζει να πέρασαν αιώνες.\\n\\nΠάντως εκείνη την πρώτη φορά θα είχαμε πεθάνει αν δεν υπήρχε ο χρονικός βρόχος. Δεν είναι περίεργο να το σκέφτεσαι;
dialogue:292,dialogue,,39,,Weirder than there being two of us now?,Πιο περίεργο από το ότι τώρα είμαστε δύο;
dialogue:293,dialogue,,43,,We were disasterously unprepared for space.,Ήμασταν καταστροφικά απροετοίμαστοι για το διάστημα.
dialogue:294,dialogue,,32,,Tuff was right - I AM the worst.,Ο Ταφ είχε δίκιο — ΕΙΜΑΙ ο χειρότερος.
dialogue:295,dialogue,,35,,"Wow, I guess I AM pretty sarcastic.","Πω πω, τελικά ΕΙΜΑΙ αρκετά σαρκαστικός."
dialogue:296,dialogue,,102,,It's unsettling to think about. Especially when you remember even Riebeck survived their first launch.,Είναι ανησυχητικό να το σκέφτεσαι. Ειδικά όταν θυμάσαι ότι ακόμη και ο Ρίμπεκ επέζησε από την πρώτη του εκτόξευση.
dialogue:297,dialogue,,115,NL,YES. I can’t believe no one was around to see that.\\n\\nWe’re probably the best pilot in the space program by now.,ΝΑΙ. Δεν το πιστεύω ότι δεν ήταν κανείς εκεί να το δει.\\n\\nΜάλλον είμαστε ο καλύτερος πιλότος του διαστημικού προγράμματος πλέον.
dialogue:298,dialogue,,48,,"Yeah, but we’ve also died more than anyone else.","Ναι, αλλά έχουμε και πεθάνει περισσότερες φορές από οποιονδήποτε άλλο."
dialogue:299,dialogue,,30,,Not that anyone else knows it.,Όχι ότι το ξέρει κανείς άλλος.
dialogue:300,dialogue,,48,,I needed to brag about that to someone a little.,Έπρεπε να το καυχηθώ λιγάκι σε κάποιον.
dialogue:301,dialogue,,65,TAGS,"Did that technically happen, <i>with</i> how the time loop works?","Συνέβη όντως, <i>με</i> τον τρόπο που λειτουργεί ο χρονικός βρόχος;"
dialogue:302,dialogue,,56,,That’s true. <pause> I’m not sure how to factor that in.,Σωστό αυτό. <pause> Δεν είμαι σίγουρος πώς να το υπολογίσω.
dialogue:303,dialogue,,81,,"Still, it’s kind of nice to get to say it out loud. Even if it’s just to ourself.",Πάντως είναι ωραίο να το λες φωναχτά. Ακόμη κι αν το λες μόνο στον εαυτό μας.
dialogue:304,dialogue,,56,,That’s fine. It’s kind of nice to hear it said out loud.,Δεν πειράζει. Είναι ωραίο να το ακούς να λέγεται φωναχτά.
dialogue:305,dialogue,,51,,"What? ...Oh, come on, don’t take that away from us!","Τι; ...Έλα τώρα, μη μας το χαλάς κι αυτό!"
dialogue:306,dialogue,,42,,"Just kidding, I don't care how time works.","Πλάκα κάνω, δεν με νοιάζει πώς λειτουργεί ο χρόνος."
dialogue:307,dialogue,,48,,But given it only happened in a previous loop...,Αλλά δεδομένου ότι έγινε μόνο σε προηγούμενο βρόχο...
dialogue:308,dialogue,,44,,"Haha, yeah, me either. <pause> ...Obviously.","Χαχα, ναι, ούτε εμένα. <pause> ...Προφανώς."
dialogue:309,dialogue,,92,,"The worst part is we’re the same person, and you know I’m going to agree with you. (Sigh...)","Το χειρότερο είναι ότι είμαστε το ίδιο άτομο, και ξέρεις ότι θα συμφωνήσω μαζί σου. (Αναστεναγμός...)"
dialogue:310,dialogue,CLARY,171,TAGS,CLARY: Regarding the warp towers on <color=lightblue>Ash Twin</color>: Does each tower have to be perfectly aligned with the center of the astral body to which it’s tuned?,ΚΛΑΡΥ: Σχετικά με τους πύργους στρέβλωσης στον <color=lightblue>Δίδυμο της Στάχτης</color>: πρέπει κάθε πύργος να είναι τέλεια ευθυγραμμισμένος με το κέντρο του ουράνιου σώματος στο οποίο είναι συντονισμένος;
dialogue:311,dialogue,CLARY,171,,"CLARY: I enjoy precision as much as the next Nomai, but if, for example, a tower’s base were to shift even slightly, that tower might no longer align with its astral body.","ΚΛΑΡΥ: Απολαμβάνω την ακρίβεια όσο κάθε Νομάι, αλλά αν, για παράδειγμα, η βάση ενός πύργου μετατοπιζόταν έστω και ελάχιστα, ο πύργος ίσως να μην ευθυγραμμιζόταν πια με το ουράνιο σώμα του."
dialogue:312,dialogue,POKE,121,,POKE: We don’t need the alignment angle to be exact; it only needs to be within five degrees of the astral body’s center.,ΠΟΟΥΚ: Δεν χρειάζεται η γωνία ευθυγράμμισης να είναι ακριβής· αρκεί να βρίσκεται εντός πέντε μοιρών από το κέντρο του ουράνιου σώματος.
dialogue:313,dialogue,POKE,116,,POKE: Of note: This gives us a slightly longer warp window. I imagine this window will last roughly several seconds.,ΠΟΟΥΚ: Σημείωση: Αυτό μας δίνει ένα ελαφρώς μεγαλύτερο παράθυρο στρέβλωσης. Φαντάζομαι ότι θα διαρκεί μερικά δευτερόλεπτα.
dialogue:314,dialogue,POKE,233,,"POKE: As such, any Nomai stepping onto the warp platform during the active window will be immediately warped. We will need to be careful around the platform for the duration of the time it’s active to avoid accidental transportation.","ΠΟΟΥΚ: Συνεπώς, όποιος Νομάι πατήσει στην πλάκα στρέβλωσης κατά τη διάρκεια του ενεργού παραθύρου θα μεταφερθεί αμέσως. Θα πρέπει να προσέχουμε γύρω από την πλάκα όσο είναι ενεργή, για να αποφύγουμε τυχαίες μεταφορές."
dialogue:315,dialogue,CLARY,105,,"CLARY: More accurately, I enjoy precision as much as the next Nomai, provided the next Nomai is not Poke.","ΚΛΑΡΥ: Ακριβέστερα: απολαμβάνω την ακρίβεια όσο κάθε Νομάι, αρκεί ο εν λόγω Νομάι να μην είναι η Πόουκ."
dialogue:316,dialogue,ROOT,115,,ROOT: Where am I taking this first black hole core? (And where am I taking the remaining cores once they’re ready?),ΡΟΥΤ: Πού πάω αυτόν τον πρώτο πυρήνα μαύρης τρύπας; (Και πού πάω τους υπόλοιπους μόλις είναι έτοιμοι;)
dialogue:317,dialogue,CLARY,128,TAGS,"CLARY: All of the warp towers are being constructed on <color=lightblue>Ash Twin</color>, so the black hole cores will go there.","ΚΛΑΡΥ: Όλοι οι πύργοι στρέβλωσης κατασκευάζονται στον <color=lightblue>Δίδυμο της Στάχτης</color>, οπότε εκεί θα πάνε και οι πυρήνες μαύρης τρύπας."
dialogue:318,dialogue,POKE,193,,"POKE: The white hole cores are for the warp receivers. Each of the six receivers are being constructed at different locations, so those deliveries will be a greater pain in your cervical spine.","ΠΟΟΥΚ: Οι πυρήνες λευκής τρύπας είναι για τους δέκτες στρέβλωσης. Καθένας από τους έξι δέκτες κατασκευάζεται σε διαφορετικό σημείο, οπότε αυτές οι παραδόσεις θα είναι μεγαλύτερος πόνος για την αυχενική σου μοίρα."
dialogue:319,dialogue,ROOT,103,,"ROOT: My gratitude! In that case: Poke, Clary, I’m leaving for delivery! I’ll send Yarrow your regards.","ΡΟΥΤ: Ευγνωμοσύνη! Σε αυτή την περίπτωση: Πόουκ, Κλάρυ, φεύγω για παράδοση! Θα δώσω τους χαιρετισμούς σας στον Γιάροου."
dialogue:320,dialogue,CLARY,210,TAGS,"CLARY: Poke, I’ll return to the <color=orange>forge</color> shortly; I’m going to catch up to Root and help him deliver the first core to <color=lightblue>Ash Twin</color>, just to make sure Yarrow receives it.","ΚΛΑΡΥ: Πόουκ, θα γυρίσω σύντομα στο <color=orange>σφυρηλατείο</color>· θα προλάβω τον Ρουτ και θα τον βοηθήσω να παραδώσει τον πρώτο πυρήνα στον <color=lightblue>Δίδυμο της Στάχτης</color>, απλώς για να βεβαιωθώ ότι θα τον παραλάβει ο Γιάροου."
dialogue:321,dialogue,POKE,24,,POKE: Of course you are.,ΠΟΟΥΚ: Φυσικά και θα το κάνεις.
dialogue:322,dialogue,POKE,178,TAGS,POKE: The tower designs in the <color=orange>High Energy Lab</color> on <color=lightblue>Ember Twin</color> reveal each receiver's location. Ask Yarrow; he is familiar with them.,ΠΟΟΥΚ: Τα σχέδια των πύργων στο <color=orange>Εργαστήριο Υψηλών Ενεργειών</color> στον <color=lightblue>Δίδυμο της Χόβολης</color> αποκαλύπτουν τη θέση κάθε δέκτη. Ρώτα τον Γιάροου· τα γνωρίζει καλά.
dialogue:323,dialogue,WARNING,109,TAGS,WARNING: Be cautious near the boarding area while the <color=orange>Black Hole Forge</color> is in operation.,ΠΡΟΕΙΔΟΠΟΙΗΣΗ: Προσοχή κοντά στον χώρο επιβίβασης όσο το <color=orange>Σφυρηλατείο της Μαύρης Τρύπας</color> βρίσκεται σε λειτουργία.
dialogue:324,dialogue,POKE,222,TAGS,"POKE: Of note: Yarrow believes he spotted a flaw in the warp tower designs: namely, that one of the warp towers on <color=lightblue>Ash Twin</color> will never activate, because its warp receiver will never align overhead.","ΠΟΟΥΚ: Σημείωση: Ο Γιάροου πιστεύει ότι εντόπισε ένα σφάλμα στα σχέδια των πύργων στρέβλωσης: συγκεκριμένα, ότι ένας από τους πύργους στον <color=lightblue>Δίδυμο της Στάχτης</color> δεν θα ενεργοποιηθεί ποτέ, επειδή ο δέκτης του δεν θα ευθυγραμμιστεί ποτέ από πάνω."
dialogue:325,dialogue,POKE,193,TAGS,POKE: Does your romantic interest think a warp tower’s alignment point is its <i>receiver</i>? Does he not know that a warp tower always aligns with the center of its corresponding astral body?,ΠΟΟΥΚ: Το ρομαντικό σου ενδιαφέρον νομίζει ότι το σημείο ευθυγράμμισης ενός πύργου στρέβλωσης είναι ο <i>δέκτης</i> του; Δεν ξέρει ότι ένας πύργος στρέβλωσης ευθυγραμμίζεται πάντα με το κέντρο του αντίστοιχου ουράνιου σώματος;
dialogue:326,dialogue,CLARY,147,TAGS,"CLARY: That isn’t an unreasonable belief, given the receiver <i>does</i> have to be located on (or in close orbit around) the relevant astral body.","ΚΛΑΡΥ: Δεν είναι παράλογη πεποίθηση, δεδομένου ότι ο δέκτης <i>πρέπει</i> να βρίσκεται πάνω στο σχετικό ουράνιο σώμα (ή σε κοντινή τροχιά γύρω του)."
dialogue:327,dialogue,CLARY,88,TAGS,"CLARY: I seem to recall that was <i>your</i> understanding of warp technology, at first.","ΚΛΑΡΥ: Απ’ ό,τι θυμάμαι, έτσι καταλάβαινες <i>κι εσύ</i> την τεχνολογία στρέβλωσης, στην αρχή."
dialogue:328,dialogue,CLARY,225,TAGS,"CLARY: No, Yarrow understands the distinction. He likely doesn’t realize the <color=lightblue>Hourglass Twins</color> are so close together they function as a single astral body, with a shared alignment point in between them.","ΚΛΑΡΥ: Όχι, ο Γιάροου καταλαβαίνει τη διαφορά. Μάλλον δεν συνειδητοποιεί ότι οι <color=lightblue>Δίδυμοι της Κλεψύδρας</color> είναι τόσο κοντά μεταξύ τους που λειτουργούν ως ένα ενιαίο ουράνιο σώμα, με κοινό σημείο ευθυγράμμισης ανάμεσά τους."
dialogue:329,dialogue,,16,,Exit to surface.,Έξοδος προς την επιφάνεια.
dialogue:330,dialogue,,52,TAGS NL,<color=orange>Black Hole Forge</color>\\n(north 40m),<color=orange>Σφυρηλατείο της Μαύρης Τρύπας</color>\\n(βόρεια 40μ)
dialogue:331,dialogue,PYE,270,TAGS,"PYE: The <color=orange>Ash Twin Project</color> will be one of our biggest undertakings (metaphorically <i>and</i> physically). To build it, we need a way to travel quickly between <color=lightblue>Ash Twin</color> and each location that holds crucial project materials.","ΠΑΪ: Το <color=orange>Πρότζεκτ του Διδύμου της Στάχτης</color> θα είναι ένα από τα μεγαλύτερα εγχειρήματά μας (μεταφορικά <i>και</i> κυριολεκτικά). Για να το χτίσουμε, χρειαζόμαστε τρόπο να ταξιδεύουμε γρήγορα ανάμεσα στον <color=lightblue>Δίδυμο της Στάχτης</color> και σε κάθε τοποθεσία που έχει κρίσιμα υλικά για το εγχείρημα."
dialogue:332,dialogue,ROOT,185,TAGS,ROOT: What if we used warp towers (like the one we have on the <color=orange>White Hole Station</color>) to connect <color=lightblue>Ash Twin</color> directly to each critical location?,ΡΟΥΤ: Τι θα λέγατε να χρησιμοποιήσουμε πύργους στρέβλωσης (σαν αυτόν που έχουμε στον <color=orange>Σταθμό της Λευκής Τρύπας</color>) για να συνδέσουμε τον <color=lightblue>Δίδυμο της Στάχτης</color> απευθείας με κάθε κρίσιμη τοποθεσία;
dialogue:333,dialogue,CLARY,132,TAGS,"CLARY: Poke, Root, and I can begin work on this immediately in the <color=orange>Black Hole Forge</color> (this will keep us busy!).","ΚΛΑΡΥ: Η Πόουκ, ο Ρουτ κι εγώ μπορούμε να ξεκινήσουμε αμέσως τη δουλειά στο <color=orange>Σφυρηλατείο της Μαύρης Τρύπας</color> (αυτό θα μας κρατήσει απασχολημένους!)."
dialogue:334,dialogue,YARROW,97,TAGS,YARROW: Of note: Each tower on <color=lightblue>Ash Twin</color> will warp to a different planet.,ΓΙΑΡΟΟΥ: Σημείωση: Κάθε πύργος στον <color=lightblue>Δίδυμο της Στάχτης</color> θα κάνει στρέβλωση προς διαφορετικό πλανήτη.
dialogue:335,dialogue,PHLOX,73,,PHLOX: We can design each tower to visually reflect its warp destination!,ΦΛΟΞ: Μπορούμε να σχεδιάσουμε κάθε πύργο ώστε να αντικατοπτρίζει οπτικά τον προορισμό του!
dialogue:336,dialogue,PHLOX,182,TAGS,"PHLOX: The <color=orange>Giant’s Deep tower</color>, for instance, could resemble a cyclone. And we could model the <color=orange>Timber Hearth tower</color> after a geyser mountain!","ΦΛΟΞ: Ο <color=orange>πύργος του Τζάιαντς Ντιπ</color>, για παράδειγμα, θα μπορούσε να μοιάζει με κυκλώνα. Και τον <color=orange>πύργο του Τίμπερ Χαρθ</color> θα μπορούσαμε να τον φτιάξουμε σαν βουνό με πίδακες!"
dialogue:337,dialogue,YARROW,193,TAGS,"YARROW: My gratitude to those who noted my imprecise language! Yes, the <color=lightblue>sun</color> is not a planet. I believe this has been sufficiently clarified (kindly stop reminding me!).","ΓΙΑΡΟΟΥ: Ευγνωμοσύνη σε όσους επισήμαναν την ανακριβή μου διατύπωση! Ναι, ο <color=lightblue>ήλιος</color> δεν είναι πλανήτης. Πιστεύω ότι αυτό έχει πλέον διευκρινιστεί επαρκώς (σταματήστε, σας παρακαλώ, να μου το θυμίζετε!)."
dialogue:338,dialogue,,71,TAGS,Retrieving previous launch data from <color=lightblue>Ash Twin</color>.,Ανάκτηση προηγούμενων δεδομένων εκτόξευσης από τον <color=lightblue>Δίδυμο της Στάχτης</color>.
dialogue:339,dialogue,,46,,Total number of probes launched: <NbTimeloops>,Συνολικός αριθμός βολίδων που εκτοξεύτηκαν: <NbTimeloops>
dialogue:340,dialogue,,127,TAGS,Deep space anomaly matching all known criteria for the <color=lightblue>Eye of the universe</color> found by probe <FirstLoop>.,Ανωμαλία βαθέος διαστήματος που ταιριάζει με όλα τα γνωστά κριτήρια για το <color=lightblue>Μάτι του σύμπαντος</color> εντοπίστηκε από τη βολίδα <FirstLoop>.
dialogue:341,dialogue,CLARY,141,TAGS,"CLARY: I have good news, Yarrow! The advanced warp core is ready to be installed in the central chamber of <color=lightblue>Ash Twin</color>.","ΚΛΑΡΥ: Έχω καλά νέα, Γιάροου! Ο προηγμένος πυρήνας στρέβλωσης είναι έτοιμος να εγκατασταθεί στον κεντρικό θάλαμο του <color=lightblue>Διδύμου της Στάχτης</color>."
dialogue:342,dialogue,YARROW,152,TAGS,"YARROW: I’m intrigued, love! Everyone here working on the <color=orange>Ash Twin Project</color> is excited to see it (Pye is beside herself with joy!).","ΓΙΑΡΟΟΥ: Με ενθουσιάζεις, αγάπη μου! Όλοι εδώ που δουλεύουμε στο <color=orange>Πρότζεκτ του Διδύμου της Στάχτης</color> ανυπομονούμε να τον δούμε (η Πάι δεν χωράει από τη χαρά της!)."
dialogue:343,dialogue,POKE,19,,"POKE: No, it isn’t!","ΠΟΟΥΚ: Όχι, δεν είναι!"
dialogue:344,dialogue,YARROW,62,TAGS,YARROW: Is everything well at the <color=orange>forge</color>?,ΓΙΑΡΟΟΥ: Όλα καλά στο <color=orange>σφυρηλατείο</color>;
dialogue:345,dialogue,CLARY,117,,"CLARY: Don’t worry, love; Poke is only nervous. The core is extraordinary, and her design work is beautifully clever.","ΚΛΑΡΥ: Μην ανησυχείς, αγάπη μου· η Πόουκ απλώς αγχώνεται. Ο πυρήνας είναι εξαιρετικός, και η σχεδίασή της είναι πανέμορφα έξυπνη."
dialogue:346,dialogue,POKE,70,,POKE: The core’s durability could still be improved! I need more time!,ΠΟΟΥΚ: Η αντοχή του πυρήνα μπορεί ακόμη να βελτιωθεί! Χρειάζομαι κι άλλο χρόνο!
dialogue:347,dialogue,CLARY,129,TAGS,"CLARY: Ignore her, Yarrow. The core is finished. And if my sister tells you otherwise, then <i>she</i> will be finished, as well.","ΚΛΑΡΥ: Αγνόησέ την, Γιάροου. Ο πυρήνας είναι έτοιμος. Κι αν η αδερφή μου σου πει το αντίθετο, τότε θα είναι <i>εκείνη</i> έτοιμη — για τα καλά."
dialogue:348,dialogue,YARROW,138,TAGS,"YARROW: My gratitude for the latest shipment, Oeno! This ore should be the last we’ll need for the <color=orange>Ash Twin Project</color>.","ΓΙΑΡΟΟΥ: Ευγνωμοσύνη για την τελευταία αποστολή, Οινώ! Αυτό το μετάλλευμα πρέπει να είναι το τελευταίο που θα χρειαστούμε για το <color=orange>Πρότζεκτ του Διδύμου της Στάχτης</color>."
dialogue:349,dialogue,YARROW,240,,"YARROW: Once we’ve finished the shell that seals off the central chamber, we’ll check to ensure there are no longer any physical entrances. Ramie and I will be checking the interior and then the exterior for cracks (our final safety check).","ΓΙΑΡΟΟΥ: Μόλις ολοκληρώσουμε το κέλυφος που σφραγίζει τον κεντρικό θάλαμο, θα ελέγξουμε ότι δεν υπάρχουν πια φυσικές είσοδοι. Η Ράμι κι εγώ θα ελέγξουμε πρώτα το εσωτερικό και μετά το εξωτερικό για ρωγμές (ο τελικός μας έλεγχος ασφαλείας)."
dialogue:350,dialogue,OENO,159,,"OENO: This is exciting news! Can I offer an extra set of eyes for this final check (specifically, mine)? If my work here is complete, I’d be delighted to help.","ΟΙΝΩ: Συναρπαστικά νέα! Μπορώ να προσφέρω ένα επιπλέον ζευγάρι μάτια για αυτόν τον τελικό έλεγχο (συγκεκριμένα, τα δικά μου); Αν η δουλειά μου εδώ έχει τελειώσει, θα χαιρόμουν να βοηθήσω."
dialogue:351,dialogue,YARROW,191,TAGS,"YARROW: We’d be grateful if you would! The more eyes, the better, as the smallest flaw or opening in the shell that protects the <color=orange>Ash Twin Project</color> could lead to disaster.","ΓΙΑΡΟΟΥ: Θα σου ήμασταν ευγνώμονες! Όσα περισσότερα μάτια, τόσο το καλύτερο, καθώς το παραμικρό ελάττωμα ή άνοιγμα στο κέλυφος που προστατεύει το <color=orange>Πρότζεκτ του Διδύμου της Στάχτης</color> θα μπορούσε να οδηγήσει σε καταστροφή."
dialogue:352,dialogue,OENO,91,TAGS,OENO: I’m still amazed by how much ore the <color=orange>Ash Twin Project</color> requires!,ΟΙΝΩ: Ακόμη με εκπλήσσει το πόσο μετάλλευμα απαιτεί το <color=orange>Πρότζεκτ του Διδύμου της Στάχτης</color>!
dialogue:353,dialogue,CYCAD,148,TAGS,CYCAD: Isn’t this the ore for the remaining towers being built on <color=lightblue>Ash Twin</color>? The completed towers I’ve seen are quite large!,ΣΑΪΚΑΝΤ: Δεν είναι αυτό το μετάλλευμα για τους υπόλοιπους πύργους που χτίζονται στον <color=lightblue>Δίδυμο της Στάχτης</color>; Οι ολοκληρωμένοι πύργοι που έχω δει είναι αρκετά μεγάλοι!
dialogue:354,dialogue,OENO,273,TAGS,"OENO: No, the material for those towers is all being taken from <color=lightblue>Ash Twin</color>. The ore we’re mining here will be used to craft an immensely thick protective shell that will physically seal off the chamber inside <color=lightblue>Ash Twin</color>’s core.","ΟΙΝΩ: Όχι, το υλικό για εκείνους τους πύργους παίρνεται όλο από τον <color=lightblue>Δίδυμο της Στάχτης</color>. Το μετάλλευμα που εξορύσσουμε εδώ θα χρησιμοποιηθεί για ένα απίστευτα παχύ προστατευτικό κέλυφος, που θα σφραγίσει ερμητικά τον θάλαμο μέσα στον πυρήνα του <color=lightblue>Διδύμου της Στάχτης</color>."
dialogue:355,dialogue,COLEUS,279,TAGS,"COLEUS: I’m relieved by our clan’s decision to use <color=lightblue>Timber Hearth</color>’s ore only for constructing the shell. If, eventually, life on this planet were to evolve to the point of advanced metallurgy, I’m confident we won’t have destroyed their ability to create!","ΚΟΛΕΟΥΣ: Ανακουφίστηκα με την απόφαση της φυλής μας να χρησιμοποιήσουμε το μετάλλευμα του <color=lightblue>Τίμπερ Χαρθ</color> μόνο για την κατασκευή του κελύφους. Αν κάποτε η ζωή σε αυτόν τον πλανήτη εξελιχθεί ως το σημείο της προηγμένης μεταλλουργίας, είμαι σίγουρος ότι δεν θα τους έχουμε στερήσει τη δυνατότητα να δημιουργήσουν!"
dialogue:356,dialogue,CYCAD,89,TAGS,"CYCAD: If they're sealing off all entrances, I hope they've planned a-<i>core</i>-dingly!","ΣΑΪΚΑΝΤ: Αν σφραγίζουν όλες τις εισόδους, ελπίζω να το έχουν σχεδιάσει <i>πυρηνικά</i> σωστά!"
dialogue:357,dialogue,OENO,75,,"OENO: I thought you had forbidden your apprentice from making puns, Coleus.","ΟΙΝΩ: Νόμιζα ότι είχες απαγορεύσει στον μαθητευόμενό σου τα λογοπαίγνια, Κόλεους."
dialogue:358,dialogue,COLEUS,34,,COLEUS: How else would he improve?,ΚΟΛΕΟΥΣ: Πώς αλλιώς θα βελτιωθεί;
dialogue:359,dialogue,,73,TAGS,<color=lightblue>Ash Twin</color> warp network status: All towers online.,Κατάσταση δικτύου στρέβλωσης <color=lightblue>Διδύμου της Στάχτης</color>: Όλοι οι πύργοι σε λειτουργία.
dialogue:360,dialogue,,194,TAGS NL,<color=lightblue>Ash Twin</color> warp network status: <color=orange>Sun tower</color> offline as of <MinutesSinceRedGiant> minutes <SecondsSinceRedGiant> seconds ago.\\nAll other towers online.,Κατάσταση δικτύου στρέβλωσης <color=lightblue>Διδύμου της Στάχτης</color>: Ο <color=orange>πύργος του ήλιου</color> εκτός λειτουργίας εδώ και <MinutesSinceRedGiant> λεπτά <SecondsSinceRedGiant> δευτερόλεπτα.\\nΌλοι οι υπόλοιποι πύργοι σε λειτουργία.
dialogue:361,dialogue,,117,NL,Sun tower offline as of <MinutesSinceRedGiant> minutes <SecondsSinceRedGiant> seconds ago.\\nAll other towers online.,Ο πύργος του ήλιου εκτός λειτουργίας εδώ και <MinutesSinceRedGiant> λεπτά <SecondsSinceRedGiant> δευτερόλεπτα.\\nΌλοι οι υπόλοιποι πύργοι σε λειτουργία.
dialogue:362,dialogue,POKE,221,TAGS,"POKE: Welcome to the <color=orange>White Hole Station</color>! If you fell through the black hole by accident (don't worry, you aren’t the first), this warp tower can return you to <color=lightblue>Brittle Hollow</color>.","ΠΟΟΥΚ: Καλώς ήρθες στον <color=orange>Σταθμό της Λευκής Τρύπας</color>! Αν έπεσες στη μαύρη τρύπα κατά λάθος (μην ανησυχείς, δεν είσαι ο πρώτος), αυτός ο πύργος στρέβλωσης μπορεί να σε γυρίσει στο <color=lightblue>Μπριτλ Χόλοου</color>."
dialogue:363,dialogue,POKE,232,TAGS,"POKE: Every warp tower is tuned to a specific astral body. A tower's warp can only be used during the brief window when the tower is aligned with its corresponding astral body (in this case, <color=lightblue>Brittle Hollow</color>).","ΠΟΟΥΚ: Κάθε πύργος στρέβλωσης είναι συντονισμένος με ένα συγκεκριμένο ουράνιο σώμα. Η στρέβλωση ενός πύργου μπορεί να χρησιμοποιηθεί μόνο στο σύντομο παράθυρο κατά το οποίο ο πύργος ευθυγραμμίζεται με το αντίστοιχο ουράνιο σώμα του (εδώ, το <color=lightblue>Μπριτλ Χόλοου</color>)."
dialogue:364,dialogue,,90,,You must be standing on the warp platform on the floor during this alignment to be warped.,Πρέπει να στέκεσαι πάνω στην πλάκα στρέβλωσης στο δάπεδο κατά τη διάρκεια αυτής της ευθυγράμμισης για να μεταφερθείς.
dialogue:365,dialogue,POKE,128,,"POKE: If you look up while the station is rotating, you can see the alignment happens when the astral body is directly overhead.","ΠΟΟΥΚ: Αν κοιτάξεις ψηλά όσο ο σταθμός περιστρέφεται, θα δεις ότι η ευθυγράμμιση γίνεται όταν το ουράνιο σώμα βρίσκεται ακριβώς από πάνω."
dialogue:366,dialogue,,6,,Gabbro,Γκάμπρο
dialogue:367,dialogue,,102,,"Nice, it’s you. Good to see you made it here in one piece. The first solo launch is a doozy, isn’t it?","Ωραία, εσύ είσαι. Χαίρομαι που έφτασες εδώ σώος. Η πρώτη μοναχική εκτόξευση είναι κάτι άλλο, έτσι;"
dialogue:368,dialogue,,107,,"So hey, don’t freak out or anything, but lately I keep, like, dying repeatedly. I dunno, it’s pretty weird.","Λοιπόν, μην πανικοβληθείς, αλλά τελευταία όλο πεθαίνω, ξανά και ξανά. Δεν ξέρω, αρκετά περίεργο."
dialogue:369,dialogue,,55,,"What about you? Have you died lately, or is it just me?","Εσύ; Έχεις πεθάνει τελευταία, ή είμαι μόνο εγώ;"
dialogue:370,dialogue,,39,,"No, it’s me, too. We’re in a time loop.","Όχι, κι εγώ. Είμαστε μέσα σε χρονικό βρόχο."
dialogue:371,dialogue,,84,TAGS,"Time <i>has</i> been behaving unusually lately. Yeah, a time loop makes sense. Cool.","Ο χρόνος <i>όντως</i> φέρεται περίεργα τελευταία. Ναι, ένας χρονικός βρόχος βγάζει νόημα. Ωραία."
dialogue:372,dialogue,,31,,You’re taking this pretty well.,Το παίρνεις αρκετά ήρεμα.
dialogue:373,dialogue,,26,,What did you think it was?,Τι νόμιζες ότι ήταν;
dialogue:374,dialogue,,23,,"Heh, right back at you.","Χεχ, το ίδιο κι εσύ."
dialogue:375,dialogue,,149,TAGS,"Personally, I like new experiences, and I’ve never been in a time loop before. I mean, I don’t <i>think</i> I’ve been in a time loop before this one.","Προσωπικά, μου αρέσουν οι νέες εμπειρίες, και δεν έχω ξαναβρεθεί σε χρονικό βρόχο. Δηλαδή, δεν <i>νομίζω</i> ότι έχω ξαναβρεθεί σε χρονικό βρόχο πριν από αυτόν."
dialogue:376,dialogue,,196,,"I figured it’d be some kind of fidgety time business, but I wasn’t really thinking about what’s happening to the shape of time, you know? But a loop makes sense here. Let’s go with “loop” for now.","Φαντάστηκα ότι θα ήταν κάποια νευρική δουλειά του χρόνου, αλλά δεν σκεφτόμουν και πολύ το τι γίνεται με το σχήμα του χρόνου, ξέρεις; Αλλά ο βρόχος βγάζει νόημα εδώ. Ας πούμε «βρόχο» προς το παρόν."
dialogue:377,dialogue,,183,,"It looks like you and I are the only ones who can tell that time’s gone all weird. I tried radioing Hornfels and asking if they’d died, too, but they thought I was being metaphorical.","Φαίνεται πως εσύ κι εγώ είμαστε οι μόνοι που καταλαβαίνουμε ότι ο χρόνος έχει τρελαθεί. Δοκίμασα να πάρω τον Χόρνφελς στον ασύρματο και να τον ρωτήσω αν πέθανε κι αυτός, αλλά νόμιζε ότι μιλούσα μεταφορικά."
dialogue:378,dialogue,,122,,"Even if I tell Hornfels about the time loop, they never remember by the next one. They don’t realize anything’s different.","Ακόμη κι αν πω στον Χόρνφελς για τον χρονικό βρόχο, δεν το θυμάται ποτέ στον επόμενο. Δεν καταλαβαίνει ότι κάτι είναι διαφορετικό."
dialogue:379,dialogue,,208,,"And here’s another weird one for you - every time I die, all of my memories from that loop replay back to me. I’m pretty sure that’s related to this big stone Nomai statue I found on one of the other islands.","Και να κάτι ακόμη πιο περίεργο για σένα — κάθε φορά που πεθαίνω, όλες οι αναμνήσεις μου από εκείνον τον βρόχο περνούν ξανά μπροστά μου. Είμαι αρκετά σίγουρος ότι σχετίζεται με αυτό το μεγάλο πέτρινο άγαλμα των Νομάι που βρήκα σε ένα από τα άλλα νησιά."
dialogue:380,dialogue,,177,,"I was looking at it, and the statue opened its eyes and started glowing. It replayed my memories like it’d seen them through my own eyes, just like what happens each time I die.","Το κοιτούσα, και το άγαλμα άνοιξε τα μάτια του και άρχισε να λάμπει. Μου ξανάπαιξε τις αναμνήσεις μου, σαν να τις είχε δει μέσα από τα δικά μου μάτια — ακριβώς όπως γίνεται κάθε φορά που πεθαίνω."
dialogue:381,dialogue,,50,,That happened to me with the statue at the museum.,Το ίδιο έπαθα κι εγώ με το άγαλμα στο μουσείο.
dialogue:382,dialogue,,164,,"You too, huh? Then the Nomai statues must have something to do with why we’re the only ones aware of the time loop. So... no glowing statue, no time loop awareness?","Κι εσύ, ε; Τότε τα αγάλματα των Νομάι πρέπει να έχουν σχέση με το γιατί είμαστε οι μόνοι που ξέρουμε για τον χρονικό βρόχο. Άρα... χωρίς λαμπερό άγαλμα, χωρίς επίγνωση του βρόχου;"
dialogue:383,dialogue,,147,,"I think that’s going to be my leading theory, but if you find out anything new about the statues or the time loop, let me know, okay? I’ll be here.","Νομίζω ότι αυτή θα είναι η βασική μου θεωρία, αλλά αν μάθεις κάτι καινούριο για τα αγάλματα ή τον χρονικό βρόχο, πες μου, εντάξει; Εδώ θα είμαι."
dialogue:384,dialogue,,119,,"Anyway, that’s what’s new with me. But hey, this is your first solo voyage! ...Kind of! Let’s talk about you, you know?","Τέλος πάντων, αυτά τα νέα μου. Αλλά για στάσου, αυτό είναι το πρώτο σου μοναχικό ταξίδι! ...Κατά κάποιον τρόπο! Ας μιλήσουμε για σένα, ε;"
dialogue:385,dialogue,,151,,"Have you ever watched a cyclone for so long, it started to hypnotize you? I’m telling you, they’ll put you in a trance if you stare at ’em long enough.","Έχεις κοιτάξει ποτέ έναν κυκλώνα τόση ώρα που άρχισε να σε υπνωτίζει; Σου λέω, σε βάζουν σε έκσταση αν τους κοιτάς αρκετά."
dialogue:386,dialogue,,25,,How’s space treating you?,Πώς σου φέρεται το διάστημα;
dialogue:387,dialogue,,18,,I found something!,Βρήκα κάτι!
dialogue:388,dialogue,,28,,What are you doing out here?,Τι κάνεις εδώ πέρα;
dialogue:389,dialogue,,39,,Where should I explore on Giant’s Deep?,Πού να εξερευνήσω στον Τζάιαντς Ντιπ;
dialogue:390,dialogue,,27,,What’s up with this planet?,Τι παίζει με αυτόν τον πλανήτη;
dialogue:391,dialogue,,18,,Where’s your ship?,Πού είναι το σκάφος σου;
dialogue:392,dialogue,,18,,I found your ship!,Βρήκα το σκάφος σου!
dialogue:393,dialogue,,22,,I saw your ship again.,Ξαναείδα το σκάφος σου.
dialogue:394,dialogue,,14,,See you later.,Τα λέμε.
dialogue:395,dialogue,,44,,"Well, what are any of us doing here, really?","Ε, τι κάνει ο καθένας μας εδώ, στ’ αλήθεια;"
dialogue:396,dialogue,,79,,"...Nah, I’m just kidding. I’m out here exploring our solar system, same as you.","...Καλά, πλάκα κάνω. Εξερευνώ το ηλιακό μας σύστημα, όπως κι εσύ."
dialogue:397,dialogue,,98,,"But I tell you what, outer space really gives you room to think. It’s quiet and peaceful out here.",Αλλά να σου πω κάτι: το διάστημα σου δίνει χώρο να σκεφτείς. Είναι ήσυχα και ειρηνικά εδώ πέρα.
dialogue:398,dialogue,,150,,"I mean, it’s usually quiet and peaceful. Sometimes a cyclone comes by and lifts my little island paradise clean out of the water. Then: less peaceful.","Δηλαδή, συνήθως είναι ήσυχα και ειρηνικά. Καμιά φορά περνάει ένας κυκλώνας και σηκώνει τον μικρό μου νησιωτικό παράδεισο κατευθείαν έξω από το νερό. Τότε: λιγότερο ειρηνικά."
dialogue:399,dialogue,,172,,"Here’s something you might like — at the start of every time loop, I keep seeing a bright flash in the sky. Something must be happening up there in orbit around the planet.","Να κάτι που ίσως σου αρέσει — στην αρχή κάθε χρονικού βρόχου βλέπω μια έντονη λάμψη στον ουρανό. Κάτι πρέπει να συμβαίνει εκεί πάνω, σε τροχιά γύρω από τον πλανήτη."
dialogue:400,dialogue,,187,TAGS,"What else, what else... Have you been to Statue Island? That’s what I’ve been calling it, seeing as it’s the <i>island</i> where I found the glowing Nomai <i>statue</i>.<Pause> ...Get it?","Τι άλλο, τι άλλο... Έχεις πάει στο Νησί του Αγάλματος; Έτσι το λέω εγώ, μιας και είναι το <i>νησί</i> όπου βρήκα το λαμπερό <i>άγαλμα</i> των Νομάι.<Pause> ...Το ’πιασες;"
dialogue:401,dialogue,,191,,"I was on the beach on Statue Island when the whole glowy business happened, by the way. It’s a nice beach for that kind of thing. I give it a solid 7 out of 10 on the Gabbro Relaxation Scale.","Παρεμπιπτόντως, ήμουν στην παραλία στο Νησί του Αγάλματος όταν έγινε όλη αυτή η λαμπερή ιστορία. Ωραία παραλία για τέτοια πράγματα. Της βάζω ένα γερό 7 στα 10 στην Κλίμακα Χαλάρωσης Γκάμπρο."
dialogue:402,dialogue,,154,,"If you feel like checking out Statue Island, it’s the one with two islands connected by a natural rock arch. Well... mostly connected, anyway. You’ll see.","Αν σου κάνει κέφι να δεις το Νησί του Αγάλματος, είναι εκείνο με τα δύο νησιά που ενώνονται με μια φυσική βραχώδη αψίδα. Ε... κυρίως ενώνονται, τέλος πάντων. Θα δεις."
dialogue:403,dialogue,,20,,"Haha, I know, right?","Χαχα, ε;"
dialogue:404,dialogue,,126,,"...Oh, you meant, like, tell you more about it? I gotcha. Well, Giant’s Deep is massive, and mostly water. No surprises there.","...Α, εννοούσες να σου πω περισσότερα γι’ αυτόν; Κατάλαβα. Λοιπόν, ο Τζάιαντς Ντιπ είναι τεράστιος και ως επί το πλείστον νερό. Καμία έκπληξη εκεί."
dialogue:405,dialogue,,195,,"There’s a strong current a ways beneath the surface that prevents anything from sinking below it. Seriously, I tried everything I could think of to get past that current, and neither idea worked.","Υπάρχει ένα ισχυρό ρεύμα αρκετά κάτω από την επιφάνεια που εμποδίζει οτιδήποτε να βυθιστεί πιο κάτω. Σοβαρά, δοκίμασα ό,τι μπορούσα να σκεφτώ για να περάσω αυτό το ρεύμα, και καμία από τις δύο ιδέες δεν δούλεψε."
dialogue:406,dialogue,,130,,"As for land masses, I’ve counted four islands, including this one. There’s also the one with that Nomai statue I saw on the beach.","Όσο για στεριές, έχω μετρήσει τέσσερα νησιά, μαζί με αυτό. Υπάρχει και εκείνο με το άγαλμα των Νομάι που είδα στην παραλία."
dialogue:407,dialogue,,195,,"You’ve seen the cyclones? Yeah, they’re hard to miss. They’ll toss up everything in their path, islands included. Little tip — if you get picked up, try to land in water. Less likely to kill you.","Είδες τους κυκλώνες; Ναι, δύσκολα τους προσπερνάς. Πετάνε ψηλά ό,τι βρουν μπροστά τους, μαζί και τα νησιά. Μια μικρή συμβουλή — αν σε σηκώσουν, προσπάθησε να προσγειωθείς στο νερό. Λιγότερες πιθανότητες να σε σκοτώσει."
dialogue:408,dialogue,,23,,That’s a good question.,Καλή ερώτηση.
dialogue:409,dialogue,,148,TAGS,"It’s definitely on this planet <i>some</i>where. I mean, unless a cyclone came by and tossed it into space, I guess. Heh, that would be pretty nuts.","Σίγουρα είναι <i>κάπου</i> σε αυτόν τον πλανήτη. Δηλαδή, εκτός αν πέρασε κανένας κυκλώνας και το πέταξε στο διάστημα. Χεχ, αυτό θα ήταν αρκετά τρελό."
dialogue:410,dialogue,,23,,I hope it’s not lonely.,Ελπίζω να μη νιώθει μοναξιά.
dialogue:411,dialogue,,55,,An excellent question. I haven’t seen it around lately.,Εξαιρετική ερώτηση. Δεν το έχω δει τελευταία εδώ γύρω.
dialogue:412,dialogue,,23,,I hope it’s not lonely.,Ελπίζω να μη νιώθει μοναξιά.
dialogue:413,dialogue,,45,,"Oh, cool. So it’s floating in the ocean, huh?","Α, ωραία. Άρα επιπλέει στον ωκεανό, ε;"
dialogue:414,dialogue,,43,,Did it look like it was having a good time?,Έμοιαζε να περνάει καλά;
dialogue:415,dialogue,,46,,I hope it’s having fun! Did you say hi for me?,Ελπίζω να διασκεδάζει! Του είπες ένα γεια από μένα;
dialogue:416,dialogue,,35,,"Cool, cool. Take it easy out there.","Ωραία, ωραία. Πρόσεχε εκεί έξω."
dialogue:417,dialogue,,31,,"Nice, nice. Whatcha got for me?","Ωραία, ωραία. Τι μου έφερες;"
dialogue:418,dialogue,,38,,I reached the inside of Statue Island.,Έφτασα στο εσωτερικό του Νησιού του Αγάλματος.
dialogue:419,dialogue,,36,,I found the source of the time loop.,Βρήκα την πηγή του χρονικού βρόχου.
dialogue:420,dialogue,,48,,I found Nomai masks inside the Ash Twin Project.,Βρήκα νομαϊκές μάσκες μέσα στο Πρότζεκτ του Διδύμου της Στάχτης.
dialogue:421,dialogue,,50,,I found what happened to the Orbital Probe Cannon.,Έμαθα τι έπαθε το Τροχιακό Κανόνι Βολίδας.
dialogue:422,dialogue,,26,,I found your quantum poem.,Βρήκα το κβαντικό σου ποίημα.
dialogue:423,dialogue,,50,,I found a photo of you inside the old radio tower.,Βρήκα μια φωτογραφία σου μέσα στον παλιό πύργο ασυρμάτου.
dialogue:424,dialogue,,20,,"Actually, nevermind.","Τελικά, άσ’ το."
dialogue:425,dialogue,,165,,"So the Nomai created those head statues to record memories, huh? ...Yeah, I could see the Nomai doing that. Not sure what for, but it seems like their sort of thing.","Άρα οι Νομάι έφτιαξαν εκείνα τα αγάλματα-κεφάλια για να καταγράφουν αναμνήσεις, ε; ...Ναι, τους βλέπω τους Νομάι να το κάνουν αυτό. Δεν ξέρω για ποιον λόγο, αλλά μου μοιάζει δικό τους πράγμα."
dialogue:426,dialogue,,149,,"Do you think the statues are recording our memories, then? ’Cause I remember that one on the beach looked at me funny. That must be my memory-friend!",Λες λοιπόν τα αγάλματα να καταγράφουν τις δικές μας αναμνήσεις; Γιατί θυμάμαι ότι εκείνο στην παραλία με κοίταξε περίεργα. Αυτός πρέπει να είναι ο μνημονικός μου φίλος!
dialogue:427,dialogue,,106,,"Right, right, the cavern inside Statue Island is where the memory-recording statues were made, I remember.","Σωστά, σωστά, το σπήλαιο μέσα στο Νησί του Αγάλματος είναι εκεί που φτιάχνονταν τα αγάλματα που καταγράφουν αναμνήσεις, το θυμάμαι."
dialogue:428,dialogue,,157,,"So your memory statue is the one in the museum back in the crater, and mine’s the one I found on the beach. I kinda dig having my own personal memory-friend.","Άρα το δικό σου άγαλμα-μνήμη είναι εκείνο στο μουσείο πίσω στον κρατήρα, και το δικό μου εκείνο που βρήκα στην παραλία. Μου αρέσει κάπως που έχω τον δικό μου προσωπικό μνημονικό φίλο."
dialogue:429,dialogue,,136,,"If you come up with any hunches about what the Nomai wanted to record memories for, feel free to run them by me! You know where I’ll be.","Αν σου έρθει καμιά ιδέα για το τι ήθελαν να καταγράψουν οι Νομάι, πες μου ελεύθερα! Ξέρεις πού θα είμαι."
dialogue:430,dialogue,,114,TAGS,"Wait, whoa, really? The Nomai carved out the Ash Twin and built a time loop device inside? ...That is <i>wild</i>.","Στάσου, πω πω, αλήθεια; Οι Νομάι σκάλισαν τον Δίδυμο της Στάχτης και έχτισαν μέσα μια συσκευή χρονικού βρόχου; ...Αυτό είναι <i>τρελό</i>."
dialogue:431,dialogue,,132,,"Now we know what’s causing the loop, then. And... if it’s caused by a device, that must mean it had to be switched on, right? Huh...","Άρα τώρα ξέρουμε τι προκαλεί τον βρόχο. Και... αν τον προκαλεί μια συσκευή, τότε κάποιος θα πρέπει να την άναψε, σωστά; Χμ..."
dialogue:432,dialogue,,161,,"Hey, what do you think would happen if you turned off the time loop? Like, there’s a part of me thinks maybe you shouldn’t, what with the sun blowing up and all.","Ρε, τι λες να γινόταν αν έκλεινες τον χρονικό βρόχο; Ένα κομμάτι μου λέει ότι ίσως δεν θα έπρεπε, μιας και ο ήλιος ανατινάζεται και τα λοιπά."
dialogue:433,dialogue,,66,,"Then again, who wants to spend eternity being blown up by the sun?","Από την άλλη, ποιος θέλει να περνάει την αιωνιότητα ανατιναγμένος από τον ήλιο;"
dialogue:434,dialogue,,148,,"...I dunno, I’m no time loop expert. I’m just gonna sit here and ponder the intricacies of time and space. Maybe take a nap, too, if I feel like it.","...Δεν ξέρω, δεν είμαι ειδικός στους χρονικούς βρόχους. Εγώ θα κάτσω εδώ να στοχάζομαι τις λεπτότητες του χρόνου και του χώρου. Ίσως πάρω και έναν υπνάκο, αν μου κάτσει."
dialogue:435,dialogue,,192,,"My head’s still all full of scenarios for what would happen if you turned off the time loop. I’ll probably notice if you decide to mess with it, though, right? Seems like something I’d notice.","Το κεφάλι μου είναι ακόμη γεμάτο σενάρια για το τι θα γινόταν αν έκλεινες τον χρονικό βρόχο. Πάντως θα το προσέξω αν αποφασίσεις να τον πειράξεις, σωστά; Μου μοιάζει για κάτι που θα το πρόσεχα."
dialogue:436,dialogue,,24,,This is all pretty wild.,Όλα αυτά είναι αρκετά τρελά.
dialogue:437,dialogue,,173,,"You’re saying the statues were made so memories could be sent back in time? I guess that makes sense, considering we both have our memories of every loop we’ve gone through.","Λες δηλαδή ότι τα αγάλματα φτιάχτηκαν για να στέλνονται αναμνήσεις πίσω στον χρόνο; Μάλλον βγάζει νόημα, δεδομένου ότι κι οι δυο μας θυμόμαστε κάθε βρόχο που έχουμε περάσει."
dialogue:438,dialogue,,135,,"Wait, then it’s just our memories being sent back in time to us, right? Then... are we really experiencing multiple time loops, or not?","Στάσου, τότε μόνο οι αναμνήσεις μας στέλνονται πίσω σε εμάς, σωστά; Τότε... ζούμε στ’ αλήθεια πολλαπλούς χρονικούς βρόχους ή όχι;"
dialogue:439,dialogue,,164,,"That’s pretty deep... Like, maybe our consciousnesses have been through all these loops, but maybe our bodies haven’t, because technically the loops never happened.","Αυτό είναι αρκετά βαθύ... Δηλαδή, ίσως οι συνειδήσεις μας να έχουν περάσει όλους αυτούς τους βρόχους, αλλά τα σώματά μας όχι, γιατί τεχνικά οι βρόχοι δεν συνέβησαν ποτέ."
dialogue:440,dialogue,,83,,"Meaning we’re receiving memories of things that will never happen to us. Cool, huh?","Που σημαίνει ότι λαμβάνουμε αναμνήσεις από πράγματα που δεν θα μας συμβούν ποτέ. Ωραίο, ε;"
dialogue:441,dialogue,,189,,"Right, you told me earlier that the point of the statues is to send memories back in time. Which I guess makes sense, considering we both have our memories of every loop we’ve gone through.","Σωστά, μου το είπες νωρίτερα ότι ο σκοπός των αγαλμάτων είναι να στέλνουν αναμνήσεις πίσω στον χρόνο. Που μάλλον βγάζει νόημα, δεδομένου ότι κι οι δυο μας θυμόμαστε κάθε βρόχο που έχουμε περάσει."
dialogue:442,dialogue,,150,,"I thought about it some more, and I think that means our minds have gone through all these loops, but we haven’t actually gone through them ourselves.","Το σκέφτηκα κι άλλο, και νομίζω ότι αυτό σημαίνει πως τα μυαλά μας έχουν περάσει όλους αυτούς τους βρόχους, αλλά εμείς οι ίδιοι δεν τους περάσαμε ποτέ."
dialogue:443,dialogue,,95,,"Meaning we’re receiving memories of things that technically will never happen to us. Cool, huh?","Που σημαίνει ότι λαμβάνουμε αναμνήσεις από πράγματα που τεχνικά δεν θα μας συμβούν ποτέ. Ωραίο, ε;"
dialogue:444,dialogue,,80,,"Whoa, that’s the cannon breaking apart at the start of each time loop? For real?","Πω πω, αυτό είναι το κανόνι που διαλύεται στην αρχή κάθε χρονικού βρόχου; Σοβαρά;"
dialogue:445,dialogue,,23,,Did you figure out why?,Κατάλαβες γιατί;
dialogue:446,dialogue,,15,,Too much power.,Υπερβολική ισχύς.
dialogue:447,dialogue,,15,,Overenthusiasm.,Υπερβολικός ενθουσιασμός.
dialogue:448,dialogue,,153,,...It’s kind of scary how much that sounds like something Slate or Feldspar would do. I’m pretty surprised the Nomai built something that actually broke!,...Είναι κάπως τρομακτικό πόσο πολύ αυτό μοιάζει με κάτι που θα έκανε ο Σλέιτ ή ο Φέλντσπαρ. Μου κάνει εντύπωση που οι Νομάι έφτιαξαν κάτι που όντως έσπασε!
dialogue:449,dialogue,,173,,"Come to think of it, though, “broke” might be the wrong word. Because it looks like the Orbital Probe Cannon is still firing successfully at the beginning of each time loop.","Αν και τώρα που το σκέφτομαι, «έσπασε» μάλλον δεν είναι η σωστή λέξη. Γιατί φαίνεται ότι το Τροχιακό Κανόνι Βολίδας εξακολουθεί να πυροδοτεί με επιτυχία στην αρχή κάθε χρονικού βρόχου."
dialogue:450,dialogue,,111,,"So the cannon breaks apart right after it launches, huh. Explains what I’m seeing fall from the sky every loop.","Άρα το κανόνι διαλύεται αμέσως μετά την εκτόξευση, ε. Αυτό εξηγεί τι βλέπω να πέφτει από τον ουρανό κάθε βρόχο."
dialogue:451,dialogue,,120,,"I’m still surprised the Nomai built something that isn’t holding together, you know? Them being genius crafters and all.","Ακόμη μου κάνει εντύπωση που οι Νομάι έφτιαξαν κάτι που δεν αντέχει, ξέρεις; Αφού ήταν ιδιοφυείς κατασκευαστές και τα λοιπά."
dialogue:452,dialogue,,210,,"On the other hand, maybe we should be impressed they made something that could last until modern day in the first place. And it looks like the cannon is still firing successfully at the start of each time loop.","Από την άλλη, ίσως θα έπρεπε να εντυπωσιαστούμε που έφτιαξαν κάτι που άντεξε ως τις μέρες μας. Και φαίνεται ότι το κανόνι εξακολουθεί να πυροδοτεί με επιτυχία στην αρχή κάθε χρονικού βρόχου."
dialogue:453,dialogue,,104,,"Yeah, the one in the woods, I remember writing that. Pretty fun, right? It works out to a good 24 poems.","Ναι, εκείνο στο δάσος, θυμάμαι που το έγραψα. Ωραίο, ε; Βγαίνουν κάπου 24 ποιήματα."
dialogue:454,dialogue,,163,,"When I’m done exploring, I want to make some more quantum art. Maybe some kind of creature sculpture that just, like, shows up and scares the daylights out of you.","Όταν τελειώσω με την εξερεύνηση, θέλω να φτιάξω κι άλλη κβαντική τέχνη. Ίσως κάποιο γλυπτό πλάσματος που απλώς, ξέρεις, εμφανίζεται και σου κόβει το αίμα."
dialogue:455,dialogue,,77,,"Yeah, you mentioned that before. Did I look busy in it? I hope I looked busy.","Ναι, μου το ανέφερες και πριν. Φαινόμουν απασχολημένος; Ελπίζω να φαινόμουν απασχολημένος."
dialogue:456,dialogue,,50,,Nice. Did I look busy in it? I hope I looked busy.,Ωραία. Φαινόμουν απασχολημένος; Ελπίζω να φαινόμουν απασχολημένος.
dialogue:457,dialogue,,182,,"Must have been from the time Hornfels sent me to check on the deep space satellite. They thought Ol’ Spacey might be malfunctioning, but I couldn’t find a single thing wrong with it.","Πρέπει να ήταν από τότε που ο Χόρνφελς με έστειλε να δω τον δορυφόρο βαθέος διαστήματος. Νόμιζε ότι ο Γερο-Διαστημάκος μπορεί να είχε βλάβη, αλλά δεν βρήκα ούτε ένα πρόβλημα."
dialogue:458,dialogue,,90,,"Which is probably how it got a shot of my beautiful be-helmeted face, come to think of it.","Που μάλλον έτσι τράβηξε και μια λήψη του πανέμορφου κρανοφορεμένου μου προσώπου, τώρα που το σκέφτομαι."
dialogue:459,dialogue,,249,,"I always thought it was kinda sweet that the best way to find Ol’ Spacey is to use a map that’s generated by the satellite itself, isn’t it? Like it’s inviting us to visit. Good ol’ deep space satellite, always making sure we know where we’re going.","Πάντα μου φαινόταν κάπως γλυκό ότι ο καλύτερος τρόπος να βρεις τον Γερο-Διαστημάκο είναι να χρησιμοποιήσεις έναν χάρτη που φτιάχνει ο ίδιος ο δορυφόρος, έτσι; Σαν να μας προσκαλεί να τον επισκεφτούμε. Καλέ μου δορυφόρε βαθέος διαστήματος, πάντα φροντίζεις να ξέρουμε πού είμαστε."
dialogue:460,dialogue,,35,,Why’d Hornfels think it was broken?,Γιατί νόμιζε ο Χόρνφελς ότι είχε χαλάσει;
dialogue:461,dialogue,,17,,Um. “Ol’ Spacey”?,Εμ. «Γερο-Διαστημάκος»;
dialogue:462,dialogue,,14,,I have a map?!,Έχω χάρτη;!
dialogue:463,dialogue,,163,,"Dunno. Hornfels probably told me why, but Hornfels tells me lots of things, and sometimes I tune out. Or pretend there’s signal interference and I can’t hear them.","Δεν ξέρω. Ο Χόρνφελς μάλλον μου είπε γιατί, αλλά ο Χόρνφελς μου λέει πολλά πράγματα, και καμιά φορά αφαιρούμαι. Ή κάνω ότι έχει παρεμβολές στο σήμα και δεν τον ακούω."
dialogue:464,dialogue,,153,,"Best guess says the deep space satellite must have sent Timber Hearth some weird pictures, but like… what’s considered “weird” for a satellite, you know?","Η καλύτερή μου εικασία λέει ότι ο δορυφόρος βαθέος διαστήματος πρέπει να έστειλε στο Τίμπερ Χαρθ κάτι περίεργες εικόνες, αλλά τι θεωρείται «περίεργο» για έναν δορυφόρο, ξέρεις;"
dialogue:465,dialogue,,177,,"Anyway, if you ever want to visit Ol’ Spacey, fastest way is to jump into your ship and use your solar system map to lock on to the satellite, same as you would any astral body.","Τέλος πάντων, αν θελήσεις ποτέ να επισκεφτείς τον Γερο-Διαστημάκο, ο πιο γρήγορος τρόπος είναι να μπεις στο σκάφος σου και να κλειδώσεις πάνω του με τον χάρτη του ηλιακού συστήματος, όπως θα έκανες με οποιοδήποτε ουράνιο σώμα."
dialogue:466,dialogue,,155,TAGS,"I mean, the satellite’s not <i>super</i> old, but it’s hardly brand-new. “Ol’” is more a term of affection. ...You’re being very literal-minded about this.","Δηλαδή, ο δορυφόρος δεν είναι και <i>πολύ</i> παλιός, αλλά ούτε ολοκαίνουριος. Το «Γερο-» είναι μάλλον όρος αγάπης. ...Το παίρνεις πολύ κυριολεκτικά αυτό."
dialogue:467,dialogue,,195,,"Ol’ Spacey likes visitors, you know! Fastest way to find it is to jump into your ship and use your solar system map to lock on to our faithful satellite friend, same as you would any astral body.","Στον Γερο-Διαστημάκο αρέσουν οι επισκέψεις, ξέρεις! Ο πιο γρήγορος τρόπος να τον βρεις είναι να μπεις στο σκάφος σου και να κλειδώσεις πάνω στον πιστό μας δορυφορικό φίλο με τον χάρτη του ηλιακού συστήματος, όπως θα έκανες με οποιοδήποτε ουράνιο σώμα."
dialogue:468,dialogue,,147,,"Yeah, um, the one that’s standard with all our spacesuits? The one you have with you at all times that opens with the press of a button? …That map?","Ναι, εμ, εκείνον που έρχεται στάνταρ με όλες τις στολές μας; Εκείνον που έχεις πάνω σου συνεχώς και ανοίγει με ένα πάτημα; …Εκείνον τον χάρτη;"
dialogue:469,dialogue,,144,,"You didn’t get conked on the head by a rock or a meteorite or something on your way here, did you? No shame in that. Happens to me all the time!","Δεν σε χτύπησε κανένας βράχος ή μετεωρίτης στο κεφάλι στον δρόμο για εδώ, έτσι; Δεν είναι ντροπή. Εμένα μου συμβαίνει συνέχεια!"
dialogue:470,dialogue,,191,,"In case you were hit especially hard, don’t forget that you can jump into your ship and use your solar system map to lock on to any astral body. It’s the easiest way to visit Ol’ Spacey, too.","Σε περίπτωση που χτύπησες ιδιαίτερα άσχημα, μην ξεχνάς ότι μπορείς να μπεις στο σκάφος σου και να κλειδώσεις πάνω σε οποιοδήποτε ουράνιο σώμα με τον χάρτη του ηλιακού συστήματος. Είναι και ο πιο εύκολος τρόπος να επισκεφτείς τον Γερο-Διαστημάκο."
dialogue:471,dialogue,,104,,"No worries. Feel free to let me know when you do find something cool, though. You know where to find me.","Κανένα πρόβλημα. Πες μου ελεύθερα όταν βρεις κάτι ωραίο, πάντως. Ξέρεις πού θα με βρεις."
dialogue:472,dialogue,,71,TAGS,I was hoping you’d be back - something <i>really</i> weird is going on.,Ήλπιζα να γυρίσεις — κάτι <i>πολύ</i> περίεργο συμβαίνει.
dialogue:473,dialogue,,34,,Do you think we’re in a time loop?,Λες να είμαστε σε χρονικό βρόχο;
dialogue:474,dialogue,,32,,We’re definitely in a time loop.,Σίγουρα είμαστε σε χρονικό βρόχο.
dialogue:475,dialogue,,194,,"Yeah, a time loop makes the most sense, right? Or at least, it’s some kind of fidgety time business. Hard to say what’s happening to the shape of time, exactly, but let’s go with “loop” for now.","Ναι, ο χρονικός βρόχος βγάζει το περισσότερο νόημα, έτσι; Ή τουλάχιστον, είναι κάποια νευρική δουλειά του χρόνου. Δύσκολο να πεις τι ακριβώς γίνεται με το σχήμα του χρόνου, αλλά ας πούμε «βρόχο» προς το παρόν."
dialogue:476,dialogue,,33,,"Oh. Yeah, that makes sense. Cool.","Α. Ναι, βγάζει νόημα. Ωραία."
dialogue:477,dialogue,,31,,You’re taking this pretty well.,Το παίρνεις αρκετά ήρεμα.
dialogue:478,dialogue,,26,,What did you think it was?,Τι νόμιζες ότι ήταν;
dialogue:479,dialogue,,102,,"Heh, right back at you. Personally, I like new experiences, and I’ve never been in a time loop before.","Χεχ, το ίδιο κι εσύ. Προσωπικά, μου αρέσουν οι νέες εμπειρίες, και δεν έχω ξαναβρεθεί σε χρονικό βρόχο."
dialogue:480,dialogue,,118,TAGS,"Well. I don’t <i>think</i> I’ve been in a time loop before this one, but then, it’s not like I can know that for sure.","Λοιπόν. Δεν <i>νομίζω</i> ότι έχω ξαναβρεθεί σε χρονικό βρόχο πριν από αυτόν, αλλά πάλι, δεν μπορώ και να το ξέρω σίγουρα."
dialogue:481,dialogue,,196,,"I figured it’d be some kind of fidgety time business, but I wasn’t really thinking about what’s happening to the shape of time, you know? But a loop makes sense here. Let’s go with “loop” for now.","Φαντάστηκα ότι θα ήταν κάποια νευρική δουλειά του χρόνου, αλλά δεν σκεφτόμουν και πολύ το τι γίνεται με το σχήμα του χρόνου, ξέρεις; Αλλά ο βρόχος βγάζει νόημα εδώ. Ας πούμε «βρόχο» προς το παρόν."
dialogue:482,dialogue,,164,,"So it looks like you and I are the only ones who know we’re in a time loop. And even if you tell them about it, no one remembers by the next loop. What’s with that?","Οπότε φαίνεται πως εσύ κι εγώ είμαστε οι μόνοι που ξέρουμε ότι είμαστε σε χρονικό βρόχο. Και ακόμη κι αν το πεις σε κάποιον, κανείς δεν το θυμάται στον επόμενο βρόχο. Τι παίζει μ’ αυτό;"
dialogue:483,dialogue,,87,,Maybe it’s because we both made some seriously intense eye contact with a Nomai statue?,Ίσως επειδή κι οι δυο μας κοιταχτήκαμε πολύ έντονα στα μάτια με ένα άγαλμα των Νομάι;
dialogue:484,dialogue,,186,,"I’m seeing my memories replay each time I die, just like I did when the Nomai statue on the beach opened its eyes and looked at me. So maybe... no glowing statue, no time loop awareness?","Βλέπω τις αναμνήσεις μου να ξαναπαίζουν κάθε φορά που πεθαίνω, ακριβώς όπως όταν το άγαλμα των Νομάι στην παραλία άνοιξε τα μάτια του και με κοίταξε. Οπότε ίσως... χωρίς λαμπερό άγαλμα, χωρίς επίγνωση του βρόχου;"
dialogue:485,dialogue,,147,,"I think that’s going to be my leading theory, but if you find out anything new about the statues or the time loop, let me know, okay? I’ll be here.","Νομίζω ότι αυτή θα είναι η βασική μου θεωρία, αλλά αν μάθεις κάτι καινούριο για τα αγάλματα ή τον χρονικό βρόχο, πες μου, εντάξει; Εδώ θα είμαι."
dialogue:486,dialogue,,26,,"Hey, my time buddy’s back!","Έλα, γύρισε ο χρονοφίλος μου!"
dialogue:487,dialogue,,14,,So what’s new?,"Λοιπόν, τι νέα;"
dialogue:488,dialogue,,44,,"Well, what are any of us doing here, really?","Ε, τι κάνει ο καθένας μας εδώ, στ’ αλήθεια;"
dialogue:489,dialogue,,79,,"...Nah, I’m just kidding. I’m out here exploring our solar system, same as you.","...Καλά, πλάκα κάνω. Εξερευνώ το ηλιακό μας σύστημα, όπως κι εσύ."
dialogue:490,dialogue,,98,,"But I tell you what, outer space really gives you room to think. It’s quiet and peaceful out here.",Αλλά να σου πω κάτι: το διάστημα σου δίνει χώρο να σκεφτείς. Είναι ήσυχα και ειρηνικά εδώ πέρα.
dialogue:491,dialogue,,150,,"I mean, it’s usually quiet and peaceful. Sometimes a cyclone comes by and lifts my little island paradise clean out of the water. Then: less peaceful.","Δηλαδή, συνήθως είναι ήσυχα και ειρηνικά. Καμιά φορά περνάει ένας κυκλώνας και σηκώνει τον μικρό μου νησιωτικό παράδεισο κατευθείαν έξω από το νερό. Τότε: λιγότερο ειρηνικά."
dialogue:492,dialogue,,172,,"Here’s something you might like — at the start of every time loop, I keep seeing a bright flash in the sky. Something must be happening up there in orbit around the planet.","Να κάτι που ίσως σου αρέσει — στην αρχή κάθε χρονικού βρόχου βλέπω μια έντονη λάμψη στον ουρανό. Κάτι πρέπει να συμβαίνει εκεί πάνω, σε τροχιά γύρω από τον πλανήτη."
dialogue:493,dialogue,,187,TAGS,"What else, what else... Have you been to Statue Island? That’s what I’ve been calling it, seeing as it’s the <i>island</i> where I found the glowing Nomai <i>statue</i>.<Pause> ...Get it?","Τι άλλο, τι άλλο... Έχεις πάει στο Νησί του Αγάλματος; Έτσι το λέω εγώ, μιας και είναι το <i>νησί</i> όπου βρήκα το λαμπερό <i>άγαλμα</i> των Νομάι.<Pause> ...Το ’πιασες;"
dialogue:494,dialogue,,191,,"I was on the beach on Statue Island when the whole glowy business happened, by the way. It’s a nice beach for that kind of thing. I give it a solid 7 out of 10 on the Gabbro Relaxation Scale.","Παρεμπιπτόντως, ήμουν στην παραλία στο Νησί του Αγάλματος όταν έγινε όλη αυτή η λαμπερή ιστορία. Ωραία παραλία για τέτοια πράγματα. Της βάζω ένα γερό 7 στα 10 στην Κλίμακα Χαλάρωσης Γκάμπρο."
dialogue:495,dialogue,,154,,"If you feel like checking out Statue Island, it’s the one with two islands connected by a natural rock arch. Well... mostly connected, anyway. You’ll see.","Αν σου κάνει κέφι να δεις το Νησί του Αγάλματος, είναι εκείνο με τα δύο νησιά που ενώνονται με μια φυσική βραχώδη αψίδα. Ε... κυρίως ενώνονται, τέλος πάντων. Θα δεις."
dialogue:496,dialogue,,20,,"Haha, I know, right?","Χαχα, ε;"
dialogue:497,dialogue,,126,,"...Oh, you meant, like, tell you more about it? I gotcha. Well, Giant’s Deep is massive, and mostly water. No surprises there.","...Α, εννοούσες να σου πω περισσότερα γι’ αυτόν; Κατάλαβα. Λοιπόν, ο Τζάιαντς Ντιπ είναι τεράστιος και ως επί το πλείστον νερό. Καμία έκπληξη εκεί."
dialogue:498,dialogue,,195,,"There’s a strong current a ways beneath the surface that prevents anything from sinking below it. Seriously, I tried everything I could think of to get past that current, and neither idea worked.","Υπάρχει ένα ισχυρό ρεύμα αρκετά κάτω από την επιφάνεια που εμποδίζει οτιδήποτε να βυθιστεί πιο κάτω. Σοβαρά, δοκίμασα ό,τι μπορούσα να σκεφτώ για να περάσω αυτό το ρεύμα, και καμία από τις δύο ιδέες δεν δούλεψε."
dialogue:499,dialogue,,130,,"As for land masses, I’ve counted four islands, including this one. There’s also the one with that Nomai statue I saw on the beach.","Όσο για στεριές, έχω μετρήσει τέσσερα νησιά, μαζί με αυτό. Υπάρχει και εκείνο με το άγαλμα των Νομάι που είδα στην παραλία."
dialogue:500,dialogue,,195,,"You’ve seen the cyclones? Yeah, they’re hard to miss. They’ll toss up everything in their path, islands included. Little tip - if you get picked up, try to land in water. Less likely to kill you.","Είδες τους κυκλώνες; Ναι, δύσκολα τους προσπερνάς. Πετάνε ψηλά ό,τι βρουν μπροστά τους, μαζί και τα νησιά. Μια μικρή συμβουλή — αν σε σηκώσουν, προσπάθησε να προσγειωθείς στο νερό. Λιγότερες πιθανότητες να σε σκοτώσει."
dialogue:501,dialogue,,165,,"So the Nomai created those head statues to record memories, huh? ...Yeah, I could see the Nomai doing that. Not sure what for, but it seems like their sort of thing.","Άρα οι Νομάι έφτιαξαν εκείνα τα αγάλματα-κεφάλια για να καταγράφουν αναμνήσεις, ε; ...Ναι, τους βλέπω τους Νομάι να το κάνουν αυτό. Δεν ξέρω για ποιον λόγο, αλλά μου μοιάζει δικό τους πράγμα."
dialogue:502,dialogue,,149,,"Do you think the statues are recording our memories, then? ’Cause I remember that one on the beach looked at me funny. That must be my memory-friend!",Λες λοιπόν τα αγάλματα να καταγράφουν τις δικές μας αναμνήσεις; Γιατί θυμάμαι ότι εκείνο στην παραλία με κοίταξε περίεργα. Αυτός πρέπει να είναι ο μνημονικός μου φίλος!
dialogue:503,dialogue,,110,TAGS,"Wait, whoa, really? The Nomai carved out Ash Twin and built a time loop device inside? ...That is <i>wild</i>.","Στάσου, πω πω, αλήθεια; Οι Νομάι σκάλισαν τον Δίδυμο της Στάχτης και έχτισαν μέσα μια συσκευή χρονικού βρόχου; ...Αυτό είναι <i>τρελό</i>."
dialogue:504,dialogue,,132,,"Now we know what’s causing the loop, then. And... if it’s caused by a device, that must mean it had to be switched on, right? Huh...","Άρα τώρα ξέρουμε τι προκαλεί τον βρόχο. Και... αν τον προκαλεί μια συσκευή, τότε κάποιος θα πρέπει να την άναψε, σωστά; Χμ..."
dialogue:505,dialogue,,161,,"Hey, what do you think would happen if you turned off the time loop? Like, there’s a part of me thinks maybe you shouldn’t, what with the sun blowing up and all.","Ρε, τι λες να γινόταν αν έκλεινες τον χρονικό βρόχο; Ένα κομμάτι μου λέει ότι ίσως δεν θα έπρεπε, μιας και ο ήλιος ανατινάζεται και τα λοιπά."
dialogue:506,dialogue,,66,,"Then again, who wants to spend eternity being blown up by the sun?","Από την άλλη, ποιος θέλει να περνάει την αιωνιότητα ανατιναγμένος από τον ήλιο;"
dialogue:507,dialogue,,148,,"...I dunno, I’m no time loop expert. I’m just gonna sit here and ponder the intricacies of time and space. Maybe take a nap, too, if I feel like it.","...Δεν ξέρω, δεν είμαι ειδικός στους χρονικούς βρόχους. Εγώ θα κάτσω εδώ να στοχάζομαι τις λεπτότητες του χρόνου και του χώρου. Ίσως πάρω και έναν υπνάκο, αν μου κάτσει."
dialogue:508,dialogue,,173,,"You’re saying the statues were made so memories could be sent back in time? I guess that makes sense, considering we both have our memories of every loop we’ve gone through.","Λες δηλαδή ότι τα αγάλματα φτιάχτηκαν για να στέλνονται αναμνήσεις πίσω στον χρόνο; Μάλλον βγάζει νόημα, δεδομένου ότι κι οι δυο μας θυμόμαστε κάθε βρόχο που έχουμε περάσει."
dialogue:509,dialogue,,135,,"Wait, then it’s just our memories being sent back in time to us, right? Then... are we really experiencing multiple time loops, or not?","Στάσου, τότε μόνο οι αναμνήσεις μας στέλνονται πίσω σε εμάς, σωστά; Τότε... ζούμε στ’ αλήθεια πολλαπλούς χρονικούς βρόχους ή όχι;"
dialogue:510,dialogue,,164,,"That’s pretty deep... Like, maybe our consciousnesses have been through all these loops, but maybe our bodies haven’t, because technically the loops never happened.","Αυτό είναι αρκετά βαθύ... Δηλαδή, ίσως οι συνειδήσεις μας να έχουν περάσει όλους αυτούς τους βρόχους, αλλά τα σώματά μας όχι, γιατί τεχνικά οι βρόχοι δεν συνέβησαν ποτέ."
dialogue:511,dialogue,,83,,"Meaning we’re receiving memories of things that will never happen to us. Cool, huh?","Που σημαίνει ότι λαμβάνουμε αναμνήσεις από πράγματα που δεν θα μας συμβούν ποτέ. Ωραίο, ε;"
dialogue:512,dialogue,,80,,"Whoa, that’s the cannon breaking apart at the start of each time loop? For real?","Πω πω, αυτό είναι το κανόνι που διαλύεται στην αρχή κάθε χρονικού βρόχου; Σοβαρά;"
dialogue:513,dialogue,,23,,Did you figure out why?,Κατάλαβες γιατί;
dialogue:514,dialogue,,15,,Too much power.,Υπερβολική ισχύς.
dialogue:515,dialogue,,15,,Overenthusiasm.,Υπερβολικός ενθουσιασμός.
dialogue:516,dialogue,,153,,...It’s kind of scary how much that sounds like something Slate or Feldspar would do. I’m pretty surprised the Nomai built something that actually broke!,...Είναι κάπως τρομακτικό πόσο πολύ αυτό μοιάζει με κάτι που θα έκανε ο Σλέιτ ή ο Φέλντσπαρ. Μου κάνει εντύπωση που οι Νομάι έφτιαξαν κάτι που όντως έσπασε!
dialogue:517,dialogue,,173,,"Come to think of it, though, “broke” might be the wrong word. Because it looks like the Orbital Probe Cannon is still firing successfully at the beginning of each time loop.","Αν και τώρα που το σκέφτομαι, «έσπασε» μάλλον δεν είναι η σωστή λέξη. Γιατί φαίνεται ότι το Τροχιακό Κανόνι Βολίδας εξακολουθεί να πυροδοτεί με επιτυχία στην αρχή κάθε χρονικού βρόχου."
dialogue:518,dialogue,,111,,"So the cannon breaks apart right after it launches, huh. Explains what I’m seeing fall from the sky every loop.","Άρα το κανόνι διαλύεται αμέσως μετά την εκτόξευση, ε. Αυτό εξηγεί τι βλέπω να πέφτει από τον ουρανό κάθε βρόχο."
dialogue:519,dialogue,,120,,"I’m still surprised the Nomai built something that isn’t holding together, you know? Them being genius crafters and all.","Ακόμη μου κάνει εντύπωση που οι Νομάι έφτιαξαν κάτι που δεν αντέχει, ξέρεις; Αφού ήταν ιδιοφυείς κατασκευαστές και τα λοιπά."
dialogue:520,dialogue,,210,,"On the other hand, maybe we should be impressed they made something that could last until modern day in the first place. And it looks like the cannon is still firing successfully at the start of each time loop.","Από την άλλη, ίσως θα έπρεπε να εντυπωσιαστούμε που έφτιαξαν κάτι που άντεξε ως τις μέρες μας. Και φαίνεται ότι το κανόνι εξακολουθεί να πυροδοτεί με επιτυχία στην αρχή κάθε χρονικού βρόχου."
dialogue:521,dialogue,,104,,"Yeah, the one in the woods, I remember writing that. Pretty fun, right? It works out to a good 24 poems.","Ναι, εκείνο στο δάσος, θυμάμαι που το έγραψα. Ωραίο, ε; Βγαίνουν κάπου 24 ποιήματα."
dialogue:522,dialogue,,163,,"When I’m done exploring, I want to make some more quantum art. Maybe some kind of creature sculpture that just, like, shows up and scares the daylights out of you.","Όταν τελειώσω με την εξερεύνηση, θέλω να φτιάξω κι άλλη κβαντική τέχνη. Ίσως κάποιο γλυπτό πλάσματος που απλώς, ξέρεις, εμφανίζεται και σου κόβει το αίμα."
dialogue:523,dialogue,,93,,"Hey, time pal! Nice weather we’re having, huh? <Pause />...Wait. Have I used that one before?","Έλα, χρονοφίλε! Ωραίος καιρός σήμερα, ε; <Pause />...Στάσου. Το έχω ξαναπεί αυτό;"
dialogue:524,dialogue,,62,,If it isn’t my time buddy! How’s space treating you this loop?,"Για δες, ο χρονοφίλος μου! Πώς σου φέρεται το διάστημα αυτόν τον βρόχο;"
dialogue:525,dialogue,,67,,"Heyo, time buddy. It’s a good thing I never get bored of rain, huh?","Γεια σου, χρονοφίλε. Ευτυχώς που δεν βαριέμαι ποτέ τη βροχή, ε;"
dialogue:526,dialogue,,87,,"You know, I kind of wish I’d built a hammock here before we ended up in this time loop.","Ξέρεις, κάπως θα ήθελα να είχα φτιάξει μια αιώρα εδώ πριν καταλήξουμε σε αυτόν τον χρονικό βρόχο."
dialogue:527,dialogue,,114,,"A few loops ago, a cyclone came by and tossed my little island into space. Dying like that was kind of unpleasant.","Πριν από μερικούς βρόχους, πέρασε ένας κυκλώνας και πέταξε το μικρό μου νησί στο διάστημα. Το να πεθάνεις έτσι ήταν κάπως δυσάρεστο."
dialogue:528,dialogue,,22,,Hello again. ...Again.,Γεια σου ξανά. ...Ξανά.
dialogue:529,dialogue,,10,,What’s up?,Τι λέει;
dialogue:530,dialogue,,64,,How do you stay so calm in the face of repeated impending death?,Πώς μένεις τόσο ήρεμος μπροστά σε έναν επικείμενο θάνατο που επαναλαμβάνεται;
dialogue:531,dialogue,,42,,"Deep breaths... no, seriously, I meditate.","Βαθιές ανάσες... όχι, σοβαρά, κάνω διαλογισμό."
dialogue:532,dialogue,,64,,Want me to teach you? It'll be the next loop before you know it.,Θες να σου μάθω; Θα έχει έρθει ο επόμενος βρόχος πριν το καταλάβεις.
dialogue:533,dialogue,,14,,"Sure, why not.","Ναι, γιατί όχι."
dialogue:534,dialogue,,14,,"Nah, I'm good.","Όχι, ευχαριστώ."
dialogue:535,dialogue,,22,,"Ok, close your eyes...","Ωραία, κλείσε τα μάτια σου..."
dialogue:536,dialogue,,93,,"Ok, let me know if you change your mind. Time flies when you're in a deep, meditative trance.","Εντάξει, πες μου αν αλλάξεις γνώμη. Ο χρόνος πετάει όταν είσαι σε βαθιά διαλογιστική έκσταση."
dialogue:537,dialogue,,44,,"Well, what are any of us doing here, really?","Ε, τι κάνει ο καθένας μας εδώ, στ’ αλήθεια;"
dialogue:538,dialogue,,79,,"...Nah, I’m just kidding. I’m out here exploring our solar system, same as you.","...Καλά, πλάκα κάνω. Εξερευνώ το ηλιακό μας σύστημα, όπως κι εσύ."
dialogue:539,dialogue,,98,,"But I tell you what, outer space really gives you room to think. It’s quiet and peaceful out here.",Αλλά να σου πω κάτι: το διάστημα σου δίνει χώρο να σκεφτείς. Είναι ήσυχα και ειρηνικά εδώ πέρα.
dialogue:540,dialogue,,150,,"I mean, it’s usually quiet and peaceful. Sometimes a cyclone comes by and lifts my little island paradise clean out of the water. Then: less peaceful.","Δηλαδή, συνήθως είναι ήσυχα και ειρηνικά. Καμιά φορά περνάει ένας κυκλώνας και σηκώνει τον μικρό μου νησιωτικό παράδεισο κατευθείαν έξω από το νερό. Τότε: λιγότερο ειρηνικά."
dialogue:541,dialogue,,172,,"Here’s something you might like — at the start of every time loop, I keep seeing a bright flash in the sky. Something must be happening up there in orbit around the planet.","Να κάτι που ίσως σου αρέσει — στην αρχή κάθε χρονικού βρόχου βλέπω μια έντονη λάμψη στον ουρανό. Κάτι πρέπει να συμβαίνει εκεί πάνω, σε τροχιά γύρω από τον πλανήτη."
dialogue:542,dialogue,,187,TAGS,"What else, what else... Have you been to Statue Island? That’s what I’ve been calling it, seeing as it’s the <i>island</i> where I found the glowing Nomai <i>statue</i>.<Pause> ...Get it?","Τι άλλο, τι άλλο... Έχεις πάει στο Νησί του Αγάλματος; Έτσι το λέω εγώ, μιας και είναι το <i>νησί</i> όπου βρήκα το λαμπερό <i>άγαλμα</i> των Νομάι.<Pause> ...Το ’πιασες;"
dialogue:543,dialogue,,191,,"I was on the beach on Statue Island when the whole glowy business happened, by the way. It’s a nice beach for that kind of thing. I give it a solid 7 out of 10 on the Gabbro Relaxation Scale.","Παρεμπιπτόντως, ήμουν στην παραλία στο Νησί του Αγάλματος όταν έγινε όλη αυτή η λαμπερή ιστορία. Ωραία παραλία για τέτοια πράγματα. Της βάζω ένα γερό 7 στα 10 στην Κλίμακα Χαλάρωσης Γκάμπρο."
dialogue:544,dialogue,,154,,"If you feel like checking out Statue Island, it’s the one with two islands connected by a natural rock arch. Well... mostly connected, anyway. You’ll see.","Αν σου κάνει κέφι να δεις το Νησί του Αγάλματος, είναι εκείνο με τα δύο νησιά που ενώνονται με μια φυσική βραχώδη αψίδα. Ε... κυρίως ενώνονται, τέλος πάντων. Θα δεις."
dialogue:545,dialogue,,20,,"Haha, I know, right?","Χαχα, ε;"
dialogue:546,dialogue,,126,,"...Oh, you meant, like, tell you more about it? I gotcha. Well, Giant’s Deep is massive, and mostly water. No surprises there.","...Α, εννοούσες να σου πω περισσότερα γι’ αυτόν; Κατάλαβα. Λοιπόν, ο Τζάιαντς Ντιπ είναι τεράστιος και ως επί το πλείστον νερό. Καμία έκπληξη εκεί."
dialogue:547,dialogue,,195,,"There’s a strong current a ways beneath the surface that prevents anything from sinking below it. Seriously, I tried everything I could think of to get past that current, and neither idea worked.","Υπάρχει ένα ισχυρό ρεύμα αρκετά κάτω από την επιφάνεια που εμποδίζει οτιδήποτε να βυθιστεί πιο κάτω. Σοβαρά, δοκίμασα ό,τι μπορούσα να σκεφτώ για να περάσω αυτό το ρεύμα, και καμία από τις δύο ιδέες δεν δούλεψε."
dialogue:548,dialogue,,130,,"As for land masses, I’ve counted four islands, including this one. There’s also the one with that Nomai statue I saw on the beach.","Όσο για στεριές, έχω μετρήσει τέσσερα νησιά, μαζί με αυτό. Υπάρχει και εκείνο με το άγαλμα των Νομάι που είδα στην παραλία."
dialogue:549,dialogue,,195,,"You’ve seen the cyclones? Yeah, they’re hard to miss. They’ll toss up everything in their path, islands included. Little tip — if you get picked up, try to land in water. Less likely to kill you.","Είδες τους κυκλώνες; Ναι, δύσκολα τους προσπερνάς. Πετάνε ψηλά ό,τι βρουν μπροστά τους, μαζί και τα νησιά. Μια μικρή συμβουλή — αν σε σηκώσουν, προσπάθησε να προσγειωθείς στο νερό. Λιγότερες πιθανότητες να σε σκοτώσει."
dialogue:550,dialogue,,165,,"So the Nomai created those head statues to record memories, huh? ...Yeah, I could see the Nomai doing that. Not sure what for, but it seems like their sort of thing.","Άρα οι Νομάι έφτιαξαν εκείνα τα αγάλματα-κεφάλια για να καταγράφουν αναμνήσεις, ε; ...Ναι, τους βλέπω τους Νομάι να το κάνουν αυτό. Δεν ξέρω για ποιον λόγο, αλλά μου μοιάζει δικό τους πράγμα."
dialogue:551,dialogue,,149,,"Do you think the statues are recording our memories, then? ’Cause I remember that one on the beach looked at me funny. That must be my memory-friend!",Λες λοιπόν τα αγάλματα να καταγράφουν τις δικές μας αναμνήσεις; Γιατί θυμάμαι ότι εκείνο στην παραλία με κοίταξε περίεργα. Αυτός πρέπει να είναι ο μνημονικός μου φίλος!
dialogue:552,dialogue,,110,TAGS,"Wait, whoa, really? The Nomai carved out Ash Twin and built a time loop device inside? ...That is <i>wild</i>.","Στάσου, πω πω, αλήθεια; Οι Νομάι σκάλισαν τον Δίδυμο της Στάχτης και έχτισαν μέσα μια συσκευή χρονικού βρόχου; ...Αυτό είναι <i>τρελό</i>."
dialogue:553,dialogue,,132,,"Now we know what’s causing the loop, then. And... if it’s caused by a device, that must mean it had to be switched on, right? Huh...","Άρα τώρα ξέρουμε τι προκαλεί τον βρόχο. Και... αν τον προκαλεί μια συσκευή, τότε κάποιος θα πρέπει να την άναψε, σωστά; Χμ..."
dialogue:554,dialogue,,161,,"Hey, what do you think would happen if you turned off the time loop? Like, there’s a part of me thinks maybe you shouldn’t, what with the sun blowing up and all.","Ρε, τι λες να γινόταν αν έκλεινες τον χρονικό βρόχο; Ένα κομμάτι μου λέει ότι ίσως δεν θα έπρεπε, μιας και ο ήλιος ανατινάζεται και τα λοιπά."
dialogue:555,dialogue,,66,,"Then again, who wants to spend eternity being blown up by the sun?","Από την άλλη, ποιος θέλει να περνάει την αιωνιότητα ανατιναγμένος από τον ήλιο;"
dialogue:556,dialogue,,142,,"Well, I’m no time loop expert. I’m just gonna sit here and ponder the intricacies of time and space. Maybe take a nap, too, if I feel like it.","Ε, δεν είμαι ειδικός στους χρονικούς βρόχους. Εγώ θα κάτσω εδώ να στοχάζομαι τις λεπτότητες του χρόνου και του χώρου. Ίσως πάρω και έναν υπνάκο, αν μου κάτσει."
dialogue:557,dialogue,,173,,"You’re saying the statues were made so memories could be sent back in time? I guess that makes sense, considering we both have our memories of every loop we’ve gone through.","Λες δηλαδή ότι τα αγάλματα φτιάχτηκαν για να στέλνονται αναμνήσεις πίσω στον χρόνο; Μάλλον βγάζει νόημα, δεδομένου ότι κι οι δυο μας θυμόμαστε κάθε βρόχο που έχουμε περάσει."
dialogue:558,dialogue,,135,,"Wait, then it’s just our memories being sent back in time to us, right? Then... are we really experiencing multiple time loops, or not?","Στάσου, τότε μόνο οι αναμνήσεις μας στέλνονται πίσω σε εμάς, σωστά; Τότε... ζούμε στ’ αλήθεια πολλαπλούς χρονικούς βρόχους ή όχι;"
dialogue:559,dialogue,,164,,"That’s pretty deep... Like, maybe our consciousnesses have been through all these loops, but maybe our bodies haven’t, because technically the loops never happened.","Αυτό είναι αρκετά βαθύ... Δηλαδή, ίσως οι συνειδήσεις μας να έχουν περάσει όλους αυτούς τους βρόχους, αλλά τα σώματά μας όχι, γιατί τεχνικά οι βρόχοι δεν συνέβησαν ποτέ."
dialogue:560,dialogue,,83,,"Meaning we’re receiving memories of things that will never happen to us. Cool, huh?","Που σημαίνει ότι λαμβάνουμε αναμνήσεις από πράγματα που δεν θα μας συμβούν ποτέ. Ωραίο, ε;"
dialogue:561,dialogue,,80,,"Whoa, that’s the cannon breaking apart at the start of each time loop? For real?","Πω πω, αυτό είναι το κανόνι που διαλύεται στην αρχή κάθε χρονικού βρόχου; Σοβαρά;"
dialogue:562,dialogue,,23,,Did you figure out why?,Κατάλαβες γιατί;
dialogue:563,dialogue,,15,,Too much power.,Υπερβολική ισχύς.
dialogue:564,dialogue,,15,,Overenthusiasm.,Υπερβολικός ενθουσιασμός.
dialogue:565,dialogue,,153,,...It’s kind of scary how much that sounds like something Slate or Feldspar would do. I’m pretty surprised the Nomai built something that actually broke!,...Είναι κάπως τρομακτικό πόσο πολύ αυτό μοιάζει με κάτι που θα έκανε ο Σλέιτ ή ο Φέλντσπαρ. Μου κάνει εντύπωση που οι Νομάι έφτιαξαν κάτι που όντως έσπασε!
dialogue:566,dialogue,,173,,"Come to think of it, though, “broke” might be the wrong word. Because it looks like the Orbital Probe Cannon is still firing successfully at the beginning of each time loop.","Αν και τώρα που το σκέφτομαι, «έσπασε» μάλλον δεν είναι η σωστή λέξη. Γιατί φαίνεται ότι το Τροχιακό Κανόνι Βολίδας εξακολουθεί να πυροδοτεί με επιτυχία στην αρχή κάθε χρονικού βρόχου."
dialogue:567,dialogue,,107,,"Oh yeah, the one in the woods, I remember writing that. Pretty fun, right? It works out to a good 24 poems.","Α ναι, εκείνο στο δάσος, θυμάμαι που το έγραψα. Ωραίο, ε; Βγαίνουν κάπου 24 ποιήματα."
dialogue:568,dialogue,,189,,"When I’m done exploring, I want to make some more quantum art. Maybe some kind of creature sculpture that just, like, shows up while your back is turned and scares the daylights out of you.","Όταν τελειώσω με την εξερεύνηση, θέλω να φτιάξω κι άλλη κβαντική τέχνη. Ίσως κάποιο γλυπτό πλάσματος που απλώς, ξέρεις, εμφανίζεται όσο έχεις γυρισμένη την πλάτη και σου κόβει το αίμα."
dialogue:569,dialogue,,9,,RECORDING,ΗΧΟΓΡΑΦΗΣΗ
dialogue:570,dialogue,,154,,"Gabbro here, checking in on the deep space satellite per ground control's request to check out a possible equipment problem. See, Hornfels? I do too work!","Εδώ Γκάμπρο, ελέγχω τον δορυφόρο βαθέος διαστήματος κατόπιν αιτήματος του επίγειου ελέγχου για πιθανή βλάβη εξοπλισμού. Βλέπεις, Χόρνφελς; Δουλεύω κι εγώ!"
dialogue:571,dialogue,,170,,"You know, I wouldn’t mind being a satellite. It's peaceful out here, among the distant stars and the soft, velvety darkness… Bet it's (yawn) awfully nice for naps, too...","Ξέρεις, δεν θα με πείραζε να ήμουν δορυφόρος. Είναι ειρηνικά εδώ έξω, ανάμεσα στα μακρινά αστέρια και στο απαλό, βελούδινο σκοτάδι… Βάζω στοίχημα ότι είναι (χασμουρητό) πολύ ωραία και για υπνάκους..."
dialogue:572,dialogue,,3,,...,...
dialogue:573,dialogue,,20,,"Oh, right. The lens.","Α, ναι. Ο φακός."
dialogue:574,dialogue,,57,,"Alright, little satellite, let's see what the trouble is.","Λοιπόν, μικρέ δορυφόρε, για να δούμε ποιο είναι το πρόβλημα."
dialogue:575,dialogue,,191,,"...Huh. Everything looks a-okay, ground control. No dust or scratches on the lens, and no evidence of sparking or violent explosions. Guess that rules out an equipment malfunction, after all.","...Χμ. Όλα φαίνονται μια χαρά, επίγειε έλεγχε. Ούτε σκόνη ούτε γρατζουνιές στον φακό, και κανένα ίχνος σπινθήρων ή βίαιων εκρήξεων. Μάλλον αυτό αποκλείει τη βλάβη εξοπλισμού τελικά."
dialogue:576,dialogue,,70,,"Hear that, pal? You’re in great shape. Keep up the good work out here!","Το άκουσες, φιλαράκο; Είσαι σε άριστη κατάσταση. Συνέχισε την καλή δουλειά εδώ έξω!"
dialogue:577,dialogue,,4,,SIGN,ΠΙΝΑΚΙΔΑ
dialogue:578,dialogue,,25,,CLOSED DUE TO FIRE DAMAGE,ΚΛΕΙΣΤΟ ΛΟΓΩ ΖΗΜΙΩΝ ΑΠΟ ΠΥΡΚΑΓΙΑ
dialogue:579,dialogue,,154,,"The old radio tower, while an important landmark, is unfortunately closed thanks to the unsanctioned flight testing of an extremely powerful model rocket.","Ο παλιός πύργος ασυρμάτου, αν και σημαντικό ορόσημο, είναι δυστυχώς κλειστός εξαιτίας της χωρίς άδεια δοκιμαστικής πτήσης ενός εξαιρετικά ισχυρού μοντέλου πυραύλου."
dialogue:580,dialogue,,153,,"While we hope to repair the radio tower in the future, all construction efforts are currently focused on the planned museum expansion at the Observatory.","Αν και ελπίζουμε να επισκευάσουμε τον πύργο στο μέλλον, όλες οι κατασκευαστικές μας προσπάθειες επικεντρώνονται προς το παρόν στη σχεδιαζόμενη επέκταση του μουσείου στο Παρατηρητήριο."
dialogue:581,dialogue,,77,NL,"Sincerest apologies, except to Slate and Mica,\\n\\nHornfels (museum curator)","Ειλικρινείς συγγνώμες, εκτός από τον Σλέιτ και τη Μάικα,\\n\\nΧόρνφελς (έφορος μουσείου)"
dialogue:582,dialogue,,188,,"The radio tower here on Timber Hearth was built to receive transmissions from our deep space satellite, and to this day still houses the first-ever photos taken of the entire solar system.","Ο πύργος ασυρμάτου εδώ στο Τίμπερ Χαρθ χτίστηκε για να λαμβάνει μεταδόσεις από τον δορυφόρο βαθέος διαστήματος, και μέχρι σήμερα φιλοξενεί τις πρώτες φωτογραφίες που τραβήχτηκαν ποτέ ολόκληρου του ηλιακού συστήματος."
dialogue:583,dialogue,,154,,These photos were made possible by the deep space satellite’s unusual vertical orbit that carries it high above (and below) the plane of the solar system.,"Αυτές οι φωτογραφίες έγιναν δυνατές χάρη στην ασυνήθιστη κατακόρυφη τροχιά του δορυφόρου, που τον ανεβάζει πολύ ψηλά (και πολύ χαμηλά) σε σχέση με το επίπεδο του ηλιακού συστήματος."
dialogue:584,dialogue,,148,,"Thanks to a recent upgrade, the deep space satellite is now responsible for generating the real-time solar system map used by our newest astronauts.","Χάρη σε μια πρόσφατη αναβάθμιση, ο δορυφόρος βαθέος διαστήματος είναι πλέον υπεύθυνος για τη δημιουργία του χάρτη του ηλιακού συστήματος σε πραγματικό χρόνο, που χρησιμοποιούν οι νεότεροι αστροναύτες μας."
dialogue:585,dialogue,,141,,Our new expansion was made possible by the generous contributions of esteemed museum visitors like you. Thank you very much for your support!,Η νέα μας επέκταση έγινε δυνατή χάρη στις γενναιόδωρες συνεισφορές αξιότιμων επισκεπτών σαν εσένα. Σε ευχαριστούμε θερμά για τη στήριξη!
dialogue:586,dialogue,,32,,FUTURE SITE OF OUR NEXT EXHIBIT!,ΜΕΛΛΟΝΤΙΚΟΣ ΧΩΡΟΣ ΤΟΥ ΕΠΟΜΕΝΟΥ ΜΑΣ ΕΚΘΕΜΑΤΟΣ!
dialogue:587,dialogue,,102,,"If you’ve enjoyed your time with Outer Wilds, please consider supporting our planned museum expansion.","Αν απόλαυσες τον χρόνο σου με το Outer Wilds, σκέψου να στηρίξεις τη σχεδιαζόμενη επέκταση του μουσείου μας."
dialogue:588,dialogue,,194,,"Our quest to explore the furthest reaches of our solar system wouldn’t be possible without generous visitors like you! We thank you profusely for your support, and we hope to see you again soon.",Η αναζήτησή μας να εξερευνήσουμε τα πιο απομακρυσμένα σημεία του ηλιακού μας συστήματος δεν θα ήταν δυνατή χωρίς γενναιόδωρους επισκέπτες σαν εσένα! Σε ευχαριστούμε θερμότατα για τη στήριξη και ελπίζουμε να σε ξαναδούμε σύντομα.
dialogue:589,dialogue,,5,,Slate,Σλέιτ
dialogue:590,dialogue,,76,,"There’s our pilot! Back from your pre-launch campout under the stars, I see.","Να ο πιλότος μας! Γύρισες από την προ-εκτόξευσης κατασκήνωση κάτω από τα αστέρια, βλέπω."
dialogue:591,dialogue,,141,,"So it’s Launch Day, eh? Seems like only yesterday you joined the space program, and suddenly here you are, leaving on your first solo voyage.","Ώστε σήμερα είναι η Μέρα της Εκτόξευσης, ε; Λες και μόλις χθες μπήκες στο διαστημικό πρόγραμμα, και ξαφνικά να σε, φεύγεις για το πρώτο σου μοναχικό ταξίδι."
dialogue:592,dialogue,,94,,What do you say - ready to get this beauty off the ground? It’s all fueled up and ready to go!,Τι λες — πάμε να σηκώσουμε αυτή την ομορφιά από το έδαφος; Έχει γεμίσει καύσιμα και είναι έτοιμη!
dialogue:593,dialogue,,15,,All systems go!,Όλα τα συστήματα έτοιμα!
dialogue:594,dialogue,,21,,I’m ready if you are.,Είμαι έτοιμος αν είσαι κι εσύ.
dialogue:595,dialogue,,47,TAGS,You’re <i>sure</i> you fixed the retro rockets?,<i>Σίγουρα</i> επισκεύασες τους ανασχετικούς πυραύλους;
dialogue:596,dialogue,,83,,"Hey, you ready to get this thing off the ground? Ship’s all fueled and ready to go.","Έλα, πάμε να σηκώσουμε αυτό το πράγμα από το έδαφος; Το σκάφος έχει γεμίσει καύσιμα και είναι έτοιμο."
dialogue:597,dialogue,,25,,Did... did I just... die?,Μόλις... μόλις πέθανα;
dialogue:598,dialogue,,15,,All systems go!,Όλα τα συστήματα έτοιμα!
dialogue:599,dialogue,,21,,I’m ready if you are.,Είμαι έτοιμος αν είσαι κι εσύ.
dialogue:600,dialogue,,47,TAGS,You’re <i>sure</i> you fixed the retro rockets?,<i>Σίγουρα</i> επισκεύασες τους ανασχετικούς πυραύλους;
dialogue:601,dialogue,,98,,"Whoa, bad dream or something? You still look half asleep, but that’s a negative on being deceased.","Πω, κακό όνειρο ή κάτι τέτοιο; Ακόμη φαίνεσαι μισοκοιμισμένος, αλλά αρνητικό στο ότι είσαι νεκρός."
dialogue:602,dialogue,,125,,"I know it’s tradition to sleep out under the stars the night before a launch, but if you ask me it makes you all a bit jumpy.","Ξέρω ότι είναι παράδοση να κοιμάστε κάτω από τα αστέρια τη νύχτα πριν από μια εκτόξευση, αλλά αν με ρωτάς, σας κάνει όλους λίγο νευρικούς."
dialogue:603,dialogue,,157,,"Glad you’re excited, but remember, if you wreck the ship I’m not building you a new one. I’m not made of lightweight reentry grade aluminum alloys, you know.","Χαίρομαι που ενθουσιάζεσαι, αλλά θυμήσου: αν διαλύσεις το σκάφος, δεν σου φτιάχνω καινούριο. Δεν είμαι φτιαγμένος από ελαφριά κράματα αλουμινίου επανεισόδου, ξέρεις."
dialogue:604,dialogue,,138,,Are you kidding? Of course I’m ready - it’s finally time to test the new landing hydraulics with a pilot instead of the autoflight system!,Πλάκα κάνεις; Φυσικά και είμαι έτοιμος — επιτέλους ήρθε η ώρα να δοκιμάσουμε τα νέα υδραυλικά προσγείωσης με πιλότο αντί για το σύστημα αυτόματης πτήσης!
dialogue:605,dialogue,,99,,"...Speaking of pilots, make sure you don’t crash the ship the first time you put it down, you hear?","...Μιλώντας για πιλότους, φρόντισε να μη διαλύσεις το σκάφος την πρώτη φορά που θα το κατεβάσεις, ακούς;"
dialogue:606,dialogue,,120,,"That was only a problem one time. And then maybe a few times after that, but hey, no reason to dwell on the past, right?","Αυτό ήταν πρόβλημα μόνο μία φορά. Και μετά ίσως μερικές ακόμη, αλλά έλα, δεν υπάρχει λόγος να μένουμε στο παρελθόν, σωστά;"
dialogue:607,dialogue,,189,TAGS,"Anyway, you’ll need to get the <color=orange>launch codes from Hornfels at the observatory</color> before you can lift off. Just bring those here once you’ve said your goodbyes or whatever.","Τέλος πάντων, θα χρειαστείς <color=orange>τους κωδικούς εκτόξευσης από τον Χόρνφελς στο παρατηρητήριο</color> πριν μπορέσεις να απογειωθείς. Φέρ’ τους εδώ μόλις πεις τα αντίο σου ή ό,τι τέλος πάντων."
dialogue:608,dialogue,,36,,"Not having second thoughts, are you?","Δεν έχεις δεύτερες σκέψεις, έτσι;"
dialogue:609,dialogue,,33,,Where are the launch codes again?,"Πού είναι οι κωδικοί εκτόξευσης, λέγαμε;"
dialogue:610,dialogue,,23,,How’s the ship looking?,Πώς πάει το σκάφος;
dialogue:611,dialogue,,37,,How safe would you say this thing is?,Πόσο ασφαλές θα έλεγες ότι είναι αυτό το πράγμα;
dialogue:612,dialogue,,36,,What’s my mission once I’m in space?,Ποια είναι η αποστολή μου μόλις βγω στο διάστημα;
dialogue:613,dialogue,,37,,What else should I do before liftoff?,Τι άλλο πρέπει να κάνω πριν την απογείωση;
dialogue:614,dialogue,,113,,"Hey, you’re the pilot - you tell me. Aren’t you pilot-types all eager to get up there and explore for yourselves?","Έλα, εσύ είσαι ο πιλότος — πες μου εσύ. Δεν ανυπομονείτε όλοι εσείς οι πιλότοι να ανεβείτε εκεί πάνω και να εξερευνήσετε μόνοι σας;"
dialogue:615,dialogue,,148,,Doesn’t matter if you go to the moon or Brittle Hollow or just the other side of Timber Hearth. It’s all the same to me. Get out there and have fun!,Δεν έχει σημασία αν πας στο φεγγάρι ή στο Μπριτλ Χόλοου ή απλώς στην άλλη άκρη του Τίμπερ Χαρθ. Το ίδιο μου κάνει. Βγες εκεί έξω και διασκέδασε!
dialogue:616,dialogue,,43,,"Just don’t hurt the ship, that’s all I ask.","Απλώς μην πειράξεις το σκάφος, μόνο αυτό ζητάω."
dialogue:617,dialogue,,122,,"If you have any goodbyes to say, better say ’em now. I think your friend Hal is in the observatory waiting to see you off.","Αν έχεις αντίο να πεις, καλύτερα να τα πεις τώρα. Νομίζω ότι ο φίλος σου ο Χαλ είναι στο παρατηρητήριο και σε περιμένει για να σε ξεπροβοδίσει."
dialogue:618,dialogue,,196,TAGS,"Oh, and Gossan says they have the zero-g chamber set up if you want a refresher on making ship repairs in space. Not saying you <i>have</i> to, but uh, it’d help get Gossan off my back if you did.","Α, και ο Γκόσαν λέει ότι έχει έτοιμο τον θάλαμο μηδενικής βαρύτητας, αν θέλεις να θυμηθείς τις επισκευές σκάφους στο διάστημα. Δεν λέω ότι <i>πρέπει</i>, αλλά ε, θα με βοηθούσε να μου φύγει ο Γκόσαν από πάνω."
dialogue:619,dialogue,,114,,"Hornfels has the launch codes. Should be up at the observatory, like usual. I’m starting to think they live there.","Ο Χόρνφελς έχει τους κωδικούς εκτόξευσης. Θα είναι πάνω στο παρατηρητήριο, ως συνήθως. Αρχίζω να πιστεύω ότι μένει εκεί."
dialogue:620,dialogue,,127,,"Great! Hey, you might get a kick out of this - I’ve repurposed the spare oxygen tank to be used as an extra combustion chamber!","Τέλεια! Άκου, αυτό θα σου αρέσει — μετέτρεψα την εφεδρική δεξαμενή οξυγόνου σε επιπλέον θάλαμο καύσης!"
dialogue:621,dialogue,,18,,What does that do?,Τι κάνει αυτό;
dialogue:622,dialogue,,16,,Is that... safe?,Είναι... ασφαλές αυτό;
dialogue:623,dialogue,,161,TAGS NL,"Well, it’s all very conceptual, but basically, it’s like taking a regular second-stage booster and strapping a bigger rocket onto it. \\nIsn’t that <i>great</i>?","Ε, είναι όλο πολύ θεωρητικό, αλλά βασικά είναι σαν να παίρνεις έναν κανονικό προωθητήρα δεύτερου σταδίου και να του δένεις πάνω έναν μεγαλύτερο πύραυλο. \\nΔεν είναι <i>τέλειο</i>;"
dialogue:624,dialogue,,9,,Probably!,Μάλλον!
dialogue:625,dialogue,,110,NL,"Oh, it’s a perfect ten. Unless you’re factoring in pilot error, in which case it’s about a four.\\nNo offense.","Α, είναι δέκα στα δέκα. Εκτός αν συνυπολογίσεις το ανθρώπινο λάθος του πιλότου, οπότε πέφτει γύρω στο τέσσερα.\\nΜην παρεξηγηθείς."
dialogue:626,dialogue,,85,,"Oh, hold up, you’re going to want to get the launch codes from the observatory first.","Α, στάσου, θα χρειαστεί πρώτα να πάρεις τους κωδικούς εκτόξευσης από το παρατηρητήριο."
dialogue:627,dialogue,,50,,"I already got them from the observatory, remember?","Τους πήρα ήδη από το παρατηρητήριο, θυμάσαι;"
dialogue:628,dialogue,,51,,How did I get back here? Didn’t I already lift off?,Πώς γύρισα εδώ; Δεν είχα ήδη απογειωθεί;
dialogue:629,dialogue,,35,TAGS,"Wait, did I just <i>die</i>, or...?","Στάσου, μόλις <i>πέθανα</i>, ή...;"
dialogue:630,dialogue,,78,TAGS,Huh. Must be inhaling more fumes than I realized. That stuff is <i>potent</i>.,Χμ. Μάλλον εισπνέω περισσότερες αναθυμιάσεις απ’ όσο νόμιζα. Είναι <i>δυνατό</i> πράγμα αυτό.
dialogue:631,dialogue,,93,,"Well, if you’ve got the codes, I’m not gonna stop you. Good luck, and take care of that ship!","Ε, αν έχεις τους κωδικούς, δεν θα σε σταματήσω εγώ. Καλή τύχη, και πρόσεχε αυτό το σκάφος!"
dialogue:632,dialogue,,103,,Trust me -- with the modifications I’ve made to those rockets? There’s no way I would have missed that.,Πίστεψέ με — με τις τροποποιήσεις που έχω κάνει σε αυτούς τους πυραύλους; Αποκλείεται να μου είχε ξεφύγει.
dialogue:633,dialogue,,149,,"I won’t ask how you got the launch codes, but since you have ’em, get a move on! I want to see whether the new cockpit stays attached during liftoff.","Δεν θα ρωτήσω πώς βρήκες τους κωδικούς εκτόξευσης, αλλά αφού τους έχεις, κουνήσου! Θέλω να δω αν το καινούριο πιλοτήριο θα μείνει κολλημένο στην απογείωση."
dialogue:634,dialogue,,52,TAGS,"Uh, <i>no</i>...? You have a bad dream or something?","Ε, <i>όχι</i>...; Είδες κακό όνειρο ή κάτι τέτοιο;"
dialogue:635,dialogue,,186,,"I won’t ask how you got the codes, so hurry up and launch before Hornfels decides to ground you for medical reasons.  I want to see whether the new cockpit stays attached during liftoff.","Δεν θα ρωτήσω πώς βρήκες τους κωδικούς, οπότε βιάσου και απογειώσου πριν αποφασίσει ο Χόρνφελς να σε καθηλώσει για λόγους υγείας.  Θέλω να δω αν το καινούριο πιλοτήριο θα μείνει κολλημένο στην απογείωση."
dialogue:636,dialogue,,209,NL,"Looks like you’re ready for takeoff! The excitement of a launch is fun and all, but I can’t wait to get back to working on the new ship.\\nWe’re working on fixing the autopilot’s avoidance system for this one!","Βλέπω πως ήρθε η ώρα της απογείωσης! Η φασαρία μιας εκτόξευσης έχει την πλάκα της, αλλά ανυπομονώ να γυρίσω στο καινούριο σκάφος.\\nΣ’ αυτό δουλεύουμε το σύστημα αποφυγής του αυτόματου πιλότου!"
dialogue:637,dialogue,,13,,"...Uh, sorry.","...Ε, συγγνώμη."
dialogue:638,dialogue,,59,,There’s our pilot! Ready to get this beauty off the ground?,Να ο πιλότος μας! Πάμε να σηκώσουμε αυτή την ομορφιά από το έδαφος;
dialogue:639,dialogue,,27,,"Hey, what can I do you for?",Πώς μπορώ να σε εξυπηρετήσω;
dialogue:640,dialogue,,41,,"You know the ship is a death-trap, right?","Το ξέρεις ότι το σκάφος είναι παγίδα θανάτου, έτσι;"
dialogue:641,dialogue,,69,,"You’re lucky I’m in a time loop, because otherwise I’d be super dead.","Ευτυχώς για σένα είμαι μέσα σε χρονικό βρόχο, αλλιώς θα είχα πεθάνει για τα καλά."
dialogue:642,dialogue,,49,,The autopilot flew my ship directly into the sun!,Ο αυτόματος πιλότος οδήγησε το σκάφος μου κατευθείαν μέσα στον ήλιο!
dialogue:643,dialogue,,38,,I keep getting killed by ghost matter.,Η ύλη-φάντασμα με σκοτώνει συνέχεια.
dialogue:644,dialogue,,45,,"The sun is going to go supernova, by the way.","Παρεμπιπτόντως, ο ήλιος θα γίνει σουπερνόβα."
dialogue:645,dialogue,,64,,Did you know it’s just an endless void outside our solar system?,Το ήξερες ότι έξω από το ηλιακό μας σύστημα υπάρχει μόνο ένα ατέλειωτο κενό;
dialogue:646,dialogue,,119,TAGS,"Well yeah, it’s a death-trap, but a really <i>powerful</i> death trap. What, you suddenly care about safety <i>now</i>?","Ε, ναι, παγίδα θανάτου είναι — αλλά πολύ <i>δυνατή</i> παγίδα θανάτου. Τι έγινε, <i>τώρα</i> σε έπιασε να νοιάζεσαι για την ασφάλεια;"
dialogue:647,dialogue,,113,,"And you’re lucky I don’t have you grounded for medical reasons, because I have no idea what you’re talking about.","Και να χαίρεσαι που δεν σε καθηλώνω στο έδαφος για λόγους υγείας, γιατί δεν έχω ιδέα τι μου λες."
dialogue:648,dialogue,,31,,"Had an exciting dream, did you?","Είδες κανένα συναρπαστικό όνειρο, ε;"
dialogue:649,dialogue,,143,TAGS,"It’s not exactly <i>impossible</i> for the autopilot to get you too close to the sun, but it’s not like it’ll try to take you there on purpose.","Δεν είναι ακριβώς <i>αδύνατο</i> να σε φέρει ο αυτόματος πιλότος πολύ κοντά στον ήλιο, αλλά δεν πρόκειται να σε πάει εκεί επίτηδες."
dialogue:650,dialogue,,103,,"Make sure the sun isn’t between you and your destination when you engage autopilot, and you’ll be fine.","Φρόντισε να μην είναι ο ήλιος ανάμεσα σε σένα και στον προορισμό σου όταν βάζεις αυτόματο πιλότο, και δεν θα έχεις πρόβλημα."
dialogue:651,dialogue,,170,,"Not if you use your scout to detect it, you won’t, you dumb idiot! Did you think I made that just so you could take pretty little pictures of trees? It has multiple uses!","Όχι αν χρησιμοποιείς τον ανιχνευτή σου για να την εντοπίζεις, βρε χαζοβιόλη! Νόμιζες ότι τον έφτιαξα για να βγάζεις ωραίες φωτογραφιούλες με δέντρα; Έχει πολλές χρήσεις!"
dialogue:652,dialogue,,102,TAGS,"You <i>do</i> know you can use it as a light source, right? Stars above, please tell me you knew that.","<i>Ξέρεις</i> ότι μπορείς να τον χρησιμοποιήσεις και για φωτισμό, έτσι; Μα τ’ άστρα, πες μου ότι το ήξερες."
dialogue:653,dialogue,,51,,"Oh yeah, the observatory has an exhibit about that.","Α, ναι, το παρατηρητήριο έχει ένα έκθεμα γι’ αυτό."
dialogue:654,dialogue,,108,,"Between you and me, I glossed over some of the finer details. Astrophysics is really more Hornfels’s domain.","Μεταξύ μας, κάποιες λεπτομέρειες τις προσπέρασα. Η αστροφυσική είναι μάλλον περισσότερο του Χόρνφελς."
dialogue:655,dialogue,,57,,"Me, I’m here for the rocket science and the marshmallows.",Εγώ πάντως είμαι εδώ για τους πυραύλους και τα ζαχαρωτά.
dialogue:656,dialogue,,128,,"Yeah, I’d stick to exploring our solar system, if I were you. As much as I hate to admit it, our ships aren’t deep-space-worthy.","Ναι, στη θέση σου θα έμενα στην εξερεύνηση του ηλιακού μας συστήματος. Όσο κι αν δεν θέλω να το παραδεχτώ, τα σκάφη μας δεν κάνουν για βαθύ διάστημα."
dialogue:657,dialogue,,19,,"Hey, hold up a sec!","Ε, στάσου ένα λεπτό!"
dialogue:658,dialogue,,54,,"Yeah yeah yeah, I already know about the launch codes.","Ναι ναι ναι, τους κωδικούς εκτόξευσης τους ξέρω ήδη."
dialogue:659,dialogue,,122,,"What? No, I was going to tell you about using the ship log to set destination markers for locations you’ve visited before.","Τι; Όχι, θα σου έλεγα ότι μπορείς να βάζεις σημάδια προορισμού από το Ημερολόγιο Σκάφους, για μέρη που έχεις ήδη επισκεφτεί."
dialogue:660,dialogue,,200,,"It’s a brilliant feature, if I say so myself. Dead useful. And the risk it poses of shorting out the fuel regulator and causing the ship to explode is so minimal that only Gossan would worry about it.","Εξαιρετική δυνατότητα, το λέω κι ας την έφτιαξα εγώ. Πολύ χρήσιμη. Και ο κίνδυνος να κάψει τον ρυθμιστή καυσίμου και να τιναχτεί το σκάφος στον αέρα είναι τόσο μικρός που μόνο ο Γκόσαν θα ανησυχούσε."
dialogue:661,dialogue,,25,,"Wait, so how do I use it?","Στάσου, και πώς το χρησιμοποιώ;"
dialogue:662,dialogue,,62,,Use the ship log to mark a location I want to revisit. Got it.,Χρησιμοποιώ το Ημερολόγιο Σκάφους για να σημαδέψω ένα μέρος που θέλω να ξαναεπισκεφτώ. Το ’πιασα.
dialogue:663,dialogue,,27,,How minimal are we talking?,Πόσο μικρός είναι αυτός ο κίνδυνος;
dialogue:664,dialogue,,46,,What about locations I haven’t visited before?,Και για μέρη που δεν έχω επισκεφτεί ποτέ;
dialogue:665,dialogue,,136,,"When you’re on your ship, open up its log to the location you want to mark. Anywhere’s fine, as long as you’ve been there at least once.","Όταν είσαι στο σκάφος σου, άνοιξε το ημερολόγιό του στο μέρος που θέλεις να σημαδέψεις. Οπουδήποτε κάνει, αρκεί να έχεις πάει εκεί τουλάχιστον μία φορά."
dialogue:666,dialogue,,103,,"Hop in the pilot seat, and the ship will throw up a destination marker on your display. It’s that easy.",Κάτσε στο κάθισμα του πιλότου και το σκάφος θα βγάλει ένα σημάδι προορισμού στην οθόνη σου. Τόσο απλά.
dialogue:667,dialogue,,94,,"Minimal! Stars above, you worry too much. If anything’s going to kill you, it’s the autopilot.","Μικρός! Μα τ’ άστρα, ανησυχείς υπερβολικά. Αν κάτι πρόκειται να σε σκοτώσει, είναι ο αυτόματος πιλότος."
dialogue:668,dialogue,,143,,"Oh, sure, I’ll just magically have the system know all the possible locations you plan to discover throughout the entire solar system, shall I?","Α, βέβαια, θα κάνω το σύστημα να ξέρει ως δια μαγείας όλα τα πιθανά μέρη που σκοπεύεις να ανακαλύψεις σε ολόκληρο το ηλιακό σύστημα, έτσι;"
dialogue:669,dialogue,,130,,"“Wow, Slate! How do you come up with these incredible ideas?” Oh, I do the best I can with what I’ve got. Really, you’re too kind.","«Πω πω, Σλέιτ! Πώς σου έρχονται αυτές οι απίστευτες ιδέες;» Α, κάνω ό,τι μπορώ με όσα έχω. Αλήθεια, είσαι πολύ ευγενικός."
dialogue:670,dialogue,,38,,"Slate, you are a technological marvel.","Σλέιτ, είσαι τεχνολογικό θαύμα."
dialogue:671,dialogue,,51,,This was extraordinarily convenient timing. Thanks!,Εξαιρετικά βολικό το τάιμινγκ. Ευχαριστώ!
dialogue:672,dialogue,,37,,That’s not what my voice sounds like.,Δεν ακούγεται έτσι η φωνή μου.
dialogue:673,dialogue,,77,,"...Whoa, say that again! Please? That sounds so good when it’s not sarcastic.","...Πω, πες το ξανά! Σε παρακαλώ; Ακούγεται τόσο ωραίο όταν δεν είναι σαρκαστικό."
dialogue:674,dialogue,,22,,"Sure thing, hatchling!","Και βέβαια, μικρούλη!"
dialogue:675,dialogue,,20,,Everyone’s a critic.,Όλοι κριτικοί γίνατε.
dialogue:676,dialogue,,198,,"Anyway, I’ve got a fire to enjoy, and you’ve got launch codes to grab. Go wild with the marking feature while you're out there. Just, uh, try not to follow it so directly you fly into the sun, okay?","Τέλος πάντων, εγώ έχω μια φωτιά να απολαύσω κι εσύ κωδικούς εκτόξευσης να πάρεις. Χρησιμοποίησέ το όσο θες εκεί έξω. Απλώς, ε, προσπάθησε να μην το ακολουθήσεις τόσο πιστά που να πέσεις μέσα στον ήλιο, εντάξει;"
dialogue:677,dialogue,WARNING,43,,WARNING: Increased solar activity detected.,ΠΡΟΕΙΔΟΠΟΙΗΣΗ: Εντοπίστηκε αυξημένη ηλιακή δραστηριότητα.
dialogue:678,dialogue,WARNING,46,,WARNING: Increased volcanic activity detected.,ΠΡΟΕΙΔΟΠΟΙΗΣΗ: Εντοπίστηκε αυξημένη ηφαιστειακή δραστηριότητα.
dialogue:679,dialogue,VERDICT,62,,VERDICT: Location is now inhospitable. Evacuation recommended.,ΣΥΜΠΕΡΑΣΜΑ: Η τοποθεσία είναι πλέον αφιλόξενη. Συνιστάται εκκένωση.
dialogue:680,dialogue,ERROR,109,,ERROR: Unable to determine orbit. No signal detected matching any known criteria for the Eye of the universe.,ΣΦΑΛΜΑ: Αδύνατος ο προσδιορισμός τροχιάς. Δεν εντοπίστηκε σήμα που να ταιριάζει με τα γνωστά κριτήρια για το Μάτι του σύμπαντος.
dialogue:681,dialogue,,8,,Feldspar,Φέλντσπαρ
dialogue:682,dialogue,,5,,Whoa!,Πω πω!
dialogue:683,dialogue,,166,,"Where’d you come from? No one’s come here in... well, ever, actually. That makes you the second Hearthian to ever reach Dark Bramble — after me, of course. Well done!","Από πού ξεφύτρωσες; Δεν έχει έρθει κανείς εδώ... βασικά, ποτέ. Αυτό σε κάνει τον δεύτερο Χάρθιαν που έφτασε ποτέ στον Νταρκ Μπραμπλ — μετά από μένα, φυσικά. Μπράβο σου!"
dialogue:684,dialogue,,98,,"...Say, it’s you! They made you an astronaut? And you haven’t blown yourself up yet, good for you!","...Για δες, εσύ είσαι! Σε έκαναν αστροναύτη; Και δεν έχεις ανατιναχτεί ακόμη, μπράβο σου!"
dialogue:685,dialogue,,25,,Let me guess: anglerfish?,Να μαντέψω: βατραχόψαρα;
dialogue:686,dialogue,,23,,Feldspar! You’re alive!,Φέλντσπαρ! Είσαι ζωντανός!
dialogue:687,dialogue,,38,,We all thought you were dead for sure.,Όλοι σε θεωρούσαμε σίγουρα νεκρό.
dialogue:688,dialogue,,49,,Have you been here in Dark Bramble all this time?,Ήσουν εδώ στον Νταρκ Μπραμπλ όλον αυτόν τον καιρό;
dialogue:689,dialogue,,52,,"...You never were the brightest hatchling, were you.","...Ποτέ δεν ήσουν και ο πιο έξυπνος μικρούλης, ε;"
dialogue:690,dialogue,,106,TAGS,"Yeah, that’s right, I’m alive. Been camping out here since my ship, uh, y’know. Crashed.<Pause> Violently.","Ναι, σωστά, είμαι ζωντανός. Κατασκηνώνω εδώ από τότε που το σκάφος μου, ε, ξέρεις. Συνετρίβη.<Pause> Βίαια."
dialogue:691,dialogue,,11,,"Wait, what?","Στάσου, τι;"
dialogue:692,dialogue,,71,TAGS,You <i>crashed</i>? But you’re the greatest pilot in Hearthian history!,<i>Συνετρίβης</i>; Μα είσαι ο σπουδαιότερος πιλότος στην ιστορία των Χάρθιαν!
dialogue:693,dialogue,,108,,"I haven’t lived in polite society for a while, so I’m just going to go ahead and assume that wasn’t sarcasm.","Έχω καιρό να ζήσω σε ευγενική κοινωνία, οπότε θα υποθέσω ότι αυτό δεν ήταν σαρκασμός."
dialogue:694,dialogue,,223,,"What! Me, killed off by thorny, extradimensional plants that entirely violate the laws of space and time, and a couple of giant predatory fish with gaping maws and enormously sharp fangs? Not in this lifetime, little buddy.","Τι! Εγώ, σκοτωμένος από αγκαθωτά, εξωδιαστασιακά φυτά που παραβιάζουν κατάφωρα τους νόμους του χώρου και του χρόνου, και από δυο γιγάντια αρπακτικά ψάρια με ορθάνοιχτα σαγόνια και τεράστια κοφτερά δόντια; Όχι σε αυτή τη ζωή, φιλαράκο."
dialogue:695,dialogue,,100,,I set up camp here when my ship got stuck here in Dark Bramble. Been living off the land ever since.,Έστησα κατασκήνωση εδώ όταν το σκάφος μου κόλλησε στον Νταρκ Μπραμπλ. Από τότε ζω από τη γη.
dialogue:696,dialogue,,38,,So what exactly happened to your ship?,Τι ακριβώς έπαθε το σκάφος σου;
dialogue:697,dialogue,,68,,"""Got stuck""? But aren’t you the greatest pilot in Hearthian history?",«Κόλλησε»; Μα δεν είσαι ο σπουδαιότερος πιλότος στην ιστορία των Χάρθιαν;
dialogue:698,dialogue,,177,,"Depends on how long ""all this time"" is. I’ve been here a while, I guess. Ever since I crashed my ship into — that is, ever since my daring escape from the jaws of an anglerfish!","Εξαρτάται πόσο είναι το «όλον αυτόν τον καιρό». Είμαι εδώ αρκετά, υποθέτω. Από τότε που έριξα το σκάφος μου πάνω σε — δηλαδή, από τότε που ξέφυγα ηρωικά από τα σαγόνια ενός βατραχόψαρου!"
dialogue:699,dialogue,,39,,Tell me more about your flying prowess!,Πες μου κι άλλα για τις πτητικές σου ικανότητες!
dialogue:700,dialogue,,34,,"You crashed your ship, didn’t you.","Διέλυσες το σκάφος σου, έτσι;"
dialogue:701,dialogue,,49,TAGS,"Haha, you flatter me!<Pause> ...I <i>like</i> it!","Χαχα, με κολακεύεις!<Pause> ...Μου <i>αρέσει</i>!"
dialogue:702,dialogue,,42,TAGS,"<i>Obviously</i>, yes. No need to be rude.","<i>Προφανώς</i>, ναι. Δεν χρειάζεται να είσαι αγενής."
dialogue:703,dialogue,,251,,"...well, like I said, I crash. Blammo! On impact, my ship starts making noises like it’s coming apart from the inside, and I think, well, that ain’t great. Sure enough, I barely get out of there before the electrical systems start sparking like crazy.","...λοιπόν, όπως είπα, πέφτω. Μπαμ! Με την πρόσκρουση, το σκάφος μου αρχίζει να βγάζει ήχους σαν να διαλύεται από μέσα, και σκέφτομαι, ε, αυτό δεν είναι καλό. Πράγματι, μόλις που προλαβαίνω να βγω πριν αρχίσουν τα ηλεκτρικά συστήματα να βγάζουν σπίθες σαν τρελά."
dialogue:704,dialogue,,112,,"It’s either move fast or die unpleasantly, so I had to put a little distance between me and my poor, fried ship.","Ή κινείσαι γρήγορα ή πεθαίνεις άσχημα, οπότε έπρεπε να βάλω λίγη απόσταση ανάμεσα σε μένα και στο καημένο, ψημένο μου σκάφος."
dialogue:705,dialogue,,121,,"I camped out near where I crashed at first. I found this skeleton later — great find, would’ve been stupid not to use it.","Στην αρχή κατασκήνωσα κοντά στο σημείο της συντριβής. Αυτόν τον σκελετό τον βρήκα αργότερα — τρομερή ανακάλυψη, θα ήταν χαζό να μην τον χρησιμοποιήσω."
dialogue:706,dialogue,,88,,So I moved my setup over here and planted my emergency tree seeds. Been here ever since!,Οπότε μετέφερα εδώ τα πράγματά μου και φύτεψα τους σπόρους δέντρων έκτακτης ανάγκης. Από τότε είμαι εδώ!
dialogue:707,dialogue,,7,,...Wow.,...Πω πω.
dialogue:708,dialogue,,31,,I can’t believe you didn’t die.,Δεν το πιστεύω ότι δεν πέθανες.
dialogue:709,dialogue,,40,,I can’t believe you destroyed your ship.,Δεν το πιστεύω ότι κατέστρεψες το σκάφος σου.
dialogue:710,dialogue,,56,,No wonder there are so many stories about you back home!,Δεν είναι περίεργο που κυκλοφορούν τόσες ιστορίες για σένα πίσω στην πατρίδα!
dialogue:711,dialogue,,162,,"My story goes like this. I’d just finished exploring the core of Giant’s Deep, and I wanted to try my hand at Dark Bramble, seeing as no one had ever been before.","Η ιστορία μου πάει κάπως έτσι. Είχα μόλις τελειώσει την εξερεύνηση του πυρήνα του Τζάιαντς Ντιπ και ήθελα να δοκιμάσω την τύχη μου στον Νταρκ Μπραμπλ, μιας και δεν είχε πάει ποτέ κανείς."
dialogue:712,dialogue,,150,,"Getting around in Dark Bramble was easy, mind you. Once you’ve dodged one massive, interdimensional vine bristling with thorns, you’ve dodged ’em all.","Το να κυκλοφορείς στον Νταρκ Μπραμπλ ήταν εύκολο, να ξέρεις. Μόλις αποφύγεις έναν τεράστιο, διαδιαστασιακό βλαστό γεμάτο αγκάθια, τους έχεις αποφύγει όλους."
dialogue:713,dialogue,,277,,"But after a while, I run into this huge anglerfish — you’ve seen ’em? Big gnarly things, and this was the biggest one I’ve ever seen. I pull a few stunts, try to shake the thing off — nothing too fancy. I’m going full-speed when the fish clips me, knocks me into a vine, and...","Αλλά μετά από λίγο πέφτω πάνω σε ένα τεράστιο βατραχόψαρο — τα έχεις δει; Μεγάλα, άσχημα πράγματα, κι αυτό ήταν το μεγαλύτερο που έχω δει ποτέ. Κάνω μερικά κόλπα, προσπαθώ να το ξεφορτωθώ — τίποτα ιδιαίτερο. Πάω ολοταχώς όταν το ψάρι με ξύνει, με ρίχνει πάνω σε έναν βλαστό, και..."
dialogue:714,dialogue,,196,,"Oh, this is a good story. I’d just finished exploring the core of Giant’s Deep and needed a new challenge, and none of us had ever been inside Dark Bramble, so I think, hey, let’s give that a try.","Α, αυτή είναι καλή ιστορία. Είχα μόλις τελειώσει την εξερεύνηση του πυρήνα του Τζάιαντς Ντιπ και χρειαζόμουν καινούρια πρόκληση, και κανείς μας δεν είχε μπει ποτέ στον Νταρκ Μπραμπλ, οπότε σκέφτομαι, έλα, ας το δοκιμάσουμε."
dialogue:715,dialogue,,174,,"I’ve been cruising around for a while, dodging the odd massive, interdimensional vine bristling with thorns, when I run into this huge anglerfish, the biggest I’ve ever seen.","Τριγυρνάω αρκετή ώρα, αποφεύγοντας πού και πού κανέναν τεράστιο, διαδιαστασιακό βλαστό γεμάτο αγκάθια, όταν πέφτω πάνω σε ένα τεράστιο βατραχόψαρο, το μεγαλύτερο που έχω δει ποτέ."
dialogue:716,dialogue,,143,,"I pull a few stunts, try to shake the thing off — nothing too fancy. I’m going full-speed when the fish clips me, knocks me into a vine, and...","Κάνω μερικά κόλπα, προσπαθώ να το ξεφορτωθώ — τίποτα ιδιαίτερο. Πάω ολοταχώς όταν το ψάρι με ξύνει, με ρίχνει πάνω σε έναν βλαστό, και..."
dialogue:717,dialogue,,49,TAGS,"Haha, you flatter me!<Pause> ...I <i>like</i> it!","Χαχα, με κολακεύεις!<Pause> ...Μου <i>αρέσει</i>!"
dialogue:718,dialogue,,232,,"I came to Dark Bramble for the excitement. I’d just finished exploring the core of Giant’s Deep and needed a new challenge, and none of us had ever gone farther than Dark Bramble’s ice fields, so I thought, hey, let’s give it a try.","Ήρθα στον Νταρκ Μπραμπλ για την ένταση. Είχα μόλις τελειώσει την εξερεύνηση του πυρήνα του Τζάιαντς Ντιπ και χρειαζόμουν καινούρια πρόκληση, και κανείς μας δεν είχε πάει ποτέ πιο πέρα από τα παγοπέδια του Νταρκ Μπραμπλ, οπότε σκέφτηκα, έλα, ας το δοκιμάσουμε."
dialogue:719,dialogue,,174,,"I’ve been cruising around for a while, dodging the odd massive, interdimensional vine bristling with thorns, when I run into this huge anglerfish, the biggest I’ve ever seen.","Τριγυρνάω αρκετή ώρα, αποφεύγοντας πού και πού κανέναν τεράστιο, διαδιαστασιακό βλαστό γεμάτο αγκάθια, όταν πέφτω πάνω σε ένα τεράστιο βατραχόψαρο, το μεγαλύτερο που έχω δει ποτέ."
dialogue:720,dialogue,,143,,"I pull a few stunts, try to shake the thing off — nothing too fancy. I’m going full-speed when the fish clips me, knocks me into a vine, and...","Κάνω μερικά κόλπα, προσπαθώ να το ξεφορτωθώ — τίποτα ιδιαίτερο. Πάω ολοταχώς όταν το ψάρι με ξύνει, με ρίχνει πάνω σε έναν βλαστό, και..."
dialogue:721,dialogue,,18,,"Yeah, pretty much.","Ναι, περίπου."
dialogue:722,dialogue,,108,,"You know, in the old days, I used to think the same thing every time I came back from a flight in one piece.","Ξέρεις, τον παλιό καιρό σκεφτόμουν το ίδιο κάθε φορά που γύριζα από πτήση σώος."
dialogue:723,dialogue,,27,,"These days, I’m used to it.",Πλέον το έχω συνηθίσει.
dialogue:724,dialogue,,164,,"Easy for you to say. Your ship probably has all kinds of fancy modifications and upgrades, like ""working retro boosters"" and ""non-flammable construction materials.""","Εύκολο να το λες εσύ. Το δικό σου σκάφος μάλλον έχει κάθε λογής φανταχτερές τροποποιήσεις και αναβαθμίσεις, όπως «ανασχετικοί πύραυλοι που δουλεύουν» και «μη εύφλεκτα υλικά κατασκευής»."
dialogue:725,dialogue,,63,,"Heh. You’re not half-bad yourself, making it here in one piece.","Χεχ. Ούτε εσύ είσαι για πέταμα, που έφτασες εδώ σώος."
dialogue:726,dialogue,,47,,"Anyway, that’s how it all went down, hatchling!","Τέλος πάντων, έτσι έγιναν όλα, μικρούλη!"
dialogue:727,dialogue,,63,,"Story’s over, but feel free to stay and enjoy the fire a while.","Η ιστορία τελείωσε, αλλά μείνε αν θες να απολαύσεις λίγο τη φωτιά."
dialogue:728,dialogue,,36,,Or don’t. Fire’s not going anywhere.,Ή μη μείνεις. Η φωτιά δεν πάει πουθενά.
dialogue:729,dialogue,,107,,"Heh, you got it in one. Kind of hard not to, once you’ve seen one of those fish up close and personal-like.","Χεχ, το βρήκες με τη μία. Δύσκολο να μην το βρεις, μόλις δεις ένα από αυτά τα ψάρια από κοντά και προσωπικά."
dialogue:730,dialogue,,98,,"Well, take a load off and refill your oxygen tank, hatchling! There’s plenty of fire to go around.","Έλα, ξεκουράσου και ξαναγέμισε τη δεξαμενή οξυγόνου σου, μικρούλη! Έχει άφθονη φωτιά για όλους."
dialogue:731,dialogue,,25,,Anything else you wanted?,Ήθελες τίποτε άλλο;
dialogue:732,dialogue,,18,,I found something!,Βρήκα κάτι!
dialogue:733,dialogue,,28,,Where should I explore here?,Πού να εξερευνήσω εδώ;
dialogue:734,dialogue,,54,,You reached the core of Giant’s Deep? How’d you do it?,Έφτασες στον πυρήνα του Τζάιαντς Ντιπ; Πώς τα κατάφερες;
dialogue:735,dialogue,,18,,Where’s your ship?,Πού είναι το σκάφος σου;
dialogue:736,dialogue,,33,,What happened to this anglerfish?,Τι έπαθε αυτό το βατραχόψαρο;
dialogue:737,dialogue,,48,,Shouldn’t I tell ground control to come get you?,Δεν θα έπρεπε να πω στον επίγειο έλεγχο να έρθει να σε πάρει;
dialogue:738,dialogue,,14,,"Nah, I’m good.","Όχι, ευχαριστώ."
dialogue:739,dialogue,,44,,"Hey, hatchling, pull up a marshmallow stick!","Έλα, μικρούλη, πιάσε ένα καλαμάκι για ζαχαρωτά!"
dialogue:740,dialogue,,51,,"Come to hear tales of my heroic exploits, have you?","Ήρθες να ακούσεις ιστορίες από τα ηρωικά μου κατορθώματα, ε;"
dialogue:741,dialogue,,18,,I found something!,Βρήκα κάτι!
dialogue:742,dialogue,,28,,Where should I explore here?,Πού να εξερευνήσω εδώ;
dialogue:743,dialogue,,54,,You reached the core of Giant’s Deep? How’d you do it?,Έφτασες στον πυρήνα του Τζάιαντς Ντιπ; Πώς τα κατάφερες;
dialogue:744,dialogue,,18,,Where’s your ship?,Πού είναι το σκάφος σου;
dialogue:745,dialogue,,33,,What happened to this anglerfish?,Τι έπαθε αυτό το βατραχόψαρο;
dialogue:746,dialogue,,48,,Shouldn’t I tell ground control to come get you?,Δεν θα έπρεπε να πω στον επίγειο έλεγχο να έρθει να σε πάρει;
dialogue:747,dialogue,,14,,"Nah, I’m good.","Όχι, ευχαριστώ."
dialogue:748,dialogue,,51,,"Oh, the skeleton? It was like this when I got here.","Α, ο σκελετός; Έτσι τον βρήκα όταν ήρθα."
dialogue:749,dialogue,,174,,"As near as I can tell, this anglerfish must have been chewing on the vine and eaten a seed, and then the seed grew and grew in the poor fish’s stomach until... this happened.","Απ’ ό,τι μπορώ να πω, αυτό το βατραχόψαρο πρέπει να μασούσε τον βλαστό και να έφαγε έναν σπόρο, κι έπειτα ο σπόρος μεγάλωνε και μεγάλωνε μέσα στο στομάχι του καημένου του ψαριού μέχρι που... έγινε αυτό."
dialogue:750,dialogue,,11,,"Gross, huh?","Αηδία, ε;"
dialogue:751,dialogue,,141,,"This skeleton was a good find. Keeps the fish away. See, they’re territorial, so they mostly avoid each other. That’s why I set up camp here.","Αυτός ο σκελετός ήταν καλή ανακάλυψη. Κρατάει τα ψάρια μακριά. Βλέπεις, είναι εδαφικά, οπότε ως επί το πλείστον αποφεύγουν το ένα το άλλο. Γι’ αυτό έστησα κατασκήνωση εδώ."
dialogue:752,dialogue,,52,,"Giant’s Deep’s core, huh? Ahhh, that was a wild one.","Ο πυρήνας του Τζάιαντς Ντιπ, ε; Αχ, εκείνο ήταν τρελό."
dialogue:753,dialogue,,140,,"But since you’re asking, I gotta assume you haven’t made it down there yourself yet, right? If I tell you how, it kinda feels like cheating.","Αλλά αφού ρωτάς, υποθέτω ότι δεν έχεις κατέβει ακόμη μόνος σου, σωστά; Αν σου πω πώς, μου φαίνεται κάπως σαν ζαβολιά."
dialogue:754,dialogue,,5,,Hm...,Χμ...
dialogue:755,dialogue,,110,TAGS,"...On a <i>completely unrelated</i> note, that sure was a big, hollow vine my ship crashed into.<Pause=3> Yep.","...<i>Εντελώς άσχετο</i>, αλλά ήταν όντως μεγάλος και κούφιος ο βλαστός που έπεσε πάνω του το σκάφος μου.<Pause=3> Ναι."
dialogue:756,dialogue,,56,,"If I were you, I’d go take a walk and see where it ends.","Στη θέση σου, θα πήγαινα μια βόλτα να δω πού καταλήγει."
dialogue:757,dialogue,,154,,You’ll want to go to the tail end of this anglerfish skeleton here and look for a flickering light in the fog — that’ll be my old ship. Path starts there.,Θα θελήσεις να πας στην ουρά αυτού του σκελετού βατραχόψαρου εδώ και να ψάξεις για ένα φως που τρεμοπαίζει μέσα στην ομίχλη — αυτό θα είναι το παλιό μου σκάφος. Από εκεί ξεκινά το μονοπάτι.
dialogue:758,dialogue,,51,,"If you change your mind, you know where to find me!","Αν αλλάξεις γνώμη, ξέρεις πού θα με βρεις!"
dialogue:759,dialogue,,47,,"Well... yeah, sure, whenever you have the time.","Ε... ναι, βέβαια, όποτε βρεις χρόνο."
dialogue:760,dialogue,,57,,"Frankly, I kinda like it out here. Quiet, peaceful...ish.","Ειλικρινά, κάπως μου αρέσει εδώ έξω. Ήσυχα, ειρηνικά... κάπως."
dialogue:761,dialogue,,121,,"You’re a little young to understand, but it’s a lot of pressure, being the best that ever was. Been nice to have a break.","Είσαι λίγο μικρός για να το καταλάβεις, αλλά έχει πολλή πίεση να είσαι ο καλύτερος που υπήρξε ποτέ. Ήταν ωραίο να κάνω ένα διάλειμμα."
dialogue:762,dialogue,,18,,That’s the spirit!,Έτσι μπράβο!
dialogue:763,dialogue,,73,,"Anywhere’s good, but you should know that space is weird here. Intensely.","Οπουδήποτε κάνει, αλλά να ξέρεις ότι ο χώρος εδώ είναι περίεργος. Πάρα πολύ."
dialogue:764,dialogue,,141,,"Ever tried throwing your scout into one of these weird seeds? See there, with the little opening? It’s just big enough to launch one through.","Δοκίμασες ποτέ να ρίξεις τον ανιχνευτή σου μέσα σε έναν από αυτούς τους περίεργους σπόρους; Δες εκεί, με το μικρό άνοιγμα; Είναι ίσα ίσα αρκετά μεγάλο για να εκτοξεύσεις έναν μέσα."
dialogue:765,dialogue,,207,,"Your scout tracker will tell you the scout is in two places at once, but I don’t think that’s... wrong, exactly, because space doesn’t work right in here. That seed looks small, see? But inside, it’s bigger.","Ο ιχνηλάτης σου θα σου πει ότι ο ανιχνευτής είναι σε δύο μέρη ταυτόχρονα, αλλά δεν νομίζω ότι είναι... λάθος, ακριβώς, γιατί ο χώρος εδώ μέσα δεν λειτουργεί σωστά. Αυτός ο σπόρος φαίνεται μικρός, βλέπεις; Αλλά μέσα του είναι"
dialogue:766,dialogue,,19,TAGS,<i>Much</i> bigger.,<i>Πολύ</i> μεγαλύτερος.
dialogue:767,dialogue,,172,,"I’ve had a lot of time to think about this, and my theory is space in Dark Bramble kind of expands as you go through each sphere. That’s why it’s bigger inside those seeds.","Είχα πολύ χρόνο να το σκεφτώ, και η θεωρία μου είναι ότι ο χώρος στον Νταρκ Μπραμπλ κάπως διαστέλλεται καθώς περνάς από κάθε σφαίρα. Γι’ αυτό είναι μεγαλύτερος μέσα σε αυτούς τους σπόρους."
dialogue:768,dialogue,,122,,"Well, that’s my theory. Keep that in mind while you’re exploring Dark Bramble and maybe you won’t get lost inside forever.","Λοιπόν, αυτή είναι η θεωρία μου. Κράτα τη στο μυαλό σου όσο εξερευνάς τον Νταρκ Μπραμπλ και ίσως δεν χαθείς μέσα του για πάντα."
dialogue:769,dialogue,,10,,Good luck!,Καλή τύχη!
dialogue:770,dialogue,,148,,"Not far from here, as a matter of fact! If you go straight past the tail of this anglerfish skeleton here, you’ll see a flickering light in the fog.","Όχι μακριά από εδώ, για την ακρίβεια! Αν πας ίσια, πέρα από την ουρά αυτού του σκελετού βατραχόψαρου, θα δεις ένα φως να τρεμοπαίζει μέσα στην ομίχλη."
dialogue:771,dialogue,,75,TAGS,"Follow that, and you’ll find my old ship.<Pause> What’s left of it, anyway.","Ακολούθησέ το και θα βρεις το παλιό μου σκάφος.<Pause> Ό,τι έχει απομείνει από αυτό, τέλος πάντων."
dialogue:772,dialogue,,24,,"Lay it on me, hatchling!","Λέγε, μικρούλη!"
dialogue:773,dialogue,,35,,I went to the core of Giant’s Deep.,Πήγα στον πυρήνα του Τζάιαντς Ντιπ.
dialogue:774,dialogue,,44,,I found the frozen jellyfish near your ship.,Βρήκα την παγωμένη μέδουσα κοντά στο σκάφος σου.
dialogue:775,dialogue,,28,,I found the Anglerfish nest.,Βρήκα τη φωλιά των βατραχόψαρων.
dialogue:776,dialogue,,45,,I found a Dark Bramble seed on Timber Hearth.,Βρήκα έναν σπόρο του Νταρκ Μπραμπλ στο Τίμπερ Χαρθ.
dialogue:777,dialogue,,50,,I found Nomai writing saying anglerfish are blind.,Βρήκα νομαϊκή γραφή που λέει ότι τα βατραχόψαρα είναι τυφλά.
dialogue:778,dialogue,,36,,I found a Nomai shuttle and flew it!,Βρήκα μια νομαϊκή άκατο και την πέταξα!
dialogue:779,dialogue,,20,,"Actually, nevermind.","Τελικά, άσ’ το."
dialogue:780,dialogue,,61,,"So you figured out the ol’ tornado trick, did you? Good work!","Ώστε βρήκες το παλιό κόλπο με τον ανεμοστρόβιλο, ε; Μπράβο σου!"
dialogue:781,dialogue,,169,,"I found that bit out by accident, but let’s keep that between you and me, hey? Hornfels would have my very handsome head if they knew I’d been riding the cyclones again.","Εγώ το ανακάλυψα κατά λάθος, αλλά ας μείνει μεταξύ μας, ε; Ο Χόρνφελς θα μου έπαιρνε το πανέμορφο κεφάλι αν ήξερε ότι καβαλάω πάλι τους κυκλώνες."
dialogue:782,dialogue,,138,,"""The ship is fragile! It can break! You can’t subject it to extreme conditions!"" Not like I was flying the thing into the sun, now, was I?","«Το σκάφος είναι εύθραυστο! Μπορεί να σπάσει! Δεν μπορείς να το υποβάλλεις σε ακραίες συνθήκες!» Δεν το πετούσα και μέσα στον ήλιο, ε;"
dialogue:783,dialogue,,180,,"And the jellyfish, you figured those out, too? Hatchling, I tell you what, you’ve done real well for yourself! You’re a fine astronaut, sure, but you might just become a pilot yet!","Και τις μέδουσες, τις βρήκες κι αυτές; Μικρούλη, να σου πω, τα πήγες πραγματικά περίφημα! Είσαι καλός αστροναύτης, σίγουρα, αλλά ίσως γίνεις και πιλότος κάποτε!"
dialogue:784,dialogue,,126,,"Ha! So the old thing still there, is it? That’s where I first camped out after the crash, you know. It was pretty cozy inside!","Χα! Ώστε το παλιό εκείνο είναι ακόμη εκεί, ε; Εκεί κατασκήνωσα πρώτα μετά τη συντριβή, ξέρεις. Ήταν αρκετά άνετα μέσα!"
dialogue:785,dialogue,,157,,"It does lack the structural integrity and indomitable spirit of a camp made in the shelter of the very bones of the species that tried to eat you, I suppose.","Βέβαια, του λείπει η δομική ακεραιότητα και το ακατάβλητο πνεύμα μιας κατασκήνωσης φτιαγμένης μέσα στα ίδια τα κόκαλα του είδους που προσπάθησε να σε φάει, υποθέτω."
dialogue:786,dialogue,,17,,Still. Very cozy.,Πάντως. Πολύ άνετα.
dialogue:787,dialogue,,146,,"So that’s where the blasted things come from, is it? Stars above, if I still had a working ship, I’d be sorely tempted to go show ’em what’s what!","Ώστε από εκεί έρχονται τα καταραμένα, ε; Μα τ’ άστρα, αν είχα ακόμη σκάφος που δουλεύει, θα έμπαινα στον πειρασμό να πάω να τους δείξω τι εστί τι!"
dialogue:788,dialogue,,27,TAGS,<color=grey>Sigh...</color>,<color=grey>Αναστεναγμός...</color>
dialogue:789,dialogue,,103,,"Probably best to leave ’em alone, though, really. More trouble than it’s worth to mess with anglerfish.","Μάλλον καλύτερα να τα αφήσουμε ήσυχα, πάντως. Δεν αξίζει τον κόπο να τα βάζεις με βατραχόψαρα."
dialogue:790,dialogue,,34,,"...That’s bad business, hatchling.","...Αυτό είναι άσχημη υπόθεση, μικρούλη."
dialogue:791,dialogue,,134,,"As Chert will tell you if you so much as glance in Dark Bramble’s direction, there used to be a fifth planet where the Bramble is now.","Όπως θα σου πει ο Τσερτ αν ρίξεις έστω μια ματιά προς τον Νταρκ Μπραμπλ, κάποτε υπήρχε ένας πέμπτος πλανήτης εκεί που είναι τώρα ο Μπραμπλ."
dialogue:792,dialogue,,155,,"This infernal plant appeared at the center and kept growing, and growing, and growing, until it shattered the planet and scattered its pieces across space.","Αυτό το καταραμένο φυτό εμφανίστηκε στο κέντρο του και μεγάλωνε, και μεγάλωνε, και μεγάλωνε, μέχρι που διέλυσε τον πλανήτη και σκόρπισε τα κομμάτια του στο διάστημα."
dialogue:793,dialogue,,227,TAGS,"If we don’t get that seed you found sorted real quicklike, I suspect Timber Hearth will be heading toward the same fate. And I tell you what, we Hearthians have overcome far too much to be done in by some worthless <i>seed</i>.","Αν δεν τακτοποιήσουμε πολύ γρήγορα αυτόν τον σπόρο που βρήκες, υποψιάζομαι ότι το Τίμπερ Χαρθ οδεύει προς την ίδια μοίρα. Και να σου πω κάτι: εμείς οι Χάρθιαν έχουμε ξεπεράσει πάρα πολλά για να μας τελειώσει ένας άχρηστος <i>σπόρος</i>."
dialogue:794,dialogue,,61,TAGS,A-<i>ha</i>! So the blasted things <i>do</i> have a weakness!,Α-<i>χα</i>! Ώστε τα καταραμένα <i>έχουν</i> αδυναμία!
dialogue:795,dialogue,,107,,Meaning my fly-as-fast-as-I-can approach to dealing with them could have used a bit more thought behind it.,Που σημαίνει ότι η προσέγγισή μου «πετάω όσο πιο γρήγορα μπορώ» θα ήθελε λίγη περισσότερη σκέψη από πίσω.
dialogue:796,dialogue,,80,,"Ah, well, at least they didn’t eat me. All’s well that ends well, eh, hatchling?","Ε, τουλάχιστον δεν με έφαγαν. Τέλος καλό, όλα καλά, ε, μικρούλη;"
dialogue:797,dialogue,,73,,You flew a Nomaian shuttle? You don’t say! How was it? How did it handle?,Πέταξες νομαϊκή άκατο; Τι μου λες! Πώς ήταν; Πώς αντιδρούσε;
dialogue:798,dialogue,,128,,"Can’t say I’d mind having a go at that myself, hatchling. Once I return to Timber Hearth, maybe that’ll have to be my next stop.","Δεν θα με πείραζε να δοκιμάσω κι εγώ, μικρούλη. Μόλις γυρίσω στο Τίμπερ Χαρθ, ίσως αυτή γίνει η επόμενη στάση μου."
dialogue:799,dialogue,,162,TAGS,"A brand-new astronaut, and you’re already a pro adventurer! Outer Wilds Ventures is in good hands with you, I can tell. The flight program is <i>going</i> places!","Ολοκαίνουριος αστροναύτης, και ήδη επαγγελματίας τυχοδιώκτης! Η Outer Wilds Ventures είναι σε καλά χέρια μαζί σου, το βλέπω. Το πτητικό πρόγραμμα <i>πάει</i> μπροστά!"
dialogue:800,dialogue,,94,,Nothing you want to share with me? Sounds like you’d better get out there and start exploring!,Δεν έχεις τίποτα να μοιραστείς μαζί μου; Ακούγεται σαν να πρέπει να βγεις εκεί έξω και να αρχίσεις να εξερευνάς!
dialogue:801,dialogue,,274,TAGS,"Despite my checking on them at least a thousand times over, the images are STILL not ready to print over in the radio tower. Well, it’s like they say — a watched satellite never transmits data! <size=20>(Haha, that’s a little joke for you, journal. No one says that.)</size>","Παρόλο που τις έχω ελέγξει τουλάχιστον χίλιες φορές, οι εικόνες ΑΚΟΜΗ δεν είναι έτοιμες για εκτύπωση στον πύργο ασυρμάτου. Ε, όπως λένε — δορυφόρος που τον κοιτάς δεν στέλνει ποτέ δεδομένα! <size=20>(Χαχα, ένα αστειάκι για σένα, ημερολόγιο. Κανείς δεν το λέει αυτό.)</size>"
dialogue:802,dialogue,,251,,"Someday, I’ll have to study the mechanics of how time manages to slow to a syrupy crawl whenever I’m anticipating something. In the meantime, I’ve turned to Gabbro, our resident expert in leisurely whiling away the hours, who recommends the following:","Κάποια μέρα θα πρέπει να μελετήσω τη μηχανική του πώς ο χρόνος καταφέρνει να σέρνεται σαν σιρόπι κάθε φορά που περιμένω κάτι. Στο μεταξύ, στράφηκα στον Γκάμπρο, τον ειδικό μας στο να περνά τις ώρες αργόσχολα, ο οποίος προτείνει τα εξής:"
dialogue:803,dialogue,,257,NL,"GABBRO’S 3 FOOLPROOF STEPS FOR DOZING OFF\\n     1.     Light a nice, cozy campfire and get comfortable.\\n     2.     Gaze deeply into the serene warmth.\\n     3.     Let time begin to slip away as you allow the flames to lull you into a peaceful slumber.","ΤΑ 3 ΑΛΑΝΘΑΣΤΑ ΒΗΜΑΤΑ ΤΟΥ ΓΚΑΜΠΡΟ ΓΙΑ ΝΑ ΣΕ ΠΑΡΕΙ Ο ΥΠΝΟΣ\\n     1.     Άναψε μια ωραία, ζεστή φωτιά και βολέψου.\\n     2.     Κοίταξε βαθιά μέσα στη γαλήνια ζεστασιά.\\n     3.     Άσε τον χρόνο να αρχίσει να γλιστράει καθώς αφήνεις τις φλόγες να σε νανουρίσουν σε έναν ήρεμο ύπνο."
dialogue:804,dialogue,,165,,"(If Gabbro knew I’d taken notes, they’d probably think I’d finally cracked, but I refuse to accept sass from an astronaut who deliberately burns their marshmallows.)","(Αν ήξερε ο Γκάμπρο ότι κρατούσα σημειώσεις, μάλλον θα νόμιζε ότι τα έχασα εντελώς, αλλά αρνούμαι να δεχτώ κοροϊδίες από έναν αστροναύτη που καίει επίτηδες τα ζαχαρωτά του.)"
dialogue:805,dialogue,,262,,"Charting stars again out by the radio tower — they’re so bright out here! I only wish I were able to record them faster. Admittedly, I could use more patience. I get so engrossed in my work that sunrise becomes an unwelcome deadline, and daylight a grating slog.","Χαρτογραφώ πάλι αστέρια έξω από τον πύργο ασυρμάτου — είναι τόσο λαμπερά εδώ έξω! Μακάρι να μπορούσα να τα καταγράφω πιο γρήγορα. Ομολογουμένως, θα μου χρειαζόταν περισσότερη υπομονή. Απορροφιέμαι τόσο στη δουλειά μου που η ανατολή γίνεται ανεπιθύμητη προθεσμία, και το φως της μέρας ένα εκνευριστικό αγγαρείο."
dialogue:806,dialogue,,218,,"...Aaand we’re recording! Ahem. It’s been two days since the launch of the deep space satellite, and I’m about to view the first batch of photos. Let the record show that on this historic day, Outer Wilds Ventures has—","...Καιιι ηχογραφούμε! Χμ. Πέρασαν δύο μέρες από την εκτόξευση του δορυφόρου βαθέος διαστήματος, και ετοιμάζομαι να δω την πρώτη παρτίδα φωτογραφιών. Ας καταγραφεί ότι αυτή την ιστορική μέρα, η Outer Wilds Ventures—"
dialogue:807,dialogue,,58,,"Aaaah! They’re printing, they’re printing! Here they come!","Ααα! Τυπώνονται, τυπώνονται! Να τες!"
dialogue:808,dialogue,,200,,"…Stars above, will you look at that. There’s Brittle Hollow. And look, look there, that’s Hollow’s Lantern! And there’s Giant’s Deep, and — and the Quantum Moon! I’m speechless, completely speechless.","…Μα τ’ άστρα, για δες αυτό. Να το Μπριτλ Χόλοου. Και κοίτα, κοίτα εκεί, αυτό είναι το Φανάρι του Μπριτλ Χόλοου! Και να ο Τζάιαντς Ντιπ, και — και η Κβαντική Σελήνη! Έχω μείνει άφωνος, εντελώς άφωνος."
dialogue:809,dialogue,,240,,"Every single astral body in our magnificent solar system, looking stunning from every angle in each of these three images. And in color, no less! Now this is art. I could stare at these photos forever. Doesn’t Timber Hearth look tiny from —","Κάθε ουράνιο σώμα του μεγαλειώδους ηλιακού μας συστήματος, εκθαμβωτικό από κάθε γωνία, σε καθεμιά από αυτές τις τρεις εικόνες. Και έγχρωμες, μάλιστα! Αυτό είναι τέχνη. Θα μπορούσα να κοιτάζω αυτές τις φωτογραφίες για πάντα. Δεν φαίνεται μικροσκοπικό το Τίμπερ Χαρθ από —"
dialogue:810,dialogue,,29,TAGS,Hold on. What is <i>that</i>?,Μια στιγμή. Τι είναι <i>αυτό</i>;
dialogue:811,dialogue,,191,,"That can’t be right. That’s… I mean, that’s not even possible. Am I interpreting this photo correctly? What’s even stranger is it doesn’t show up in either of the other photos. Just this one…","Δεν μπορεί να είναι σωστό. Αυτό είναι… δηλαδή, δεν είναι καν δυνατόν. Ερμηνεύω σωστά αυτή τη φωτογραφία; Το ακόμη πιο παράξενο είναι ότι δεν εμφανίζεται σε καμία από τις άλλες δύο. Μόνο σε αυτή…"
dialogue:812,dialogue,,176,,"Well, there must have been an equipment malfunction, I suppose. Only sensible explanation for it. I’ll radio Gabbro and ask them to go examine the satellite’s lens for defects.","Ε, μάλλον θα υπήρξε βλάβη στον εξοπλισμό. Είναι η μόνη λογική εξήγηση. Θα καλέσω τον Γκάμπρο στον ασύρματο και θα του ζητήσω να πάει να εξετάσει τον φακό του δορυφόρου για ελαττώματα."
dialogue:813,dialogue,,12,,the Prisoner,ο Φυλακισμένος
dialogue:814,dialogue,,52,,This fire… what a warm and beautiful light it makes.,Αυτή η φωτιά… τι ζεστό και όμορφο φως βγάζει.
dialogue:815,dialogue,,58,,"Go, find the others. What comes next cannot be done alone.","Πήγαινε, βρες τους άλλους. Αυτό που ακολουθεί δεν γίνεται μόνος."
dialogue:816,dialogue,,140,,"I hadn’t dared to hope that anyone would hear the signal, for how briefly I set it free… Yet, here we are. Are you ready for the final step?","Δεν είχα τολμήσει να ελπίσω ότι κάποιος θα άκουγε το σήμα, τόσο σύντομα που το ελευθέρωσα… Κι όμως, να μαστε. Είσαι έτοιμος για το τελευταίο βήμα;"
dialogue:817,dialogue,,4,,Yes.,Ναι.
dialogue:818,dialogue,,8,,Not yet.,Όχι ακόμη.
dialogue:819,dialogue,,61,,Then it’s time! Time to send our spark out into the darkness.,Τότε ήρθε η ώρα! Ώρα να στείλουμε τη σπίθα μας μέσα στο σκοτάδι.
dialogue:820,dialogue,,98,,I have awaited this moment for a long time. For so long. It is no trouble to wait a little longer.,Περίμενα αυτή τη στιγμή πολύ καιρό. Τόσο πολύ. Δεν με δυσκολεύει να περιμένω λίγο ακόμη.
dialogue:821,dialogue,,53,,...How beautiful. It’s different than I’d envisioned.,"...Τι όμορφο. Είναι διαφορετικό απ’ ό,τι είχα φανταστεί."
dialogue:822,dialogue,,57,,"Whatever happens next, I do not think it is to be feared.","Ό,τι κι αν ακολουθήσει, δεν νομίζω ότι πρέπει να το φοβόμαστε."
dialogue:823,dialogue,,177,,"When my kind found the Eye and realized what it was capable of, they were terrified. It was too difficult a truth. Like a light too bright to look upon directly, it burned them.","Όταν το είδος μου βρήκε το Μάτι και συνειδητοποίησε τι μπορούσε να κάνει, τρομοκρατήθηκε. Ήταν πολύ δύσκολη αλήθεια. Σαν φως πολύ δυνατό για να το κοιτάξεις κατάματα, τους έκαψε."
dialogue:824,dialogue,,122,,"What they could not unlearn was hidden away in darkness — obfuscated, then lost. They did not want to see their story end.","Ό,τι δεν μπορούσαν να ξεμάθουν, το έκρυψαν στο σκοτάδι — το συσκότισαν και μετά το έχασαν. Δεν ήθελαν να δουν την ιστορία τους να τελειώνει."
dialogue:825,dialogue,,210,,"My kind weren’t always like this. We weren’t always so afraid. I did what I could to set things right, yet I am still of my kind, and you know now what they did. I cannot promise our fear won’t stain your mind.","Το είδος μου δεν ήταν πάντα έτσι. Δεν ήμασταν πάντα τόσο φοβισμένοι. Έκανα ό,τι μπορούσα για να διορθώσω τα πράγματα, κι όμως ανήκω ακόμη σε αυτό το είδος, και τώρα ξέρεις τι έκαναν. Δεν μπορώ να υποσχεθώ ότι ο φόβος μας δεν θα λερώσει το μυαλό σου."
dialogue:826,dialogue,,58,,"And so, a choice: Are you certain you want to remember me?","Και έτσι, μια επιλογή: Είσαι σίγουρος ότι θέλεις να με θυμάσαι;"
dialogue:827,dialogue,,32,,Join us. Let’s see what happens.,Έλα μαζί μας. Ας δούμε τι θα γίνει.
dialogue:828,dialogue,,39,,Your journey is over now. You did well.,Το ταξίδι σου τελείωσε τώρα. Τα πήγες καλά.
dialogue:829,dialogue,,24,,I’m not ready to decide.,Δεν είμαι έτοιμος να αποφασίσω.
dialogue:830,dialogue,,96,,"I don’t want to repeat my kind’s mistakes. But if you’re willing to take the risk, then so am I.","Δεν θέλω να επαναλάβω τα λάθη του είδους μου. Αλλά αν εσύ είσαι πρόθυμος να πάρεις το ρίσκο, τότε είμαι κι εγώ."
dialogue:831,dialogue,,130,,"My role in this ended long ago, and now I’ve learned my efforts weren’t in vain. Thank you for facing what was hidden in the dark.","Ο δικός μου ρόλος σε αυτό τελείωσε πριν από πολύ καιρό, και τώρα έμαθα ότι οι προσπάθειές μου δεν πήγαν χαμένες. Σε ευχαριστώ που αντίκρισες αυτό που ήταν κρυμμένο στο σκοτάδι."
dialogue:832,dialogue,,101,,Every decision is made in darkness. Only by making a choice can we learn whether it was right or not.,Κάθε απόφαση παίρνεται μέσα στο σκοτάδι. Μόνο κάνοντας μια επιλογή μαθαίνουμε αν ήταν σωστή ή όχι.
dialogue:833,dialogue,,32,,I will wait until you are ready.,Θα περιμένω μέχρι να είσαι έτοιμος.
dialogue:834,dialogue,,3,,...,...
dialogue:835,dialogue,,12,,Who are you?,Ποιος είσαι;
dialogue:836,dialogue,,13,,Where are we?,Πού βρισκόμαστε;
dialogue:837,dialogue,,3,,...,...
dialogue:838,dialogue,,172,,"The radio tower on Timber Hearth was built to receive transmissions from our deep space satellite, and housed some of the last-ever photos taken of the entire solar system.","Ο πύργος ασυρμάτου στο Τίμπερ Χαρθ χτίστηκε για να λαμβάνει μεταδόσεις από τον δορυφόρο βαθέος διαστήματος, και φιλοξενούσε μερικές από τις τελευταίες φωτογραφίες που τραβήχτηκαν ποτέ ολόκληρου του ηλιακού συστήματος."
dialogue:839,dialogue,,92,,"Hornfels noticed a curious anomaly in one of the photos, but it ultimately went unexplained.","Ο Χόρνφελς πρόσεξε μια περίεργη ανωμαλία σε μία από τις φωτογραφίες, αλλά τελικά έμεινε ανεξήγητη."
dialogue:840,dialogue,,172,,"The radio tower on Timber Hearth was built to receive transmissions from our deep space satellite, and housed some of the last-ever photos taken of the entire solar system.","Ο πύργος ασυρμάτου στο Τίμπερ Χαρθ χτίστηκε για να λαμβάνει μεταδόσεις από τον δορυφόρο βαθέος διαστήματος, και φιλοξενούσε μερικές από τις τελευταίες φωτογραφίες που τραβήχτηκαν ποτέ ολόκληρου του ηλιακού συστήματος."
dialogue:841,dialogue,,152,,One of these photos revealed the existence of an invisible ring world inhabited by a species whose presence in our solar system predated even the Nomai.,"Μία από αυτές τις φωτογραφίες αποκάλυψε την ύπαρξη ενός αόρατου δακτυλιοειδούς κόσμου, κατοικημένου από ένα είδος του οποίου η παρουσία στο ηλιακό μας σύστημα προηγείται ακόμη και των Νομάι."
dialogue:842,dialogue,,199,,"This species traveled from a nearby star system in search of the Eye of the universe, but, horrified by what they discovered, decided to block the Eye’s signal so that no one else would ever find it.","Αυτό το είδος ταξίδεψε από ένα κοντινό αστρικό σύστημα αναζητώντας το Μάτι του σύμπαντος, αλλά, τρομοκρατημένο από αυτό που ανακάλυψε, αποφάσισε να μπλοκάρει το σήμα του Ματιού ώστε να μην το βρει ποτέ κανείς άλλος."
dialogue:843,dialogue,,186,,"One individual, however, rebelled against the decision, and was able to briefly release the Eye’s signal back into space before being caught and imprisoned in solitude for this betrayal.","Ένα άτομο, ωστόσο, αντιστάθηκε στην απόφαση και κατάφερε να ελευθερώσει για λίγο το σήμα του Ματιού πίσω στο διάστημα, προτού πιαστεί και φυλακιστεί στη μοναξιά για αυτή την προδοσία."
dialogue:844,dialogue,CASSAVA,176,TAGS,"CASSAVA: Conoy, Daz and I were lifting <color=orange>Orbital Probe Cannon</color> components into orbit for assembly, and one somehow sank down down <i>beneath</i> the current.","ΚΑΣΑΒΑ: Ο Κόνοϊ, ο Νταζ κι εγώ ανεβάζαμε εξαρτήματα του <color=orange>Τροχιακού Κανονιού Βολίδας</color> σε τροχιά για συναρμολόγηση, και ένα από αυτά κάπως βυθίστηκε <i>κάτω</i> από το ρεύμα."
dialogue:845,dialogue,DAZ,188,,"DAZ: Cassava convinced me not to try to recreate the phenomenon myself using other cannon parts, but we’re very curious to know what happened! How could something pass through the current?","ΝΤΑΖ: Ο Κασάβα με έπεισε να μην προσπαθήσω να αναπαραγάγω μόνος μου το φαινόμενο με άλλα εξαρτήματα του κανονιού, αλλά έχουμε μεγάλη περιέργεια να μάθουμε τι έγινε! Πώς μπόρεσε κάτι να περάσει μέσα από το ρεύμα;"
dialogue:846,dialogue,CONOY,288,TAGS,"CONOY: My gratitude for your interesting question! This is exciting: Spire constructed a model of <color=lightblue>Giant's Deep</color> here at <color=lightblue>Brittle Hollow</color>'s <color=orange>Southern Observatory</color>, and it reveals how an object might sink below the current.","ΚΟΝΟΪ: Ευγνωμοσύνη για την ενδιαφέρουσα ερώτησή σας! Αυτό είναι συναρπαστικό: ο Σπάιρ κατασκεύασε ένα μοντέλο του <color=lightblue>Τζάιαντς Ντιπ</color> εδώ, στο <color=orange>Νότιο Παρατηρητήριο</color> του <color=lightblue>Μπριτλ Χόλοου</color>, και αποκαλύπτει πώς ένα αντικείμενο μπορεί να βυθιστεί κάτω από το ρεύμα."
dialogue:847,dialogue,CASSAVA,184,TAGS,"CASSAVA: Conoy, I’m unable to grasp the answer by looking through the <color=orange>projection pool</color>. If I visit the <color=orange>observatory</color>, would you kindly explain?","ΚΑΣΑΒΑ: Κόνοϊ, δεν καταφέρνω να καταλάβω την απάντηση κοιτάζοντας μέσα από τη <color=orange>δεξαμενή προβολής</color>. Αν έρθω στο <color=orange>παρατηρητήριο</color>, θα είχες την καλοσύνη να μου εξηγήσεις;"
dialogue:848,dialogue,CONOY,280,TAGS,"CONOY: If you don’t mind the trek beneath the surface to the south pole, I’d be delighted to see you! (There are two trailheads, one at <color=lightblue>Brittle Hollow</color>'s <color=orange>gravity cannon</color> and one at the <color=orange>Tower of Quantum Knowledge</color>.)","ΚΟΝΟΪ: Αν δεν σε πειράζει η πεζοπορία κάτω από την επιφάνεια ως τον νότιο πόλο, θα χαιρόμουν πολύ να σε δω! (Υπάρχουν δύο αφετηρίες, μία στο <color=orange>κανόνι βαρύτητας</color> του <color=lightblue>Μπριτλ Χόλοου</color> και μία στον <color=orange>Πύργο της Κβαντικής Γνώσης</color>.)"
dialogue:849,dialogue,DAZ,169,,"DAZ: Conoy, you should’ve seen it! We’d thought it was impossible for any cannon components to sink even partially below the current, but ours sank straight to the core!","ΝΤΑΖ: Κόνοϊ, έπρεπε να το είχες δει! Νομίζαμε ότι ήταν αδύνατο να βυθιστεί έστω και εν μέρει κάποιο εξάρτημα του κανονιού κάτω από το ρεύμα, αλλά το δικό μας βούλιαξε ίσια ως τον πυρήνα!"
dialogue:850,dialogue,COLEUS,238,TAGS,"COLEUS: I was upstairs testing the <color=orange>Eye signal locator</color>, and it can hear and follow the signals from the <color=lightblue>sun</color>, <color=lightblue>Giant’s Deep</color>, and <color=lightblue>Brittle Hollow</color>.","ΚΟΛΕΟΥΣ: Ήμουν πάνω και δοκίμαζα τον <color=orange>εντοπιστή του σήματος του Ματιού</color>, και μπορεί να ακούει και να ακολουθεί τα σήματα από τον <color=lightblue>ήλιο</color>, τον <color=lightblue>Τζάιαντς Ντιπ</color> και το <color=lightblue>Μπριτλ Χόλοου</color>."
dialogue:851,dialogue,COLEUS,234,TAGS,"COLEUS: However, something strange is happening when I ask the <color=orange>Eye signal locator</color> to follow the <color=lightblue>Eye</color>’s signal: The device’s indicator rotates wildly and never points to just one direction.","ΚΟΛΕΟΥΣ: Ωστόσο, κάτι παράξενο συμβαίνει όταν ζητώ από τον <color=orange>εντοπιστή του σήματος του Ματιού</color> να ακολουθήσει το σήμα του <color=lightblue>Ματιού</color>: ο δείκτης της συσκευής περιστρέφεται μανιωδώς και δεν δείχνει ποτέ σε μία μόνο κατεύθυνση."
dialogue:852,dialogue,THATCH,116,TAGS,THATCH: This is a curious result. It’s possible the <color=lightblue>Eye</color> has stopped calling out its signal.,ΘΑΤΣ: Αυτό είναι περίεργο αποτέλεσμα. Είναι πιθανό το <color=lightblue>Μάτι</color> να έπαψε να εκπέμπει το σήμα του.
dialogue:853,dialogue,FILIX,129,,FILIX: I see! I most likely calibrated the locator incorrectly. Privet (my apprentice) and I will make adjustments and try again.,ΦΙΛΙΞ: Κατάλαβα! Πιθανότατα βαθμονόμησα λάθος τον εντοπιστή. Η Πρίβετ (η μαθητευόμενή μου) κι εγώ θα κάνουμε διορθώσεις και θα ξαναδοκιμάσουμε.
dialogue:854,dialogue,FILIX,80,,"FILIX: An update: Disappointingly, everything is correctly calibrated after all.","ΦΙΛΙΞ: Ενημέρωση: Δυστυχώς, όλα ήταν τελικά σωστά βαθμονομημένα."
dialogue:855,dialogue,CASSAVA,273,TAGS,"CASSAVA: It saddens me to posit this, my friends, but I believe this <color=orange>locator</color> cannot detect the <color=lightblue>Eye</color>’s signal. We would need to build a more sensitive device if we want to locate the <color=lightblue>Eye of the universe</color>.","ΚΑΣΑΒΑ: Με λυπεί που το διατυπώνω, φίλοι μου, αλλά πιστεύω ότι αυτός ο <color=orange>εντοπιστής</color> δεν μπορεί να ανιχνεύσει το σήμα του <color=lightblue>Ματιού</color>. Θα χρειαστεί να χτίσουμε μια πιο ευαίσθητη συσκευή αν θέλουμε να εντοπίσουμε το <color=lightblue>Μάτι του σύμπαντος</color>."
dialogue:856,dialogue,THATCH,172,TAGS,"THATCH: Then we will build it. Don’t lose hope, Cassava; our search for the <color=lightblue>Eye</color> is what brought our clan to this place. We won’t give up so easily!","ΘΑΤΣ: Τότε θα τη χτίσουμε. Μη χάνεις την ελπίδα σου, Κασάβα· η αναζήτηση του <color=lightblue>Ματιού</color> είναι που έφερε τη φυλή μας εδώ. Δεν θα τα παρατήσουμε τόσο εύκολα!"
dialogue:857,dialogue,,3,,Hal,Χαλ
dialogue:858,dialogue,,159,,"Hey, hey, it’s my favorite astronaut! Launch day at last, huh, buddy? It’s the translator tool’s inaugural flight, too! I’m so excited it’s making me nauseous.","Έλα, έλα, ο αγαπημένος μου αστροναύτης! Επιτέλους η μέρα της εκτόξευσης, ε, φιλαράκο; Είναι και η παρθενική πτήση του μεταφραστή! Ενθουσιάζομαι τόσο που με πιάνει ναυτία."
dialogue:859,dialogue,,217,TAGS,"Just think - you’ll be able to translate any Nomai text you want, anywhere you are. The two of us put a lot of hours into inventing that tool, so don’t break it, okay? Haha! <Pause>...Oh, geez. <i>Do not break it.</i>","Σκέψου το — θα μπορείς να μεταφράζεις όποιο νομαϊκό κείμενο θέλεις, όπου κι αν είσαι. Οι δυο μας ρίξαμε πολλές ώρες στην εφεύρεση αυτού του εργαλείου, οπότε μην το σπάσεις, εντάξει; Χαχα! <Pause>...Ωχ, αμάν. <i>Μην το σπάσεις.</i>"
dialogue:860,dialogue,,113,TAGS,"...Ugh, ignore me, okay? I’m just nervous. And I’m not even the one going into space! How are <i>you</i> feeling?","...Αχ, αγνόησέ με, εντάξει; Απλώς αγχώνομαι. Και δεν είμαι καν εγώ αυτός που πάει στο διάστημα! <i>Εσύ</i> πώς νιώθεις;"
dialogue:861,dialogue,,12,,I’m excited!,Είμαι ενθουσιασμένος!
dialogue:862,dialogue,,14,,I’m terrified!,Είμαι τρομοκρατημένος!
dialogue:863,dialogue,,116,,Good! You’ve only been waiting for this day since we were hatchlings. I can’t wait to see all your training pay off!,Ωραία! Περιμένεις αυτή τη μέρα από τότε που ήμασταν μικρά. Ανυπομονώ να δω όλη σου την εκπαίδευση να αποδίδει!
dialogue:864,dialogue,,132,,"Aw, don’t let me make you nervous. You’ve been training for this day since we were hatchlings, remember? You’ll do great, I promise!","Έλα, μη σε αγχώνω εγώ. Εκπαιδεύεσαι γι’ αυτή τη μέρα από τότε που ήμασταν μικρά, θυμάσαι; Θα τα πας τέλεια, στο υπόσχομαι!"
dialogue:865,dialogue,,57,,So what’s the dirt? You here to see the new Nomai statue?,"Λοιπόν, τι νέα; Ήρθες να δεις το καινούριο άγαλμα των Νομάι;"
dialogue:866,dialogue,,11,,New statue?,Καινούριο άγαλμα;
dialogue:867,dialogue,,10,,Of course!,Και βέβαια!
dialogue:868,dialogue,,31,,Just here for the launch codes.,Ήρθα μόνο για τους κωδικούς εκτόξευσης.
dialogue:869,dialogue,,128,,"Heh, I knew you’d want to see it before you headed off! Hornfels just finished prepping it for display today. Amazing, isn’t it?","Χεχ, το ήξερα ότι θα ήθελες να το δεις πριν φύγεις! Ο Χόρνφελς μόλις τελείωσε την προετοιμασία του για έκθεση σήμερα. Καταπληκτικό, έτσι;"
dialogue:870,dialogue,,156,,"You haven’t heard? Gabbro brought it back with them from Giant’s Deep, and Hornfels just finished prepping it for display. This is it right here. Neat, huh?","Δεν το έμαθες; Ο Γκάμπρο το έφερε πίσω μαζί του από τον Τζάιαντς Ντιπ, και ο Χόρνφελς μόλις τελείωσε την προετοιμασία του για έκθεση. Να το εδώ. Ωραίο, ε;"
dialogue:871,dialogue,,135,,"Yeah, I get that you’re dying to head out into space, but seriously, you’ve got to see this statue before you go. It’s an amazing find!","Ναι, καταλαβαίνω ότι πεθαίνεις να βγεις στο διάστημα, αλλά σοβαρά, πρέπει να δεις αυτό το άγαλμα πριν φύγεις. Είναι καταπληκτικό εύρημα!"
dialogue:872,dialogue,,170,TAGS,"Makes me wish we could see what a real live Nomai looks like, but I guess this is as close as we’ll ever get. Check it out - looks like they had fur! Fur is <i>weird</i>.","Μακάρι να μπορούσαμε να δούμε πώς είναι ένας αληθινός, ζωντανός Νομάι, αλλά μάλλον αυτό είναι το πιο κοντινό που θα φτάσουμε ποτέ. Δες — φαίνεται πως είχαν γούνα! Η γούνα είναι <i>περίεργη</i>."
dialogue:873,dialogue,,103,,"This is the first fully intact statue ever found, you know. And for how old it is, it’s in great shape!","Αυτό είναι το πρώτο εντελώς ακέραιο άγαλμα που βρέθηκε ποτέ, να ξέρεις. Και για την ηλικία του, είναι σε τέλεια κατάσταση!"
dialogue:874,dialogue,,123,,"...Ah geez, I got a little carried away there. Go on, you have a ship to launch! Take care of yourself out there, you hear?","...Αχ αμάν, παρασύρθηκα λίγο. Πήγαινε, έχεις ένα σκάφος να εκτοξεύσεις! Πρόσεχε τον εαυτό σου εκεί έξω, ακούς;"
dialogue:875,dialogue,,113,,"Hey, I was just about to come find you! Look look look, you’ve gotta see this — the Nomai statue’s eyes are open!","Έλα, μόλις ερχόμουν να σε βρω! Κοίτα κοίτα κοίτα, πρέπει να το δεις — τα μάτια του αγάλματος των Νομάι είναι ανοιχτά!"
dialogue:876,dialogue,,90,,"They, uh, used to be closed. Probably should’ve started with that. And now they’ve opened!","Ήταν, εμ, κλειστά πριν. Μάλλον έπρεπε να ξεκινήσω από αυτό. Και τώρα άνοιξαν!"
dialogue:877,dialogue,,98,TAGS,"We’re not sure <i>why</i> they opened, since no one actually saw it happen, but this is huge news!","Δεν είμαστε σίγουροι <i>γιατί</i> άνοιξαν, αφού κανείς δεν το είδε να συμβαίνει, αλλά αυτό είναι τεράστια είδηση!"
dialogue:878,dialogue,,106,,"Should someone tell Gabbro? Or maybe Riebeck? Oh, stars, this is so exciting, it’s making my stomach hurt!","Να το πει κάποιος στον Γκάμπρο; Ή μήπως στον Ρίμπεκ; Ωχ, αστέρια, είναι τόσο συναρπαστικό που με πονάει το στομάχι μου!"
dialogue:879,dialogue,,63,,Hal! Can you help me translate this new alien language I found?,Χαλ! Μπορείς να με βοηθήσεις να μεταφράσω αυτή τη νέα εξωγήινη γλώσσα που βρήκα;
dialogue:880,dialogue,,61,,"A new language?! YES! Absolutely! Stars above, you BET I can!","Νέα γλώσσα;! ΝΑΙ! Και βέβαια! Μα τ’ άστρα, ΣΙΓΟΥΡΑ μπορώ!"
dialogue:881,dialogue,,188,,"Just give me… let’s call it a hundred samples, some form of epigraphical codex, and six months, and I should have the vague gist of the sort of graphemes this new language is working with!","Δώσε μου μόνο… ας πούμε εκατό δείγματα, κάποιας μορφής επιγραφικό κώδικα, και έξι μήνες, και θα έχω μια αόριστη ιδέα για το τι είδους γραφήματα χρησιμοποιεί αυτή η νέα γλώσσα!"
dialogue:882,dialogue,,34,,"Gosh, I can’t wait to get started!","Πω πω, ανυπομονώ να ξεκινήσω!"
dialogue:883,dialogue,,21,,Hey again! What’s up?,Έλα πάλι! Τι λέει;
dialogue:884,dialogue,,42,,Where on Giant’s Deep would I find Gabbro?,Πού στον Τζάιαντς Ντιπ θα βρω τον Γκάμπρο;
dialogue:885,dialogue,,32,,Where did this statue come from?,Από πού ήρθε αυτό το άγαλμα;
dialogue:886,dialogue,,35,,Why did the Nomai make this statue?,Γιατί έφτιαξαν οι Νομάι αυτό το άγαλμα;
dialogue:887,dialogue,,43,,Think I’ll discover anything cool in space?,Λες να ανακαλύψω τίποτα ωραίο στο διάστημα;
dialogue:888,dialogue,,17,,"Sorry, nevermind.","Συγγνώμη, άσ’ το."
dialogue:889,dialogue,,25,,Was there something else?,Ήθελες κάτι άλλο;
dialogue:890,dialogue,,38,,Where’d you say this statue came from?,Από πού είπες ότι ήρθε αυτό το άγαλμα;
dialogue:891,dialogue,,24,,Where can I find Gabbro?,Πού μπορώ να βρω τον Γκάμπρο;
dialogue:892,dialogue,,35,,Why did the Nomai make this statue?,Γιατί έφτιαξαν οι Νομάι αυτό το άγαλμα;
dialogue:893,dialogue,,43,,Think I’ll discover anything cool in space?,Λες να ανακαλύψω τίποτα ωραίο στο διάστημα;
dialogue:894,dialogue,,18,,"Nope, that was it.","Όχι, αυτό ήταν."
dialogue:895,dialogue,,215,,"Good question! So Gabbro found this fully intact statue on Giant’s Deep, right? Well, Hornfels told me it’s made from the same type of special stone as the partial statue Chert brought back from the Hourglass Twins.","Καλή ερώτηση! Λοιπόν, ο Γκάμπρο βρήκε αυτό το εντελώς ακέραιο άγαλμα στον Τζάιαντς Ντιπ, σωστά; Ε, ο Χόρνφελς μου είπε ότι είναι φτιαγμένο από τον ίδιο τύπο ειδικής πέτρας με το μισό άγαλμα που έφερε πίσω ο Τσερτ από τους Διδύμους της Κλεψύδρας."
dialogue:896,dialogue,,127,,"That’s why when Gabbro, you know, chipped the Giant’s Deep statue, that stone fragment was repurposed for your ship’s computer.","Γι’ αυτό, όταν ο Γκάμπρο, ξέρεις, τσάκισε το άγαλμα του Τζάιαντς Ντιπ, εκείνο το θραύσμα πέτρας αξιοποιήθηκε για τον υπολογιστή του σκάφους σου."
dialogue:897,dialogue,,52,,Maybe the statues were made for storing information?,Λες τα αγάλματα να φτιάχτηκαν για αποθήκευση πληροφοριών;
dialogue:898,dialogue,,89,,From Giant’s Deep! Gabbro fished it out of the oceans and brought it back here for study.,Από τον Τζάιαντς Ντιπ! Ο Γκάμπρο το ψάρεψε από τους ωκεανούς και το έφερε εδώ για μελέτη.
dialogue:899,dialogue,,123,TAGS,"Hornfels doesn’t know much about it yet, just that it’s <i>crazy</i> old and super tough. I wonder why the Nomai carved it?","Ο Χόρνφελς δεν ξέρει ακόμη πολλά γι’ αυτό, μόνο ότι είναι <i>τρελά</i> παλιό και πολύ ανθεκτικό. Αναρωτιέμαι γιατί το σκάλισαν οι Νομάι."
dialogue:900,dialogue,,122,,"Apparently, Gabbro went back to Giant’s Deep to try to learn more about the statue. Maybe they’ll find some answers there.","Απ’ ό,τι φαίνεται, ο Γκάμπρο γύρισε στον Τζάιαντς Ντιπ για να μάθει περισσότερα για το άγαλμα. Ίσως βρει κάποιες απαντήσεις εκεί."
dialogue:901,dialogue,,82,,"Hey, you never know — maybe you’ll be the one to solve the mysteries of the Nomai!","Έλα, ποτέ δεν ξέρεις — ίσως εσύ να λύσεις τα μυστήρια των Νομάι!"
dialogue:902,dialogue,,57,,Or maybe you’ll discover a new kind of rock or something.,Ή ίσως ανακαλύψεις ένα νέο είδος πετρώματος ή κάτι τέτοιο.
dialogue:903,dialogue,,120,,"But honestly, as long as they don’t end up naming new safety equipment after you, I’m sure you’ll have done a great job.","Αλλά ειλικρινά, αρκεί να μη δώσουν το όνομά σου σε κάποιον καινούριο εξοπλισμό ασφαλείας, και είμαι σίγουρος ότι θα έχεις κάνει σπουδαία δουλειά."
dialogue:904,dialogue,,25,,No problem. Take it easy!,Κανένα πρόβλημα. Πρόσεχε!
dialogue:905,dialogue,,41,,"Alright then! Be careful out there, okay?","Εντάξει λοιπόν! Πρόσεχε εκεί έξω, ναι;"
dialogue:906,dialogue,,119,,"Gabbro said they were going back to Giant’s Deep to wherever they found that Nomai statue. One of the islands, I think.","Ο Γκάμπρο είπε ότι γύριζε στον Τζάιαντς Ντιπ, εκεί που βρήκε εκείνο το άγαλμα των Νομάι. Σε ένα από τα νησιά, νομίζω."
dialogue:907,dialogue,,108,,"You remember Gabbro plays a flute, right? Like, all the time? I bet your signalscope could find them easily.","Θυμάσαι ότι ο Γκάμπρο παίζει φλάουτο, έτσι; Δηλαδή, συνέχεια; Βάζω στοίχημα ότι το σηματοσκόπιό σου θα τον βρει εύκολα."
dialogue:908,dialogue,,36,,"If you do see Gabbro, say hi for me!","Αν δεις τον Γκάμπρο, πες του ένα γεια από μένα!"
dialogue:909,dialogue,ANNONA,124,TAGS,ANNONA: The <color=orange>Quantum Moon locator</color> is functioning. We have markers for each of the places the moon goes.,ΑΝΟΝΑ: Ο <color=orange>εντοπιστής της Κβαντικής Σελήνης</color> λειτουργεί. Έχουμε σημάδια για κάθε μέρος όπου πηγαίνει το φεγγάρι.
dialogue:910,dialogue,MELORAE,134,TAGS,"MELORAE: Annona, Bur, I just observed the <color=lightblue>Quantum Moon</color> in orbit around <color=lightblue>Dark Bramble</color>.","ΜΕΛΟΡΕ: Ανόνα, Μπερ, μόλις παρατήρησα την <color=lightblue>Κβαντική Σελήνη</color> σε τροχιά γύρω από τον <color=lightblue>Νταρκ Μπραμπλ</color>."
dialogue:911,dialogue,ANNONA,99,,"ANNONA: You have keen eyes, my friend. So this moon travels to a total of five locations, not four.","ΑΝΟΝΑ: Έχεις κοφτερό μάτι, φίλη μου. Άρα αυτό το φεγγάρι ταξιδεύει συνολικά σε πέντε τοποθεσίες, όχι τέσσερις."
dialogue:912,dialogue,BUR,64,TAGS,BUR: I added a marker for <color=lightblue>Dark Bramble</color>.,ΜΠΕΡ: Πρόσθεσα ένα σημάδι για τον <color=lightblue>Νταρκ Μπραμπλ</color>.
dialogue:913,dialogue,BUR,249,TAGS,"BUR: I thought the <color=orange>locator</color> now accounted for all of the <color=lightblue>phantom moon</color>’s locations, but sometimes the <color=orange>locator</color> can’t tell where the moon is. Perhaps there’s a problem with the device?","ΜΠΕΡ: Νόμιζα ότι ο <color=orange>εντοπιστής</color> κάλυπτε πλέον όλες τις τοποθεσίες του <color=lightblue>φαντάσματος φεγγαριού</color>, αλλά μερικές φορές ο <color=orange>εντοπιστής</color> δεν μπορεί να πει πού βρίσκεται το φεγγάρι. Μήπως υπάρχει πρόβλημα με τη συσκευή;"
dialogue:914,dialogue,MELORAE,134,TAGS,MELORAE: It’s also possible there exists a sixth place in this star system to which the <color=lightblue>phantom moon</color> travels.,ΜΕΛΟΡΕ: Είναι επίσης πιθανό να υπάρχει μια έκτη τοποθεσία σε αυτό το αστρικό σύστημα στην οποία ταξιδεύει το <color=lightblue>φάντασμα φεγγάρι</color>.
dialogue:915,dialogue,MELORAE,124,,"MELORAE: If you’ve come here to look for Coleus, this is where we were when he vanished. He’s been missing for two days now!","ΜΕΛΟΡΕ: Αν ήρθες εδώ να ψάξεις για τον Κόλεους, εδώ ήμασταν όταν εξαφανίστηκε. Λείπει δύο μέρες τώρα!"
dialogue:916,dialogue,ANNONA,73,,"ANNONA: Your strange, wandering rock friend is here, though Coleus isn’t.","ΑΝΟΝΑ: Ο παράξενος περιπλανώμενος βράχος-φίλος σου είναι εδώ, ο Κόλεους όμως όχι."
dialogue:917,dialogue,MELORAE,153,,MELORAE: Coleus and I observed this unusual-looking rock shard (and several smaller rocks) in at least two other caverns. I’m unsure if this is relevant.,ΜΕΛΟΡΕ: Ο Κόλεους κι εγώ παρατηρήσαμε αυτό το ασυνήθιστο θραύσμα βράχου (και αρκετούς μικρότερους βράχους) σε τουλάχιστον δύο άλλα σπήλαια. Δεν είμαι σίγουρη αν αυτό είναι σχετικό.
dialogue:918,dialogue,BUR,45,,BUR: What happened before Coleus disappeared?,ΜΠΕΡ: Τι έγινε πριν εξαφανιστεί ο Κόλεους;
dialogue:919,dialogue,MELORAE,159,,"MELORAE: We were examining the different rocks. I recall Coleus standing on the largest one (the wandering rock). I was taking notes, and then my lantern died.","ΜΕΛΟΡΕ: Εξετάζαμε τους διάφορους βράχους. Θυμάμαι τον Κόλεους να στέκεται πάνω στον μεγαλύτερο (τον περιπλανώμενο βράχο). Κρατούσα σημειώσεις, και μετά έσβησε το φανάρι μου."
dialogue:920,dialogue,MELORAE,65,,"MELORAE: When I lit it again, Coleus and the rock were both gone.","ΜΕΛΟΡΕ: Όταν το ξανάναψα, ο Κόλεους και ο βράχος είχαν και οι δύο χαθεί."
dialogue:921,dialogue,,106,TAGS,Should we build the <color=orange>Sun Station</color> to power the <color=orange>Ash Twin Project</color>?,Να χτίσουμε τον <color=orange>Ηλιακό Σταθμό</color> για να τροφοδοτήσει το <color=orange>Πρότζεκτ του Διδύμου της Στάχτης</color>;
dialogue:922,dialogue,IDAEA,212,TAGS,IDAEA: I almost can’t comprehend this is being suggested seriously. The purpose of the <color=orange>Sun Station</color> goes against every standard we hold ourselves to and everything we believe in as a species!,ΙΔΑΙΑ: Σχεδόν δεν μπορώ να συλλάβω ότι αυτό προτείνεται σοβαρά. Ο σκοπός του <color=orange>Ηλιακού Σταθμού</color> αντιβαίνει σε κάθε κανόνα που θέτουμε στον εαυτό μας και σε όλα όσα πιστεύουμε ως είδος!
dialogue:923,dialogue,PYE,176,,"PYE: Unsurprisingly, Idaea, I disagree. We’re pushing a possible new technology further than ever before. That, in my experience, is the defining characteristic of our species.","ΠΑΪ: Όπως ήταν αναμενόμενο, Ιδαία, διαφωνώ. Πιέζουμε μια πιθανή νέα τεχνολογία πιο μακριά από ποτέ. Αυτό, κατά την εμπειρία μου, είναι το καθοριστικό χαρακτηριστικό του είδους μας."
dialogue:924,dialogue,YARROW,61,,YARROW: Are there other ways to generate this level of power?,ΓΙΑΡΟΟΥ: Υπάρχουν άλλοι τρόποι να παραχθεί τέτοιο επίπεδο ισχύος;
dialogue:925,dialogue,PYE,94,,"PYE: Theoretically, yes. Practically, no. I can’t imagine discovering them in our lifetimes...","ΠΑΪ: Θεωρητικά, ναι. Πρακτικά, όχι. Δεν μπορώ να φανταστώ να τους ανακαλύψουμε όσο ζούμε..."
dialogue:926,dialogue,RAMIE,171,TAGS,"RAMIE: I understand this proposal is unsettling, but the <color=orange>Sun Station</color> must be built if we hope to complete the <color=orange>Ash Twin Project</color>.","ΡΑΜΙ: Καταλαβαίνω ότι αυτή η πρόταση είναι ανησυχητική, αλλά ο <color=orange>Ηλιακός Σταθμός</color> πρέπει να χτιστεί αν ελπίζουμε να ολοκληρώσουμε το <color=orange>Πρότζεκτ του Διδύμου της Στάχτης</color>."
dialogue:927,dialogue,COLEUS,196,,"COLEUS: If we fail (and the probability of this is not insignificant), we will without question destroy ourselves, all life here, and the rest of this star system. I wish to protect these species.","ΚΟΛΕΟΥΣ: Αν αποτύχουμε (και η πιθανότητα δεν είναι αμελητέα), θα καταστρέψουμε χωρίς αμφιβολία τους εαυτούς μας, κάθε ζωή εδώ και το υπόλοιπο αυτό αστρικό σύστημα. Θέλω να προστατέψω αυτά τα είδη."
dialogue:928,dialogue,IDAEA,200,TAGS,"IDAEA: The potential annihilation of an entire star system is too severe a cost. We shouldn’t build the <color=orange>Sun Station</color>, no matter how badly we want the knowledge that comes with it.","ΙΔΑΙΑ: Ο πιθανός αφανισμός ενός ολόκληρου αστρικού συστήματος είναι υπερβολικά βαρύ τίμημα. Δεν πρέπει να χτίσουμε τον <color=orange>Ηλιακό Σταθμό</color>, όσο κι αν θέλουμε τη γνώση που θα φέρει."
dialogue:929,dialogue,POKE,147,TAGS,"POKE: Fear of failure is a poor reason not to try. I believe, if we’re cautious, the <color=orange>Sun Station</color> will work. I believe in Pye.","ΠΟΟΥΚ: Ο φόβος της αποτυχίας είναι φτωχός λόγος για να μην προσπαθήσεις. Πιστεύω ότι, αν είμαστε προσεκτικοί, ο <color=orange>Ηλιακός Σταθμός</color> θα δουλέψει. Πιστεύω στην Πάι."
dialogue:930,dialogue,PYE,229,TAGS,"PYE: Poke, I’m deeply honored. Idaea, I comprehend your position; however, if we aren’t all but certain the <color=orange>Sun Station</color> will not cause destruction once we’ve built it, then I won’t support the station’s use.","ΠΑΪ: Πόουκ, με τιμάς βαθύτατα. Ιδαία, κατανοώ τη θέση σου· ωστόσο, αν δεν είμαστε σχεδόν απόλυτα βέβαιοι ότι ο <color=orange>Ηλιακός Σταθμός</color> δεν θα προκαλέσει καταστροφή μόλις τον χτίσουμε, τότε δεν θα στηρίξω τη χρήση του."
dialogue:931,dialogue,RAMIE,194,TAGS,RAMIE: Note: This door will need to remain closed for some <i>time</i>! Pye and I are running an experiment based on the extraordinary findings from the <color=orange>White Hole Station</color>.,ΡΑΜΙ: Σημείωση: Αυτή η πόρτα θα πρέπει να μείνει κλειστή για αρκετό <i>χρόνο</i>! Η Πάι κι εγώ τρέχουμε ένα πείραμα βασισμένο στα εξαιρετικά ευρήματα από τον <color=orange>Σταθμό της Λευκής Τρύπας</color>.
dialogue:932,dialogue,PYE,237,TAGS,"PYE: Ramie and I will be running this experiment until one of us (specifically, me) can prove the other wrong, so although it’s inconvenient, the lab currently can only be accessed by the path from the <color=orange>Sunless City</color>.","ΠΑΪ: Η Ράμι κι εγώ θα τρέχουμε αυτό το πείραμα μέχρι μία από τις δυο μας (συγκεκριμένα, εγώ) να αποδείξει την άλλη λάθος, οπότε, αν και είναι άβολο, στο εργαστήριο μπαίνει κανείς προς το παρόν μόνο από το μονοπάτι της <color=orange>Ανήλιαγης Πόλης</color>."
dialogue:933,dialogue,RAMIE,179,,"RAMIE: Inviting sand inside would disrupt our setup and could have enormous consequences. (We realize this is an intriguing prospect, but the door must remain closed nonetheless!)","ΡΑΜΙ: Το να μπει άμμος μέσα θα διατάρασσε τη διάταξή μας και θα μπορούσε να έχει τεράστιες συνέπειες. (Καταλαβαίνουμε ότι είναι δελεαστική προοπτική, αλλά η πόρτα πρέπει παρ’ όλα αυτά να μείνει κλειστή!)"
dialogue:934,dialogue,RAMIE,252,TAGS,"RAMIE: An update: The <color=orange>High Energy Lab</color> is now being used to design the <color=orange>Ash Twin Project</color>! If you’re here to help (or even just to observe), be sure to use the <color=orange>Sunless City</color> path to the lab.","ΡΑΜΙ: Ενημέρωση: Το <color=orange>Εργαστήριο Υψηλών Ενεργειών</color> χρησιμοποιείται πλέον για τον σχεδιασμό του <color=orange>Πρότζεκτ του Διδύμου της Στάχτης</color>! Αν ήρθες να βοηθήσεις (ή έστω να παρατηρήσεις), φρόντισε να χρησιμοποιήσεις το μονοπάτι της <color=orange>Ανήλιαγης Πόλης</color> προς το εργαστήριο."
dialogue:935,dialogue,RAMIE,200,TAGS,"RAMIE: The <color=orange>Southern Observatory</color> is asking if creating a 22 minute interval is possible (that is, to have something arrive 22 minutes before it is actually sent through the warp).","ΡΑΜΙ: Το <color=orange>Νότιο Παρατηρητήριο</color> ρωτά αν είναι εφικτό ένα διάστημα 22 λεπτών (δηλαδή, να φτάνει κάτι 22 λεπτά προτού σταλεί μέσα από τη στρέβλωση)."
dialogue:936,dialogue,RAMIE,231,,"RAMIE: We’ve learned the negative interval of time between departure and arrival can be increased by adding more energy to the warp core. Problematically, the energy required to extend the interval increases at an exponential rate.",ΡΑΜΙ: Μάθαμε ότι το αρνητικό χρονικό διάστημα ανάμεσα στην αναχώρηση και την άφιξη μπορεί να αυξηθεί προσθέτοντας περισσότερη ενέργεια στον πυρήνα στρέβλωσης. Το πρόβλημα είναι ότι η ενέργεια που απαιτείται αυξάνεται εκθετικά.
dialogue:937,dialogue,PYE,126,,"PYE: Hypothesis: Creating a 22-minute-long interval is possible, but we are currently unable to generate the necessary energy.","ΠΑΪ: Υπόθεση: Η δημιουργία διαστήματος 22 λεπτών είναι εφικτή, αλλά προς το παρόν δεν μπορούμε να παραγάγουμε την απαραίτητη ενέργεια."
dialogue:938,dialogue,PYE,203,,"PYE: Ramie and I believe it would be necessary to invent a new method of producing energy, a thrilling but enormous undertaking. We would also require advanced warp technology able to handle such energy.",ΠΑΪ: Η Ράμι κι εγώ πιστεύουμε ότι θα χρειαζόταν να εφεύρουμε μια νέα μέθοδο παραγωγής ενέργειας — συναρπαστικό αλλά τεράστιο εγχείρημα. Θα χρειαζόμασταν επίσης προηγμένη τεχνολογία στρέβλωσης ικανή να διαχειριστεί τέτοια ενέργεια.
dialogue:939,dialogue,PYE,188,TAGS,PYE: We would also likely need an enormous space to fit these proposed new energy and warp technologies together. The only location large enough would be <color=lightblue>Ash Twin</color>.,"ΠΑΪ: Θα χρειαζόμασταν επίσης, πιθανότατα, έναν τεράστιο χώρο για να χωρέσουν μαζί αυτές οι νέες τεχνολογίες ενέργειας και στρέβλωσης. Η μόνη αρκετά μεγάλη τοποθεσία θα ήταν ο <color=lightblue>Δίδυμος της Στάχτης</color>."
dialogue:940,dialogue,RAMIE,78,TAGS,"RAMIE: The energy is <i>currently</i> unavailable, you say? You’re a gas, Pye!","ΡΑΜΙ: Η ενέργεια είναι <i>προς το παρόν</i> μη διαθέσιμη, λες; Είσαι αέρας, Πάι!"
dialogue:941,dialogue,PYE,72,,"PYE: My pun was unintended, Ramie, so I believe it’s you who’s aeriform!","ΠΑΪ: Το λογοπαίγνιό μου ήταν ακούσιο, Ράμι, οπότε νομίζω ότι εσύ είσαι η αεριώδης!"
dialogue:942,dialogue,PYE,279,TAGS,PYE: Records show Nomai arriving at the warp receiver on <color=lightblue>Brittle Hollow</color> very slightly before departing from the <color=orange>White Hole Station</color>. Ramie and I are devising an experiment to test if this is a real phenomenon or simple machine error.,ΠΑΪ: Τα αρχεία δείχνουν Νομάι να φτάνουν στον δέκτη στρέβλωσης στο <color=lightblue>Μπριτλ Χόλοου</color> ελάχιστα προτού αναχωρήσουν από τον <color=orange>Σταθμό της Λευκής Τρύπας</color>. Η Ράμι κι εγώ επινοούμε ένα πείραμα.
dialogue:943,dialogue,RAMIE,177,,"RAMIE: In theory, what we want to try to reproduce is a negative amount of time elapsing between something entering the black hole and exiting the white hole at its destination.","ΡΑΜΙ: Θεωρητικά, αυτό που θέλουμε να αναπαραγάγουμε είναι ένα αρνητικό χρονικό διάστημα ανάμεσα στη στιγμή που κάτι μπαίνει στη μαύρη τρύπα και στη στιγμή που βγαίνει από τη λευκή τρύπα στον προορισμό του."
dialogue:944,dialogue,PYE,184,TAGS,PYE: Initial things first: Our experiment setup will first pair a small black hole core with a small white hole core to mimic the setup on the <color=orange>White Hole Station</color>.,"ΠΑΪ: Πρώτα τα πρώτα: η διάταξη του πειράματός μας θα ζευγαρώσει αρχικά έναν μικρό πυρήνα μαύρης τρύπας με έναν μικρό πυρήνα λευκής τρύπας, ώστε να μιμηθεί τη διάταξη στον <color=orange>Σταθμό της Λευκής Τρύπας</color>."
dialogue:945,dialogue,RAMIE,114,,RAMIE: Hypothesis: It is possible for an object to exit a white hole before entering the corresponding black hole.,ΡΑΜΙ: Υπόθεση: Είναι δυνατόν ένα αντικείμενο να βγει από μια λευκή τρύπα προτού μπει στην αντίστοιχη μαύρη τρύπα.
dialogue:946,dialogue,RAMIE,224,,"RAMIE: An update: Our experiment here reproduced the anomaly in arrival and departure times, but Pye is unconvinced it’s more than an equipment error. I hope to strengthen the effect to render it visible to the unaided eyes.","ΡΑΜΙ: Ενημέρωση: Το πείραμά μας εδώ αναπαρήγαγε την ανωμαλία στους χρόνους άφιξης και αναχώρησης, αλλά η Πάι δεν πείθεται ότι είναι κάτι παραπάνω από σφάλμα εξοπλισμού. Ελπίζω να ενισχύσω το φαινόμενο ώστε να γίνει ορατό με γυμνό μάτι."
dialogue:947,dialogue,PYE,148,TAGS,"PYE: To that end, we’ve decided to try adding more energy. I imagine the <color=orange>Sunless City</color>’s energy supply should prove sufficient.","ΠΑΪ: Προς τούτο, αποφασίσαμε να δοκιμάσουμε προσθέτοντας περισσότερη ενέργεια. Φαντάζομαι ότι η παροχή ενέργειας της <color=orange>Ανήλιαγης Πόλης</color> θα αποδειχθεί επαρκής."
dialogue:948,dialogue,PYE,101,,"PYE: Of note, Ramie: Yarrow requests that we let him know before we reroute energy to the experiment.","ΠΑΪ: Σημείωση, Ράμι: ο Γιάροου ζητά να τον ενημερώσουμε πριν εκτρέψουμε ενέργεια στο πείραμα."
dialogue:949,dialogue,RAMIE,41,,RAMIE: I’d hate to leave him in the dark!,ΡΑΜΙ: Δεν θα ήθελα να τον αφήσω στο σκοτάδι!
dialogue:950,dialogue,PYE,117,,PYE: All available energy has been rerouted from the city to our experiment. Ramie and I are about to run a new test.,ΠΑΪ: Όλη η διαθέσιμη ενέργεια εκτράπηκε από την πόλη στο πείραμά μας. Η Ράμι κι εγώ ετοιμαζόμαστε να τρέξουμε νέα δοκιμή.
dialogue:951,dialogue,RAMIE,101,TAGS,RAMIE: Hypothesis confirmed! Hypothesis confirmed! I saw it! Pye saw it! <i>Hypothesis confirmed</i>!,ΡΑΜΙ: Η υπόθεση επιβεβαιώθηκε! Η υπόθεση επιβεβαιώθηκε! Το είδα! Το είδε και η Πάι! <i>Η υπόθεση επιβεβαιώθηκε</i>!
dialogue:952,dialogue,PYE,154,TAGS,PYE: This is beyond extraordinary! This changes <i>everything</i>! What a beautiful day for the intersection of abstract theory and practical application!,ΠΑΪ: Αυτό είναι πέρα από εξαιρετικό! Αυτό αλλάζει <i>τα πάντα</i>! Τι όμορφη μέρα για τη συνάντηση της αφηρημένης θεωρίας με την πρακτική εφαρμογή!
dialogue:953,dialogue,SECCA,154,TAGS,"SECCA: Our <color=orange>escape pod</color> crashed as we tried to flee this place, destroying our movement and communication capabilities in the process.","ΣΕΚΑ: Η <color=orange>κάψουλα διαφυγής</color> μας συνετρίβη καθώς προσπαθούσαμε να φύγουμε από εδώ, καταστρέφοντας στην πορεία τις δυνατότητες κίνησης και επικοινωνίας μας."
dialogue:954,dialogue,SECCA,159,,"SECCA: We’ve held out as long as we could here, but this pod’s supply of breathable air is nearly depleted, and the anglerfish attack more and more frequently.","ΣΕΚΑ: Αντέξαμε εδώ όσο μπορούσαμε, αλλά τα αποθέματα αναπνεύσιμου αέρα της κάψουλας σχεδόν εξαντλήθηκαν, και τα βατραχόψαρα επιτίθενται όλο και πιο συχνά."
dialogue:955,dialogue,SECCA,144,TAGS,"SECCA: Our best chance at survival is to return to the <color=orange>Vessel</color> to either repair the damage or, more probably, await rescue.","ΣΕΚΑ: Η καλύτερή μας ελπίδα επιβίωσης είναι να επιστρέψουμε στο <color=orange>Σκάφος</color> για να επισκευάσουμε τις ζημιές ή, πιο πιθανά, να περιμένουμε διάσωση."
dialogue:956,dialogue,ESCALL,179,TAGS,"ESCALL: Secca, is the message finished? The <color=orange>Vessel</color>’s beacon is already growing fainter; it will be gone in a matter of hours. We need to leave here, quickly.","ΕΣΚΑΛ: Σέκα, τελείωσε το μήνυμα; Ο φάρος του <color=orange>Σκάφους</color> ήδη εξασθενεί· θα έχει χαθεί μέσα σε λίγες ώρες. Πρέπει να φύγουμε από εδώ, γρήγορα."
dialogue:957,dialogue,CANNA,62,,CANNA: To any Nomai clans whose Vessels can hear this message:,ΚΑΝΑ: Προς κάθε φυλή Νομάι της οποίας τα Σκάφη μπορούν να ακούσουν αυτό το μήνυμα:
dialogue:958,dialogue,CANNA,193,,"CANNA: It’s clear the universe is dying. There are fewer and fewer resources and safe places within space now, so my clan and I believe the best option is for all of our clans to stay together.","ΚΑΝΑ: Είναι σαφές ότι το σύμπαν πεθαίνει. Υπάρχουν όλο και λιγότεροι πόροι και ασφαλή μέρη στο διάστημα πλέον, οπότε η φυλή μου κι εγώ πιστεύουμε ότι η καλύτερη επιλογή είναι να μείνουμε όλες οι φυλές μαζί."
dialogue:959,dialogue,CANNA,183,,"CANNA: If you can reach the Gloaming Galaxy, we’ve found that Blackrock’s suns are fairly stable, and life in this star system is (comparatively) thriving. We live in relative safety.","ΚΑΝΑ: Αν μπορείτε να φτάσετε στον Γαλαξία του Λυκόφωτος, έχουμε διαπιστώσει ότι οι ήλιοι του Μπλάκροκ είναι αρκετά σταθεροί, και η ζωή σε αυτό το αστρικό σύστημα ανθεί (συγκριτικά). Ζούμε σε σχετική ασφάλεια."
dialogue:960,dialogue,CANNA,79,,"CANNA: If you prefer to continue exploring alone, know you will be on your own.","ΚΑΝΑ: Αν προτιμάτε να συνεχίσετε να εξερευνάτε μόνοι, να ξέρετε ότι θα είστε μόνοι σας."
dialogue:961,dialogue,BROMI,42,,"BROMI: Canna, we’re making our way to you.","ΜΠΡΟΜΙ: Κάνα, ερχόμαστε προς εσάς."
dialogue:962,dialogue,CANNA,70,,"CANNA: It’s good to hear from you, Bromi! We’ll watch for your Vessel.","ΚΑΝΑ: Χαίρομαι που σε ακούω, Μπρόμι! Θα προσέχουμε για το Σκάφος σας."
dialogue:963,dialogue,CANNA,154,,"CANNA: Has anyone heard from Neem? His clan was on its way to our Vessel, but they never arrived, and he hasn’t sent any messages. I’m beginning to worry.","ΚΑΝΑ: Έχει κανείς νέα από τον Νιμ; Η φυλή του ερχόταν προς το Σκάφος μας, αλλά δεν έφτασαν ποτέ, και δεν έχει στείλει κανένα μήνυμα. Αρχίζω να ανησυχώ."
dialogue:964,dialogue,BROMI,122,TAGS,"BROMI: That <i>is</i> unsettling. It reminds me of that old myth my grandfather used to tell, the Disappearance of Escall.","ΜΠΡΟΜΙ: Αυτό <i>είναι</i> ανησυχητικό. Μου θυμίζει εκείνον τον παλιό μύθο που έλεγε ο παππούς μου, την Εξαφάνιση του Έσκαλ."
dialogue:965,dialogue,CLEM,244,TAGS,"CLEM: I remember hearing that story as a child! One day, Escall’s <color=orange>Vessel</color> simply stopped responding. The other clans searched and searched, but found no trace. It was as if their missing friends had warped out of existence.","ΚΛΕΜ: Θυμάμαι να ακούω αυτή την ιστορία μικρός! Μια μέρα, το <color=orange>Σκάφος</color> του Έσκαλ απλώς έπαψε να απαντά. Οι άλλες φυλές έψαξαν και έψαξαν, αλλά δεν βρήκαν ίχνος. Σαν οι χαμένοι τους φίλοι να είχαν κάνει στρέβλωση έξω από την ίδια την ύπαρξη."
dialogue:966,dialogue,HYSSOP,81,,"HYSSOP: That’s no myth, friends; Escall’s clan existed, and their story was real.","ΎΣΣΩΠΟΣ: Δεν είναι μύθος, φίλοι μου· η φυλή του Έσκαλ υπήρξε, και η ιστορία τους ήταν αληθινή."
dialogue:967,dialogue,BROMI,153,,"BROMI: What a curious event to have passed into myth! Our ancestors’ ancestors were told that story when they were young. Are you sure it’s true, Hyssop?","ΜΠΡΟΜΙ: Τι περίεργο γεγονός για να περάσει στον μύθο! Οι πρόγονοι των προγόνων μας άκουγαν αυτή την ιστορία όταν ήταν μικροί. Είσαι σίγουρος ότι είναι αληθινή, Ύσσωπε;"
dialogue:968,dialogue,HYSSOP,236,,"HYSSOP: It was a very long time ago, but yes. My clan’s ancestors searched for Escall’s clan for a long time, but in the end, none of them were ever seen again. (It’s the only time in our history a Vessel has ever disappeared this way.)","ΎΣΣΩΠΟΣ: Ήταν πάρα πολύ καιρό πριν, αλλά ναι. Οι πρόγονοι της φυλής μου έψαξαν για τη φυλή του Έσκαλ πολύ καιρό, αλλά στο τέλος κανείς τους δεν ξαναφάνηκε ποτέ. (Είναι η μοναδική φορά στην ιστορία μας που ένα Σκάφος εξαφανίστηκε έτσι.)"
dialogue:969,dialogue,NEEM,77,,"NEEM: Hyssop, I hope you aren’t comparing Escall’s story to my clan’s Vessel!","ΝΙΜ: Ύσσωπε, ελπίζω να μη συγκρίνεις την ιστορία του Έσκαλ με το Σκάφος της φυλής μου!"
dialogue:970,dialogue,CLEM,47,,"CLEM: Neem, my friend! We feared you were gone!","ΚΛΕΜ: Νιμ, φίλε μου! Φοβηθήκαμε ότι σε χάσαμε!"
dialogue:971,dialogue,NEEM,225,,"NEEM: Not yet, we aren’t, but nearly. We found trouble during our warp: The triple suns of the Bright Spark star system exploded, and it was only a lucky coincidence we weren’t caught in the blast. We’ll meet you soon, Canna!","ΝΙΜ: Όχι ακόμη, αλλά παραλίγο. Βρήκαμε μπελάδες κατά τη στρέβλωσή μας: οι τρεις ήλιοι του αστρικού συστήματος Μπράιτ Σπαρκ εξερράγησαν, και ήταν καθαρά τυχερή σύμπτωση που δεν μας πρόλαβε η έκρηξη. Θα σας συναντήσουμε σύντομα, Κάνα!"
dialogue:972,dialogue,CANNA,188,,"CANNA: I’m relieved your clan is safe, Neem! It’s good to hear your words. Any Vessels nearby, remember to be extremely cautious of potentially unstable stars (which is most of them, now).","ΚΑΝΑ: Ανακουφίστηκα που η φυλή σου είναι ασφαλής, Νιμ! Χαίρομαι που ακούω τα λόγια σου. Όσα Σκάφη είναι κοντά, θυμηθείτε να είστε εξαιρετικά προσεκτικά με πιθανώς ασταθή αστέρια (δηλαδή με τα περισσότερα, πλέον)."
dialogue:973,dialogue,FILIX,192,TAGS,"FILIX: This is Escall’s <color=orange>Vessel</color>; something went badly wrong during our warp, and our <color=orange>Vessel</color> is mortally wounded. We need help as quickly as possible!","ΦΙΛΙΞ: Εδώ το <color=orange>Σκάφος</color> του Έσκαλ· κάτι πήγε πολύ στραβά κατά τη στρέβλωσή μας, και το <color=orange>Σκάφος</color> μας είναι θανάσιμα πληγωμένο. Χρειαζόμαστε βοήθεια όσο πιο γρήγορα γίνεται!"
dialogue:974,dialogue,FILIX,227,TAGS,"FILIX: Our <color=orange>Vessel</color> appears to have... has it <i>fused</i> with the local environment, somehow? There are vines that are now part of the <color=orange>Vessel</color>! It’s been torn apart from inside itself!","ΦΙΛΙΞ: Το <color=orange>Σκάφος</color> μας φαίνεται να έχει... έχει <i>συγχωνευθεί</i> με το τοπικό περιβάλλον, κάπως; Υπάρχουν βλαστοί που είναι πλέον μέρος του <color=orange>Σκάφους</color>! Έχει διαλυθεί από μέσα του!"
dialogue:975,dialogue,FILIX,169,TAGS,"FILIX: We... we are abandoning our <color=orange>Vessel</color>. Any Nomai clans or spaceflight-capable species receiving this message, I implore you, we need your help!","ΦΙΛΙΞ: Εμείς... εγκαταλείπουμε το <color=orange>Σκάφος</color> μας. Όποιες φυλές Νομάι ή είδη ικανά για διαστημικές πτήσεις λαμβάνουν αυτό το μήνυμα, σας ικετεύω, χρειαζόμαστε τη βοήθειά σας!"
dialogue:976,dialogue,FILIX,115,TAGS,FILIX: Is this broken? Can anyone hear me? Our <color=orange>Vessel</color> is dying! We need immediate assistance!,ΦΙΛΙΞ: Χάλασε αυτό; Με ακούει κανείς; Το <color=orange>Σκάφος</color> μας πεθαίνει! Χρειαζόμαστε άμεση βοήθεια!
dialogue:977,dialogue,FILIX,179,TAGS,FILIX: I’m recording now — I’ve never encountered anything like this! The signal the <color=orange>Vessel</color> is receiving appears to be <i>older than the universe itself</i>!,ΦΙΛΙΞ: Ηχογραφώ τώρα — δεν έχω συναντήσει ποτέ κάτι τέτοιο! Το σήμα που λαμβάνει το <color=orange>Σκάφος</color> φαίνεται να είναι <i>αρχαιότερο από το ίδιο το σύμπαν</i>!
dialogue:978,dialogue,ESCALL,102,,"ESCALL: This is our first contact with anything of this nature. Everyone, prepare to warp immediately!","ΕΣΚΑΛ: Αυτή είναι η πρώτη μας επαφή με κάτι τέτοιας φύσης. Όλοι, ετοιμαστείτε για άμεση στρέβλωση!"
dialogue:979,dialogue,FILIX,116,,"FILIX: Escall, wait, I need more time to send an outgoing message! Shouldn’t we tell another clan where we’re going?","ΦΙΛΙΞ: Έσκαλ, στάσου, χρειάζομαι κι άλλο χρόνο για να στείλω εξερχόμενο μήνυμα! Δεν θα έπρεπε να πούμε σε κάποια άλλη φυλή πού πηγαίνουμε;"
dialogue:980,dialogue,ESCALL,217,,"ESCALL: We can send the message upon our arrival. This extraordinary signal appeared suddenly; it may disappear just as quickly, and we can’t lose a discovery this incredible! Focus on preparing for the warp, instead.","ΕΣΚΑΛ: Μπορούμε να στείλουμε το μήνυμα μόλις φτάσουμε. Αυτό το εξαιρετικό σήμα εμφανίστηκε ξαφνικά· μπορεί να εξαφανιστεί εξίσου γρήγορα, και δεν μπορούμε να χάσουμε μια τόσο απίστευτη ανακάλυψη! Επικεντρώσου στην προετοιμασία της στρέβλωσης."
dialogue:981,dialogue,FILIX,20,,FILIX: I understand!,ΦΙΛΙΞ: Κατάλαβα!
dialogue:982,dialogue,ESCALL,106,TAGS,"ESCALL: Annona, is the <color=orange>Vessel</color> ready to warp to the signal’s approximate coordinates?","ΕΣΚΑΛ: Ανόνα, είναι το <color=orange>Σκάφος</color> έτοιμο να κάνει στρέβλωση προς τις κατά προσέγγιση συντεταγμένες του σήματος;"
dialogue:983,dialogue,ANNONA,119,,"ANNONA: The warp core is powered, but this will be a significant jump. Afterward, we’ll need time to recharge the core.","ΑΝΟΝΑ: Ο πυρήνας στρέβλωσης είναι φορτισμένος, αλλά αυτό θα είναι μεγάλο άλμα. Μετά θα χρειαστούμε χρόνο για να τον επαναφορτίσουμε."
dialogue:984,dialogue,ESCALL,122,,"ESCALL: That shouldn’t create a problem, provided we arrive at or near the signal’s source. Everyone, we’re ready to warp!","ΕΣΚΑΛ: Αυτό δεν θα δημιουργήσει πρόβλημα, αρκεί να φτάσουμε στην πηγή του σήματος ή κοντά της. Όλοι, είμαστε έτοιμοι για στρέβλωση!"
dialogue:985,dialogue,CASSAVA,199,TAGS,CASSAVA: This is it: We’ve finished building the final <color=orange>Orbital Probe Cannon</color> module and are ready to send it into orbit around <color=lightblue>Giant’s Deep</color> for assembly!,ΚΑΣΑΒΑ: Αυτό είναι: ολοκληρώσαμε την τελευταία μονάδα του <color=orange>Τροχιακού Κανονιού Βολίδας</color> και είμαστε έτοιμοι να τη στείλουμε σε τροχιά γύρω από τον <color=lightblue>Τζάιαντς Ντιπ</color> για συναρμολόγηση!
dialogue:986,dialogue,CASSAVA,226,TAGS,"CASSAVA: To all my friends here at the <color=orange>Construction Yard</color>, my gratitude for your tireless work. I had given up hope, but I truly believe this cannon may actually succeed where many other attempts have not.","ΚΑΣΑΒΑ: Σε όλους τους φίλους μου εδώ στο <color=orange>Εργοτάξιο</color>, ευγνωμοσύνη για την ακούραστη δουλειά σας. Είχα χάσει την ελπίδα μου, αλλά πραγματικά πιστεύω ότι αυτό το κανόνι μπορεί όντως να πετύχει εκεί που απέτυχαν πολλές άλλες προσπάθειες."
dialogue:987,dialogue,DAZ,101,,"DAZ: Are you going gelatinous on us, love? I’m delighted by your words, but they’re atypical for you!","ΝΤΑΖ: Μας έγινες ζελατινώδης, αγάπη μου; Χαίρομαι με τα λόγια σου, αλλά είναι ασυνήθιστα για σένα!"
dialogue:988,dialogue,CASSAVA,154,TAGS,"CASSAVA: If I’m ever half as gooey as Mallow and Avens behave together, Daz, you may launch <i>me</i> from the <color=orange>Orbital Probe Cannon</color>.","ΚΑΣΑΒΑ: Αν γίνω ποτέ έστω και μισό τόσο γλυκανάλατος όσο φέρονται μεταξύ τους ο Μάλοου και ο Έιβενς, Νταζ, τότε μπορείς να εκτοξεύσεις <i>εμένα</i> από το <color=orange>Τροχιακό Κανόνι Βολίδας</color>."
dialogue:989,dialogue,CASSAVA,136,TAGS,CASSAVA: Our next step will be to send Privet up to the <color=orange>Orbital Probe Cannon</color> to install the probe tracking system.,ΚΑΣΑΒΑ: Το επόμενο βήμα μας θα είναι να στείλουμε την Πρίβετ στο <color=orange>Τροχιακό Κανόνι Βολίδας</color> για να εγκαταστήσει το σύστημα παρακολούθησης της βολίδας.
dialogue:990,dialogue,DAZ,164,,"DAZ: If I know my brother, Avens (and his spouse) will want to launch the probe with as much power as possible. I’m worried the cannon would break under the strain.","ΝΤΑΖ: Αν ξέρω καλά τον αδερφό μου, ο Έιβενς (και ο σύντροφός του) θα θελήσουν να εκτοξεύσουν τη βολίδα με όσο περισσότερη ισχύ γίνεται. Ανησυχώ ότι το κανόνι θα σπάσει από την καταπόνηση."
dialogue:991,dialogue,DAZ,150,,DAZ: I propose we give Avens and Mallow a slightly lower maximum power setting than the absolute maximum possible to create room for their enthusiasm.,"ΝΤΑΖ: Προτείνω να δώσουμε στον Έιβενς και στον Μάλοου ένα ελαφρώς χαμηλότερο όριο μέγιστης ισχύος από το απόλυτο μέγιστο, ώστε να αφήσουμε χώρο για τον ενθουσιασμό τους."
dialogue:992,dialogue,,124,,Be welcomed in this place. This tower shares with all who ask the knowledge needed to make his or her first quantum journey.,Καλώς όρισες σε αυτόν τον τόπο. Αυτός ο πύργος μοιράζεται με όλους όσοι ρωτούν τη γνώση που χρειάζεται κανείς για το πρώτο του κβαντικό ταξίδι.
dialogue:993,dialogue,,83,,"Enter this place without friends, however; these are lessons to learn for yourself.",Μπες όμως εδώ χωρίς φίλους· αυτά είναι μαθήματα που πρέπει να τα μάθεις μόνος.
dialogue:994,dialogue,,24,,Seek the wandering arch.,Αναζήτησε την περιπλανώμενη αψίδα.
dialogue:995,dialogue,,87,,Observing a quantum object; observing an image of a quantum object. These are the same.,Να παρατηρείς ένα κβαντικό αντικείμενο· να παρατηρείς μια εικόνα ενός κβαντικού αντικειμένου. Αυτά είναι το ίδιο.
dialogue:996,dialogue,,45,,This is the last one (but we made it harder).,Αυτό είναι το τελευταίο (αλλά το κάναμε πιο δύσκολο).
dialogue:997,dialogue,LAMI,107,,"LAMI: They’re going to test the memory statues tonight! Phlox says it could be dangerous, so we can’t come.","ΛΑΜΙ: Θα δοκιμάσουν απόψε τα αγάλματα μνήμης! Ο Φλοξ λέει ότι μπορεί να είναι επικίνδυνο, οπότε δεν μπορούμε να έρθουμε."
dialogue:998,dialogue,LAMI,104,TAGS,"LAMI: <i>But</i>, what if we didn’t use the door and snuck in the <i>other</i> way? Does anyone want to?","ΛΑΜΙ: <i>Όμως</i>, τι θα γινόταν αν δεν χρησιμοποιούσαμε την πόρτα και τρυπώναμε από την <i>άλλη</i> μεριά; Θέλει κανείς;"
dialogue:999,dialogue,TAGET,56,TAGS,TAGET: Phlox <i>specifically</i> told us not to do that.,ΤΑΓΚΕΤ: Ο Φλοξ μάς είπε <i>ρητά</i> να μην το κάνουμε αυτό.
dialogue:1000,dialogue,LAEVI,143,,"LAEVI: I really want to see the test, too, Lami, but that’s a huge risk to take. We probably shouldn’t. Maybe Phlox’ll let us see a later test.","ΛΕΒΙ: Κι εγώ θέλω πολύ να δω τη δοκιμή, Λάμι, αλλά είναι τεράστιο ρίσκο. Μάλλον δεν πρέπει. Ίσως ο Φλοξ μάς αφήσει να δούμε κάποια επόμενη δοκιμή."
dialogue:1001,dialogue,,37,TAGS,<color=orange>Statue Workshop</color>,<color=orange>Εργαστήρι Αγαλμάτων</color>
dialogue:1002,dialogue,SOLANUM,154,TAGS,"SOLANUM: I am here! After watching it wander the skies for so long, I am about to stand (for the first time) on the <color=lightblue>Quantum Moon</color>.","ΣΟΛΑΝΟΥΜ: Είμαι εδώ! Αφού την έβλεπα τόσον καιρό να περιπλανιέται στους ουρανούς, ετοιμάζομαι να πατήσω (για πρώτη φορά) πάνω στην <color=lightblue>Κβαντική Σελήνη</color>."
dialogue:1003,dialogue,SOLANUM,140,TAGS,"SOLANUM: As expected, my <color=orange>shuttle</color> has landed at the moon’s south pole. I will make the remainder of my journey on foot.","ΣΟΛΑΝΟΥΜ: Όπως αναμενόταν, η <color=orange>άκατός</color> μου προσγειώθηκε στον νότιο πόλο της σελήνης. Το υπόλοιπο ταξίδι θα το κάνω με τα πόδια."
dialogue:1004,dialogue,SOLANUM,140,TAGS,"SOLANUM: We don’t know why the <color=lightblue>Quantum Moon</color> always welcomes its visitors at the south pole, just that this is true.",ΣΟΛΑΝΟΥΜ: Δεν ξέρουμε γιατί η <color=lightblue>Κβαντική Σελήνη</color> υποδέχεται πάντα τους επισκέπτες της στον νότιο πόλο· ξέρουμε μόνο ότι έτσι είναι.
dialogue:1005,dialogue,SOLANUM,135,,"SOLANUM: As a child, I considered such unknowns sinister. Now, though, I understand they bear no ill will. The universe is, and we are.","ΣΟΛΑΝΟΥΜ: Ως παιδί, θεωρούσα τέτοια άγνωστα πράγματα απειλητικά. Τώρα όμως καταλαβαίνω ότι δεν κρύβουν κακία. Το σύμπαν είναι, κι εμείς είμαστε."
dialogue:1006,dialogue,SOLANUM,20,,SOLANUM: I am ready.,ΣΟΛΑΝΟΥΜ: Είμαι έτοιμη.
dialogue:1007,dialogue,WARNING,30,,WARNING: Opens emergency door.,ΠΡΟΕΙΔΟΠΟΙΗΣΗ: Ανοίγει πόρτα έκτακτης ανάγκης.
dialogue:1008,dialogue,PYE,77,TAGS,PYE: Mission: Science compels us to explode the <color=lightblue>sun</color>!,ΠΑΪ: Αποστολή: Η επιστήμη μάς υποχρεώνει να ανατινάξουμε τον <color=lightblue>ήλιο</color>!
dialogue:1009,dialogue,IDAEA,118,TAGS,IDAEA: Here’s a better one. Mission: Determine if it’s possible to prompt the <color=lightblue>sun</color> to explode.,ΙΔΑΙΑ: Να μια καλύτερη. Αποστολή: Να διαπιστωθεί αν είναι δυνατόν να προκληθεί έκρηξη του <color=lightblue>ήλιου</color>.
dialogue:1010,dialogue,IDAEA,94,,IDAEA: Can’t we change this? I don’t enjoy working in view of such a morbid mission statement.,ΙΔΑΙΑ: Δεν μπορούμε να το αλλάξουμε αυτό; Δεν μου αρέσει να δουλεύω έχοντας μπροστά μου μια τόσο μακάβρια δήλωση αποστολής.
dialogue:1011,dialogue,PYE,117,,PYE: But it’s accurate. We’re going to create a supernova for the purpose of scientific progress. That’s our mission.,ΠΑΪ: Είναι όμως ακριβής. Πρόκειται να δημιουργήσουμε μια σουπερνόβα για χάρη της επιστημονικής προόδου. Αυτή είναι η αποστολή μας.
dialogue:1012,dialogue,IDAEA,79,,IDAEA: Our mission is to decide if such an irresponsible feat is even possible.,ΙΔΑΙΑ: Η αποστολή μας είναι να αποφασίσουμε αν ένα τόσο ανεύθυνο κατόρθωμα είναι καν εφικτό.
dialogue:1013,dialogue,PYE,31,,PYE: You lack a sense of humor.,ΠΑΪ: Σου λείπει η αίσθηση του χιούμορ.
dialogue:1014,dialogue,IDAEA,47,,IDAEA: At least I don’t lack a sense of ethics!,ΙΔΑΙΑ: Τουλάχιστον εμένα δεν μου λείπει η αίσθηση της ηθικής!
dialogue:1015,dialogue,PYE,99,TAGS,"PYE: Kindly refrain from going supernova on me before the <color=lightblue>sun</color> does, Idaea.","ΠΑΪ: Σε παρακαλώ, απόφυγε να μου γίνεις σουπερνόβα πριν προλάβει ο <color=lightblue>ήλιος</color>, Ιδαία."
dialogue:1016,dialogue,THATCH,147,TAGS,"THATCH: Where should this new, more sophisticated locator be built? It may need to be larger than this <color=orange>Eye signal locator</color> is.","ΘΑΤΣ: Πού πρέπει να χτιστεί αυτός ο νέος, πιο εξελιγμένος εντοπιστής; Ίσως χρειαστεί να είναι μεγαλύτερος από αυτόν τον <color=orange>εντοπιστή του σήματος του Ματιού</color>."
dialogue:1017,dialogue,PLUME,162,TAGS,PLUME: The southern glacier on <color=lightblue>Brittle Hollow</color> has ample available space. I could construct a new building to house this proposed locator.,ΠΛΟΥΜ: Ο νότιος παγετώνας στο <color=lightblue>Μπριτλ Χόλοου</color> έχει άφθονο διαθέσιμο χώρο. Θα μπορούσα να χτίσω ένα νέο κτίριο για να στεγάσει τον προτεινόμενο εντοπιστή.
dialogue:1018,dialogue,FILIX,215,TAGS,"FILIX: Yes, let’s build there! I imagine our young friend Conoy would enjoy that immensely. He’s always held a great interest in the <color=lightblue>Eye</color>, especially for a child born so long after the crash.","ΦΙΛΙΞ: Ναι, ας χτίσουμε εκεί! Φαντάζομαι ότι ο νεαρός μας φίλος ο Κόνοϊ θα το απολάμβανε αφάνταστα. Πάντα είχε μεγάλο ενδιαφέρον για το <color=lightblue>Μάτι</color>, ιδίως για παιδί που γεννήθηκε τόσο καιρό μετά τη συντριβή."
dialogue:1019,dialogue,PLUME,107,TAGS,"PLUME: I will begin construction on <color=lightblue>Brittle Hollow</color>’s south pole immediately, then!",ΠΛΟΥΜ: Τότε θα ξεκινήσω αμέσως την κατασκευή στον νότιο πόλο του <color=lightblue>Μπριτλ Χόλοου</color>!
dialogue:1020,dialogue,COLEUS,277,TAGS,"COLEUS: Annona and those of us originally stranded on <color=lightblue>Ember Twin</color> built a <color=orange>Quantum Moon locator</color> there, but the heat of the <color=lightblue>sun</color> made its construction challenging. I wouldn’t recommend building on that planet.","ΚΟΛΕΟΥΣ: Η Ανόνα και όσοι από εμάς είχαμε αρχικά αποκλειστεί στον <color=lightblue>Δίδυμο της Χόβολης</color> χτίσαμε εκεί έναν <color=orange>εντοπιστή της Κβαντικής Σελήνης</color>, αλλά η ζέστη του <color=lightblue>ήλιου</color> έκανε την κατασκευή δύσκολη. Δεν θα συνιστούσα να χτίσουμε σε εκείνον τον πλανήτη."
dialogue:1021,dialogue,COLEUS,186,,"COLEUS: After closer observation, mining site 2a wouldn’t be safe for the native life dwelling in some of this cave’s pools, so (unfortunately) we’ll have to mine one of the other sites.","ΚΟΛΕΟΥΣ: Μετά από προσεκτικότερη παρατήρηση, το σημείο εξόρυξης 2a δεν θα ήταν ασφαλές για τη ντόπια ζωή που κατοικεί σε κάποιες από τις λιμνούλες αυτής της σπηλιάς, οπότε (δυστυχώς) θα πρέπει να εξορύξουμε σε κάποιο από τα άλλα σημεία."
dialogue:1022,dialogue,COLEUS,223,,"COLEUS: On the opposite hand, new life! This species is semi-aquatic, and very hardy. The ecosystem here is quite robust, so I believe they’ll thrive in the long run. Be cautious near the pools if you visit 2a to meet them.","ΚΟΛΕΟΥΣ: Από την άλλη πλευρά, νέα ζωή! Αυτό το είδος είναι ημιυδρόβιο και πολύ ανθεκτικό. Το οικοσύστημα εδώ είναι αρκετά εύρωστο, οπότε πιστεύω ότι θα ευδοκιμήσουν μακροπρόθεσμα. Να προσέχετε κοντά στις λιμνούλες αν επισκεφθείτε το 2a για να τα γνωρίσετε."
dialogue:1023,dialogue,CYCAD,122,,CYCAD: There are a few other cave sites that look promising. What about site 2b (it shares similar formations and strata)?,ΣΑΪΚΑΝΤ: Υπάρχουν μερικά άλλα σημεία σπηλιάς που φαίνονται πολλά υποσχόμενα. Τι λες για το σημείο 2b (έχει παρόμοιους σχηματισμούς και στρώματα);
dialogue:1024,dialogue,OENO,148,,"OENO: This sounds promising! Will you and your mentor investigate? If mining site 2b proves safe for this native species, we’ll move our work there.","ΟΙΝΩ: Ακούγεται πολλά υποσχόμενο! Θα το ερευνήσετε εσύ και ο μέντοράς σου; Αν το σημείο εξόρυξης 2b αποδειχθεί ασφαλές για αυτό το ντόπιο είδος, θα μεταφέρουμε εκεί τη δουλειά μας."
dialogue:1025,dialogue,CYCAD,103,,CYCAD: Site 2b is safe! Coleus says we’ll continue to monitor our activity and its effect on life here.,ΣΑΪΚΑΝΤ: Το σημείο 2b είναι ασφαλές! Ο Κόλεους λέει ότι θα συνεχίσουμε να παρακολουθούμε τη δραστηριότητά μας και την επίδρασή της στη ζωή εδώ.
dialogue:1026,dialogue,CYCAD,136,,"CYCAD: I was watching them once during a rest, and the hours escaped from me. They’re fascinating (I wonder what their fourth eye does)!","ΣΑΪΚΑΝΤ: Τα παρατηρούσα κάποτε σε ένα διάλειμμα, και οι ώρες μου ξέφυγαν. Είναι συναρπαστικά (αναρωτιέμαι τι κάνει το τέταρτο μάτι τους)!"
dialogue:1027,dialogue,COLEUS,208,,"COLEUS: They remind me of a subterranean species that my mentor, Melorae, once told me about (from when our clan used to travel across this universe). I imagine she would have enjoyed these lifeforms greatly.","ΚΟΛΕΟΥΣ: Μου θυμίζουν ένα υπόγειο είδος για το οποίο μου είχε μιλήσει κάποτε η μέντοράς μου, η Μελόρε (από τότε που η φυλή μας ταξίδευε σε αυτό το σύμπαν). Φαντάζομαι ότι θα τα απολάμβανε πολύ αυτά τα πλάσματα."
dialogue:1028,dialogue,CASSAVA,121,,"CASSAVA: We’re nearly ready! Filix and I have finished construction, and she says calibrating the device won’t take long.","ΚΑΣΑΒΑ: Είμαστε σχεδόν έτοιμοι! Η Φίλιξ κι εγώ τελειώσαμε την κατασκευή, και λέει ότι η βαθμονόμηση της συσκευής δεν θα πάρει πολύ."
dialogue:1029,dialogue,FILIX,173,TAGS,"FILIX: Fortunately, the <color=lightblue>Attlerock</color>’s lack of atmosphere will make calibration simple. After all this time, I’m thrilled to finally resume our search!","ΦΙΛΙΞ: Ευτυχώς, η έλλειψη ατμόσφαιρας στο <color=lightblue>Άτλροκ</color> θα κάνει τη βαθμονόμηση απλή. Μετά από τόσον καιρό, ενθουσιάζομαι που επιτέλους ξαναρχίζουμε την αναζήτησή μας!"
dialogue:1030,dialogue,,101,TAGS,Caution: You are about to access the core while the <color=orange>Ash Twin Project</color> is active.,Προσοχή: Πρόκειται να προσπελάσεις τον πυρήνα ενώ το <color=orange>Πρότζεκτ του Διδύμου της Στάχτης</color> είναι ενεργό.
dialogue:1031,dialogue,WARNING,83,TAGS,WARNING: Removing the core will disable the <color=orange>Ash Twin Project</color>.,ΠΡΟΕΙΔΟΠΟΙΗΣΗ: Η αφαίρεση του πυρήνα θα απενεργοποιήσει το <color=orange>Πρότζεκτ του Διδύμου της Στάχτης</color>.
dialogue:1032,dialogue,,26,,Artificial gravity control,Έλεγχος τεχνητής βαρύτητας
dialogue:1033,dialogue,YARROW,249,TAGS,"YARROW: Today we finished the excavation of <color=lightblue>Ash Twin</color>. Here, in this space we carved, we will craft our most ambitious project yet: the <color=orange>Ash Twin Project</color>, powerful enough to send information back in time.","ΓΙΑΡΟΟΥ: Σήμερα ολοκληρώσαμε την εκσκαφή του <color=lightblue>Διδύμου της Στάχτης</color>. Εδώ, σε αυτόν τον χώρο που σκάψαμε, θα φτιάξουμε το πιο φιλόδοξο εγχείρημά μας: το <color=orange>Πρότζεκτ του Διδύμου της Στάχτης</color>."
dialogue:1034,dialogue,COLEUS,84,,COLEUS: We’ve also finished relocating all subterranean plants we met while digging.,ΚΟΛΕΟΥΣ: Ολοκληρώσαμε επίσης τη μεταφορά όλων των υπόγειων φυτών που συναντήσαμε κατά τη σκαφή.
dialogue:1035,dialogue,RAMIE,91,,RAMIE: We’ll need to keep our eyes on how significantly we’ve altered the environment here.,ΡΑΜΙ: Θα πρέπει να έχουμε τα μάτια μας ανοιχτά για το πόσο σημαντικά αλλάξαμε το περιβάλλον εδώ.
dialogue:1036,dialogue,PYE,147,TAGS,PYE: How far we’ve come since our experiments at the <color=orange>High Energy Lab</color>! I still can hardly believe Ramie’s hypothesis was true.,ΠΑΪ: Πόσο δρόμο κάναμε από τα πειράματά μας στο <color=orange>Εργαστήριο Υψηλών Ενεργειών</color>! Ακόμη δυσκολεύομαι να πιστέψω ότι η υπόθεση της Ράμι ήταν αληθινή.
dialogue:1037,dialogue,YARROW,352,TAGS,"YARROW: Poke just sent the warp core for the final tower to us from the <color=orange>Black Hole Forge</color>. Now <color=lightblue>Ash Twin</color> can be connected with <color=lightblue>Giant’s Deep</color>, where Cassava is working with Avens to craft the <color=orange>Orbital Probe Cannon</color>, and where Phlox is sculpting the memory statues.","ΓΙΑΡΟΟΥ: Η Πόουκ μόλις μας έστειλε τον πυρήνα στρέβλωσης για τον τελευταίο πύργο από το <color=orange>Σφυρηλατείο της Μαύρης Τρύπας</color>. Τώρα ο <color=lightblue>Δίδυμος της Στάχτης</color> μπορεί να συνδεθεί με τον <color=lightblue>Τζάιαντς Ντιπ</color>, όπου ο Κασάβα δουλεύει με τον Έιβενς για να φτιάξουν το <color=orange>Τροχιακό Κανόνι Βολίδας</color>, και όπου ο Φλοξ σμιλεύει τα αγάλματα μνήμης."
dialogue:1038,dialogue,CASSAVA,97,,CASSAVA: Hypothesis: It was not by accident the core of our warp tower was the last to be forged.,ΚΑΣΑΒΑ: Υπόθεση: Δεν ήταν τυχαίο ότι ο πυρήνας του δικού μας πύργου στρέβλωσης σφυρηλατήθηκε τελευταίος.
dialogue:1039,dialogue,POKE,128,,POKE: Hypothesis: The cores could have been forged faster if Cassava had interrupted my work less frequently to ask for updates.,ΠΟΟΥΚ: Υπόθεση: Οι πυρήνες θα μπορούσαν να είχαν σφυρηλατηθεί πιο γρήγορα αν ο Κασάβα διέκοπτε τη δουλειά μου λιγότερο συχνά για να ζητά ενημερώσεις.
dialogue:1040,dialogue,YARROW,167,TAGS,"YARROW: The important point is we are all connected through <color=lightblue>Ash Twin</color> now, and also that I’m no longer needed for mediating your disagreements.",ΓΙΑΡΟΟΥ: Το σημαντικό είναι ότι είμαστε πλέον όλοι συνδεδεμένοι μέσω του <color=lightblue>Διδύμου της Στάχτης</color> — και επίσης ότι δεν χρειάζομαι πια να μεσολαβώ στις διαφωνίες σας.
dialogue:1041,dialogue,YARROW,274,TAGS,"YARROW: Our friends on <color=lightblue>Giant’s Deep</color> tested the <color=orange>Orbital Probe Cannon</color> today. Mallow tells me the cannon is doing well, and that Avens advocates for more launch power. If anyone can coax the maximum power from a device, Avens can.","ΓΙΑΡΟΟΥ: Οι φίλοι μας στον <color=lightblue>Τζάιαντς Ντιπ</color> δοκίμασαν σήμερα το <color=orange>Τροχιακό Κανόνι Βολίδας</color>. Ο Μάλοου μού λέει ότι το κανόνι πάει καλά και ότι ο Έιβενς υποστηρίζει μεγαλύτερη ισχύ εκτόξευσης. Αν κάποιος μπορεί να αποσπάσει τη μέγιστη ισχύ από μια συσκευή, αυτός είναι ο Έιβενς."
dialogue:1042,dialogue,YARROW,199,TAGS,"YARROW: But then, if anyone can goad a device into exploding, that, too, is likely Avens. Perhaps I should check in with the <color=orange>Orbital Probe Cannon</color> crew in the interest of safety.","ΓΙΑΡΟΟΥ: Από την άλλη, αν κάποιος μπορεί να παρακινήσει μια συσκευή να εκραγεί, κι αυτός μάλλον ο Έιβενς είναι. Ίσως θα έπρεπε να δω τι κάνει το πλήρωμα του <color=orange>Τροχιακού Κανονιού Βολίδας</color>, χάριν ασφαλείας."
dialogue:1043,dialogue,YARROW,138,,"YARROW: Would it help to remind Avens that Mallow (his love) will be one of the Nomai aboard the cannon, or is Mallow part of the problem?","ΓΙΑΡΟΟΥ: Θα βοηθούσε να θυμίσω στον Έιβενς ότι ο Μάλοου (ο αγαπημένος του) θα είναι ένας από τους Νομάι πάνω στο κανόνι, ή μήπως ο Μάλοου είναι μέρος του προβλήματος;"
dialogue:1044,dialogue,YARROW,301,TAGS,"YARROW: Pye and Idaea have worked hard on the <color=orange>Sun Station</color>, and it at last is complete. If everything goes as planned, this structure will prompt the <color=lightblue>sun</color>’s explosion, which will in turn supply the power the <color=orange>Ash Twin Project</color> requires.","ΓΙΑΡΟΟΥ: Η Πάι και η Ιδαία δούλεψαν σκληρά στον <color=orange>Ηλιακό Σταθμό</color>, και επιτέλους ολοκληρώθηκε. Αν όλα πάνε όπως σχεδιάστηκαν, αυτή η κατασκευή θα προκαλέσει την έκρηξη του <color=lightblue>ήλιου</color>, η οποία με τη σειρά της θα δώσει την ισχύ που χρειάζεται το <color=orange>Πρότζεκτ του Διδύμου της Στάχτης</color>."
dialogue:1045,dialogue,RAMIE,114,,"RAMIE: I’m impressed by their mental fortitude. This was the project’s most difficult task, in more ways than one.","ΡΑΜΙ: Με εντυπωσιάζει η ψυχική τους αντοχή. Αυτό ήταν το πιο δύσκολο έργο του εγχειρήματος, με περισσότερους από έναν τρόπους."
dialogue:1046,dialogue,YARROW,246,TAGS,"YARROW: We’re nearly ready to activate the <color=orange>Ash Twin Project</color>! Here is what will happen: First, the <color=orange>Sun Station</color> will receive the order to fire at the <color=lightblue>sun</color>, prompting it to explode.","ΓΙΑΡΟΟΥ: Είμαστε σχεδόν έτοιμοι να ενεργοποιήσουμε το <color=orange>Πρότζεκτ του Διδύμου της Στάχτης</color>! Να τι θα συμβεί: Πρώτα, ο <color=orange>Ηλιακός Σταθμός</color> θα λάβει την εντολή να πυροδοτήσει τον <color=lightblue>ήλιο</color>, προκαλώντας του έκρηξη."
dialogue:1047,dialogue,YARROW,204,TAGS,"YARROW: Using the energy from the resulting supernova, the <color=orange>Ash Twin Project</color> will send the order for the <color=orange>Orbital Probe Cannon</color> to fire back in time by 22 minutes.","ΓΙΑΡΟΟΥ: Χρησιμοποιώντας την ενέργεια από τη σουπερνόβα που θα προκύψει, το <color=orange>Πρότζεκτ του Διδύμου της Στάχτης</color> θα στείλει την εντολή προς το <color=orange>Τροχιακό Κανόνι Βολίδας</color> να πυροδοτήσει 22 λεπτά πίσω στον χρόνο."
dialogue:1048,dialogue,YARROW,191,TAGS,"YARROW: Exactly 22 minutes after these orders are received, the <color=orange>Sun Station</color> will again trigger the supernova to send the probe data from this cannon launch back in time.","ΓΙΑΡΟΟΥ: Ακριβώς 22 λεπτά αφότου ληφθούν αυτές οι εντολές, ο <color=orange>Ηλιακός Σταθμός</color> θα πυροδοτήσει ξανά τη σουπερνόβα, ώστε να στείλει πίσω στον χρόνο τα δεδομένα της βολίδας από αυτή την εκτόξευση."
dialogue:1049,dialogue,YARROW,145,TAGS,"YARROW: In total, each cycle created by the <color=orange>Ash Twin Project</color> will last precisely 22 minutes. We can end this cycle at will.","ΓΙΑΡΟΟΥ: Συνολικά, κάθε κύκλος που δημιουργεί το <color=orange>Πρότζεκτ του Διδύμου της Στάχτης</color> θα διαρκεί ακριβώς 22 λεπτά. Μπορούμε να τερματίσουμε αυτόν τον κύκλο όποτε θελήσουμε."
dialogue:1050,dialogue,YARROW,95,TAGS,YARROW: These words are difficult to write: The <color=orange>Sun Station</color> did not work.,ΓΙΑΡΟΟΥ: Αυτά τα λόγια είναι δύσκολο να γραφτούν: ο <color=orange>Ηλιακός Σταθμός</color> δεν λειτούργησε.
dialogue:1051,dialogue,YARROW,185,TAGS,"YARROW: However, this is the closest we have ever been. The <color=orange>Ash Twin Project</color> is theoretically sound; we were only unable to power it. Perhaps there is another way.","ΓΙΑΡΟΟΥ: Ωστόσο, ποτέ δεν ήμασταν τόσο κοντά. Το <color=orange>Πρότζεκτ του Διδύμου της Στάχτης</color> είναι θεωρητικά σωστό· απλώς δεν καταφέραμε να το τροφοδοτήσουμε. Ίσως υπάρχει άλλος τρόπος."
dialogue:1052,dialogue,PYE,145,TAGS,"PYE: Suppose we redesign the <color=orange>Sun Station</color>. To generate power of that magnitude, a supernova is still our only viable option.","ΠΑΪ: Ας υποθέσουμε ότι επανασχεδιάζουμε τον <color=orange>Ηλιακό Σταθμό</color>. Για να παραχθεί ισχύς τέτοιου μεγέθους, μια σουπερνόβα παραμένει η μόνη βιώσιμη επιλογή μας."
dialogue:1053,dialogue,IDAEA,50,,IDAEA: This is easier expressed than accomplished.,"ΙΔΑΙΑ: Αυτό λέγεται πιο εύκολα απ’ ό,τι γίνεται."
dialogue:1054,dialogue,PYE,171,TAGS,"PYE: You can wait for the <color=lightblue>sun</color> to explode on its natural timeline if you prefer, Idaea, but you’ll need to find some way to halt our aging process.","ΠΑΪ: Μπορείς να περιμένεις να εκραγεί ο <color=lightblue>ήλιος</color> στο φυσικό του χρονοδιάγραμμα, αν προτιμάς, Ιδαία, αλλά θα χρειαστεί να βρεις κάποιον τρόπο να σταματήσεις τη γήρανσή μας."
dialogue:1055,dialogue,RAMIE,91,,"RAMIE: I believe we can still find a way to create a supernova, my friend. Don’t lose hope!","ΡΑΜΙ: Πιστεύω ότι μπορούμε ακόμη να βρούμε τρόπο να δημιουργήσουμε σουπερνόβα, φίλη μου. Μη χάνεις την ελπίδα σου!"
dialogue:1056,dialogue,YARROW,184,TAGS,"YARROW: We are halting our research into creating a supernova for this moment; a <color=lightblue>comet</color> has newly arrived in this solar system, and we’re anxious to explore it.","ΓΙΑΡΟΟΥ: Σταματάμε προς το παρόν την έρευνά μας για τη δημιουργία σουπερνόβα· ένας <color=lightblue>κομήτης</color> έφτασε μόλις σε αυτό το ηλιακό σύστημα, και ανυπομονούμε να τον εξερευνήσουμε."
dialogue:1057,dialogue,YARROW,183,TAGS,"YARROW: It’s been a very long time since we last explored somewhere new, so we’re excited to welcome this <color=lightblue>comet</color>. Imagine what knowledge might be gained there!","ΓΙΑΡΟΟΥ: Έχει περάσει πολύς καιρός από την τελευταία φορά που εξερευνήσαμε κάπου καινούρια, οπότε χαιρόμαστε που καλωσορίζουμε αυτόν τον <color=lightblue>κομήτη</color>. Φαντάσου τι γνώση μπορεί να αποκομίσουμε εκεί!"
dialogue:1058,dialogue,PYE,220,TAGS,"PYE: Friends visiting from the <color=orange>Hanging City</color>, we are planning the <color=orange>Ash Twin Project</color> at the <color=orange>High Energy Lab</color> on <color=lightblue>Ember Twin</color>’s equator.","ΠΑΪ: Φίλοι που μας επισκέπτεστε από την <color=orange>Κρεμαστή Πόλη</color>, σχεδιάζουμε το <color=orange>Πρότζεκτ του Διδύμου της Στάχτης</color> στο <color=orange>Εργαστήριο Υψηλών Ενεργειών</color> στον <color=lightblue>Δίδυμο της Χόβολης</color>."
dialogue:1059,dialogue,CONOY,217,TAGS,"CONOY: I became lost on <color=lightblue>Ember Twin</color> (my gratitude that Ramie found me!), but the <color=orange>High Energy Lab</color> is the building with the large solar panels. I’m suprised I didn’t see it!","ΚΟΝΟΪ: Χάθηκα στον <color=lightblue>Δίδυμο της Χόβολης</color> (ευγνωμοσύνη που με βρήκε η Ράμι!), αλλά το <color=orange>Εργαστήριο Υψηλών Ενεργειών</color> είναι το κτίριο με τα μεγάλα ηλιακά πάνελ."
dialogue:1060,dialogue,RAMIE,116,,RAMIE: I imagine our otherwise immensely clever Conoy would lose his own head if it weren’t anatomically impossible!,"ΡΑΜΙ: Φαντάζομαι ότι ο κατά τα άλλα πανέξυπνος Κόνοϊ θα έχανε και το ίδιο του το κεφάλι, αν δεν ήταν ανατομικά αδύνατον!"
dialogue:1061,dialogue,,100,TAGS,The <color=orange>shuttle</color> is currently resting at the <color=lightblue>Quantum Moon</color>.,Η <color=orange>άκατος</color> βρίσκεται αυτή τη στιγμή στην <color=lightblue>Κβαντική Σελήνη</color>.
dialogue:1062,dialogue,,57,TAGS,What is the <color=lightblue>Eye of the universe</color>?,Τι είναι το <color=lightblue>Μάτι του σύμπαντος</color>;
dialogue:1063,dialogue,,82,TAGS,The <color=lightblue>Eye</color> is the source of the signal that brought us here.,Το <color=lightblue>Μάτι</color> είναι η πηγή του σήματος που μας έφερε εδώ.
dialogue:1064,dialogue,,66,TAGS,Suppose the <color=lightblue>Eye</color> is a more advanced being.,Ας υποθέσουμε ότι το <color=lightblue>Μάτι</color> είναι ένα πιο προηγμένο ον.
dialogue:1065,dialogue,,100,TAGS,"The <color=lightblue>Eye</color> is older than this universe, so imagine how much it could teach us.",Το <color=lightblue>Μάτι</color> είναι αρχαιότερο από αυτό το σύμπαν· φαντάσου πόσα θα μπορούσε να μας διδάξει.
dialogue:1066,dialogue,,31,,Perhaps it is a cosmic library!,Ίσως είναι μια κοσμική βιβλιοθήκη!
dialogue:1067,dialogue,,50,TAGS,What is the <color=lightblue>Eye</color>’s signal?,Τι είναι το σήμα του <color=lightblue>Ματιού</color>;
dialogue:1068,dialogue,,63,TAGS,Suppose the <color=lightblue>Eye</color> wishes to communicate.,Ας υποθέσουμε ότι το <color=lightblue>Μάτι</color> επιθυμεί να επικοινωνήσει.
dialogue:1069,dialogue,,52,,The signal is a call. Were we the intended audience?,Το σήμα είναι ένα κάλεσμα. Ήμασταν εμείς οι αποδέκτες του;
dialogue:1070,dialogue,,95,TAGS,The signal is the <color=lightblue>Eye</color>’s voice. It speaks a language we don’t yet know.,Το σήμα είναι η φωνή του <color=lightblue>Ματιού</color>. Μιλά μια γλώσσα που δεν γνωρίζουμε ακόμη.
dialogue:1071,dialogue,,87,TAGS,Or maybe the signal is the <color=lightblue>Eye</color>’s attempt at expressing itself.,Ή ίσως το σήμα είναι η προσπάθεια του <color=lightblue>Ματιού</color> να εκφραστεί.
dialogue:1072,dialogue,,133,TAGS,"Of note: From the signal, we were able to determine the <color=lightblue>Eye</color>’s approximate age (or perhaps its lack of age?).",Σημείωση: Από το σήμα μπορέσαμε να προσδιορίσουμε την κατά προσέγγιση ηλικία του <color=lightblue>Ματιού</color> (ή μήπως την έλλειψη ηλικίας του;).
dialogue:1073,dialogue,,150,TAGS,Be welcomed in this place. This shrine is a space to reflect on what brought us to this star system: the signal from the <color=lightblue>Eye</color>.,Καλώς όρισες σε αυτόν τον τόπο. Αυτό το ιερό είναι ένας χώρος για να στοχαστούμε πάνω σε αυτό που μας έφερε σε αυτό το αστρικό σύστημα: το σήμα από το <color=lightblue>Μάτι</color>.
dialogue:1074,dialogue,,110,TAGS,"We observed the <color=lightblue>Eye</color>’s signal in our travels, and followed it here to find its source.",Παρατηρήσαμε το σήμα του <color=lightblue>Ματιού</color> στα ταξίδια μας και το ακολουθήσαμε ως εδώ για να βρούμε την πηγή του.
dialogue:1075,dialogue,,194,TAGS,"What we know is this: The source of the signal (which we have chosen to call the <color=lightblue>Eye of the universe</color>) is older than this universe itself. The rest, we have yet to learn.","Αυτό που ξέρουμε είναι το εξής: Η πηγή του σήματος (που επιλέξαμε να ονομάσουμε <color=lightblue>Μάτι του σύμπαντος</color>) είναι αρχαιότερη από το ίδιο το σύμπαν. Τα υπόλοιπα, μένει να τα μάθουμε."
dialogue:1076,dialogue,,47,,"Enter, and open your mind to its possibilities.","Πέρασε, και άνοιξε τον νου σου στις δυνατότητές του."
dialogue:1077,dialogue,,82,TAGS,Solution 1: We could retrieve the warp core from the <color=orange>Vessel</color>.,Λύση 1: Θα μπορούσαμε να ανακτήσουμε τον πυρήνα στρέβλωσης από το <color=orange>Σκάφος</color>.
dialogue:1078,dialogue,RAMIE,219,TAGS,"RAMIE: The <color=orange>Vessel</color>’s warp core is broken, at best (recall those present when the <color=orange>Vessel</color> crashed said it sustained lethal injuries). There is no guaranteed reward for this risk.","ΡΑΜΙ: Ο πυρήνας στρέβλωσης του <color=orange>Σκάφους</color> είναι σπασμένος, στην καλύτερη περίπτωση (θυμηθείτε ότι όσοι ήταν παρόντες όταν συνετρίβη το <color=orange>Σκάφος</color> είπαν ότι υπέστη θανάσιμες ζημιές). Δεν υπάρχει καμία εγγύηση."
dialogue:1079,dialogue,CONOY,131,,CONOY: Perhaps we could still repair it. My grandmother told me there was little time to assess the nature or extent of the damage.,ΚΟΝΟΪ: Ίσως θα μπορούσαμε ακόμη να τον επισκευάσουμε. Η γιαγιά μου μού είπε ότι υπήρχε ελάχιστος χρόνος για να εκτιμηθεί η φύση ή η έκταση της ζημιάς.
dialogue:1080,dialogue,CASSAVA,131,,"CASSAVA: Even if it no longer functions, the old core could be a valuable blueprint, provided we’re able to transport it back here.","ΚΑΣΑΒΑ: Ακόμη κι αν δεν λειτουργεί πια, ο παλιός πυρήνας θα μπορούσε να είναι πολύτιμο σχέδιο, αρκεί να καταφέρουμε να τον μεταφέρουμε πίσω εδώ."
dialogue:1081,dialogue,PHLOX,131,TAGS,PHLOX: This would require a return to <color=lightblue>Dark Bramble</color>. Plume (my father) said many good Nomai perished there.,ΦΛΟΞ: Αυτό θα απαιτούσε επιστροφή στον <color=lightblue>Νταρκ Μπραμπλ</color>. Ο Πλουμ (ο πατέρας μου) είπε ότι πολλοί καλοί Νομάι χάθηκαν εκεί.
dialogue:1082,dialogue,CYCAD,195,TAGS,"CYCAD: My mentor (Coleus) and his old mentor once discovered and studied an anglerfish fossil on <color=lightblue>Ember Twin</color>. Using that knowledge, we could avoid the anglerfish entirely!","ΣΑΪΚΑΝΤ: Ο μέντοράς μου (ο Κόλεους) και ο δικός του παλιός μέντορας ανακάλυψαν και μελέτησαν κάποτε ένα απολίθωμα βατραχόψαρου στον <color=lightblue>Δίδυμο της Χόβολης</color>. Με αυτή τη γνώση, θα μπορούσαμε να αποφύγουμε εντελώς τα βατραχόψαρα!"
dialogue:1083,dialogue,COLEUS,157,,"COLEUS: What Melorae and I learned from that fossil would theoretically help us evade the anglerfish, but our hypothesis was never tested on a live specimen.","ΚΟΛΕΟΥΣ: Όσα μάθαμε η Μελόρε κι εγώ από εκείνο το απολίθωμα θα μας βοηθούσαν θεωρητικά να ξεφύγουμε από τα βατραχόψαρα, αλλά η υπόθεσή μας δεν δοκιμάστηκε ποτέ σε ζωντανό δείγμα."
dialogue:1084,dialogue,RAMIE,122,TAGS,RAMIE: I remember that anglerfish fossil! We used to play in <color=orange>Fossil Fish Cave</color> when we were children.,ΡΑΜΙ: Θυμάμαι εκείνο το απολίθωμα βατραχόψαρου! Παίζαμε στη <color=orange>Σπηλιά του Απολιθωμένου Ψαριού</color> όταν ήμασταν παιδιά.
dialogue:1085,dialogue,SOLANUM,230,TAGS,"SOLANUM: I no longer believe, as I did as a child on <color=lightblue>Ember Twin</color>, that the <color=lightblue>Eye of the universe</color> (the source of the signal) wishes to harm us. But it may not want to be found, either.","ΣΟΛΑΝΟΥΜ: Δεν πιστεύω πια, όπως πίστευα ως παιδί στον <color=lightblue>Δίδυμο της Χόβολης</color>, ότι το <color=lightblue>Μάτι του σύμπαντος</color> (η πηγή του σήματος) θέλει να μας βλάψει. Ίσως όμως ούτε και να βρεθεί θέλει."
dialogue:1086,dialogue,SOLANUM,105,,SOLANUM: The terrible circumstances of our arrival here were almost certainly exactly that: circumstance.,ΣΟΛΑΝΟΥΜ: Οι τρομερές συνθήκες της άφιξής μας εδώ ήταν σχεδόν σίγουρα ακριβώς αυτό: συγκυρία.
dialogue:1087,dialogue,SOLANUM,192,TAGS,SOLANUM: I suspect imagining we are special to the <color=lightblue>Eye</color> in some way is wishful thinking. The <color=lightblue>Eye</color> might have called out to any sentient species.,ΣΟΛΑΝΟΥΜ: Υποψιάζομαι ότι το να φανταζόμαστε πως είμαστε με κάποιον τρόπο ξεχωριστοί για το <color=lightblue>Μάτι</color> είναι ευσεβής πόθος. Το <color=lightblue>Μάτι</color> μπορεί να καλούσε οποιοδήποτε ευφυές είδος.
dialogue:1088,dialogue,SOLANUM,154,TAGS,"SOLANUM: Or it might not have been calling out at all, and that my ancestors heard the <color=lightblue>Eye</color>’s signal holds no great, deep meaning.","ΣΟΛΑΝΟΥΜ: Ή μπορεί να μην καλούσε καθόλου, και το ότι οι πρόγονοί μου άκουσαν το σήμα του <color=lightblue>Ματιού</color> να μην έχει κανένα μεγάλο, βαθύ νόημα."
dialogue:1089,dialogue,SOLANUM,42,,"SOLANUM: This wouldn’t be so bad, I think.","ΣΟΛΑΝΟΥΜ: Αυτό δεν θα ήταν και τόσο κακό, νομίζω."
dialogue:1090,dialogue,SOLANUM,115,TAGS,"SOLANUM: In fact, the <color=lightblue>Eye</color> may not have wishes at all. We have no evidence supporting this.","ΣΟΛΑΝΟΥΜ: Στην πραγματικότητα, το <color=lightblue>Μάτι</color> μπορεί να μην έχει καθόλου επιθυμίες. Δεν έχουμε στοιχεία που να το στηρίζουν αυτό."
dialogue:1091,dialogue,ILEX,38,,ILEX: Why We Should Build A New Vessel,ΙΛΕΞ: Γιατί Πρέπει να Χτίσουμε Νέο Σκάφος
dialogue:1092,dialogue,ILEX,101,,ILEX: Each Nomai clan explores the universe in its own Vessel. The Vessel is the heart of every clan.,ΙΛΕΞ: Κάθε φυλή Νομάι εξερευνά το σύμπαν με το δικό της Σκάφος. Το Σκάφος είναι η καρδιά κάθε φυλής.
dialogue:1093,dialogue,ILEX,112,,ILEX: It’s unusual for Nomai to remain in one place for so long. Nomai are wanderers and have no permanent home.,ΙΛΕΞ: Είναι ασυνήθιστο για τους Νομάι να μένουν σε ένα μέρος τόσο πολύ. Οι Νομάι είναι περιπλανώμενοι και δεν έχουν μόνιμο σπίτι.
dialogue:1094,dialogue,ILEX,172,,"ILEX: If we built a new Vessel, we could return to our adventurous way of life. Imagine all the new places we could go! Our clan wouldn’t be stuck here in this star system.","ΙΛΕΞ: Αν χτίζαμε νέο Σκάφος, θα μπορούσαμε να επιστρέψουμε στον περιπετειώδη τρόπο ζωής μας. Φαντάσου πόσα νέα μέρη θα μπορούσαμε να πάμε! Η φυλή μας δεν θα ήταν κολλημένη εδώ, σε αυτό το αστρικό σύστημα."
dialogue:1095,dialogue,ILEX,95,,"ILEX: We could even meet with other Nomai, and learn from them, like Coleus says we used to do.","ΙΛΕΞ: Θα μπορούσαμε ακόμη να συναντήσουμε άλλους Νομάι και να μάθουμε από αυτούς, όπως λέει ο Κόλεους ότι κάναμε παλιά."
dialogue:1096,dialogue,ILEX,192,TAGS,"ILEX: It probably wouldn’t be hard to get parts if we stopped building other new things, and if we broke down other structures (like the towers on <color=lightblue>Ash Twin</color>) for parts.","ΙΛΕΞ: Μάλλον δεν θα ήταν δύσκολο να βρούμε ανταλλακτικά αν σταματούσαμε να χτίζουμε άλλα καινούρια πράγματα, και αν διαλύαμε άλλες κατασκευές (όπως τους πύργους στον <color=lightblue>Δίδυμο της Στάχτης</color>) για ανταλλακτικά."
dialogue:1097,dialogue,ILEX,171,,"ILEX: We might have to build a smaller Vessel for now, even though Vessels are normally large. But we could make it bigger later once we reach planets with more resources.","ΙΛΕΞ: Ίσως χρειαστεί να χτίσουμε μικρότερο Σκάφος προς το παρόν, παρόλο που τα Σκάφη είναι κανονικά μεγάλα. Αλλά θα μπορούσαμε να το μεγαλώσουμε αργότερα, μόλις φτάσουμε σε πλανήτες με περισσότερους πόρους."
dialogue:1098,dialogue,ILEX,226,TAGS,"ILEX: It would also help if we stopped building so many things to search for the <color=lightblue>Eye of the universe</color>. I asked Yarrow, and he says we use lots of resources on the <color=orange>Ash Twin Project</color>.","ΙΛΕΞ: Θα βοηθούσε επίσης αν σταματούσαμε να χτίζουμε τόσα πράγματα για να ψάχνουμε το <color=lightblue>Μάτι του σύμπαντος</color>. Ρώτησα τον Γιάροου, και λέει ότι ξοδεύουμε πολλούς πόρους στο <color=orange>Πρότζεκτ του Διδύμου της Στάχτης</color>."
dialogue:1099,dialogue,ILEX,245,,ILEX: We could even have a warp core for jumping long distances like Vessels have. Poke tells me she plans to make a very advanced warp core for a different project. I’m sure she could connect it to the Vessel for travel (because Poke is smart).,"ΙΛΕΞ: Θα μπορούσαμε ακόμη να έχουμε πυρήνα στρέβλωσης για μεγάλα άλματα, όπως έχουν τα Σκάφη. Η Πόουκ μού λέει ότι σχεδιάζει να φτιάξει έναν πολύ προηγμένο πυρήνα στρέβλωσης για άλλο εγχείρημα. Είμαι σίγουρος ότι θα μπορούσε να τον συνδέσει με το Σκάφος για ταξίδια (γιατί η Πόουκ είναι έξυπνη)."
dialogue:1100,dialogue,THATCH,29,,THATCH: Is everyone unharmed?,ΘΑΤΣ: Είναι όλοι αβλαβείς;
dialogue:1101,dialogue,PLUME,111,TAGS,PLUME: No one was badly injured from the <color=orange>escape pod’s</color> impact. We’re incredibly fortunate.,ΠΛΟΥΜ: Κανείς δεν τραυματίστηκε σοβαρά από την πρόσκρουση της <color=orange>κάψουλας διαφυγής</color>. Είμαστε απίστευτα τυχεροί.
dialogue:1102,dialogue,THATCH,129,TAGS,"THATCH: This is good news, at least. Have we heard from <color=orange>Escape Pod 2</color> or <color=orange>Escape Pod 3</color>?","ΘΑΤΣ: Αυτά είναι καλά νέα, τουλάχιστον. Έχουμε νέα από την <color=orange>Κάψουλα Διαφυγής 2</color> ή την <color=orange>Κάψουλα Διαφυγής 3</color>;"
dialogue:1103,dialogue,FILIX,179,,"FILIX: No, I... I’m unable to make contact. My equipment can hear the other two escape pods’ distress signals, however. If it’s any comfort, both pods must be structurally intact.","ΦΙΛΙΞ: Όχι, δεν... δεν μπορώ να έρθω σε επαφή. Ο εξοπλισμός μου ακούει πάντως τα σήματα κινδύνου των άλλων δύο καψουλών. Αν είναι κάποια παρηγοριά, και οι δύο κάψουλες πρέπει να είναι δομικά ακέραιες."
dialogue:1104,dialogue,FILIX,38,,FILIX: I’ll continue calling for them.,ΦΙΛΙΞ: Θα συνεχίσω να τους καλώ.
dialogue:1105,dialogue,THATCH,33,,THATCH: My gratitude. If we can —,ΘΑΤΣ: Ευγνωμοσύνη. Αν μπορούμε —
dialogue:1106,dialogue,PLUME,45,,"PLUME: Thatch, the moon is approaching again!","ΠΛΟΥΜ: Θατς, το φεγγάρι πλησιάζει ξανά!"
dialogue:1107,dialogue,THATCH,100,TAGS,"THATCH: Everyone brace yourselves, swiftly! The <color=lightblue>volcanic moon</color> has returned!","ΘΑΤΣ: Όλοι κρατηθείτε, γρήγορα! Το <color=lightblue>ηφαιστειακό φεγγάρι</color> επέστρεψε!"
dialogue:1108,dialogue,THATCH,46,,THATCH: Be cautious of falling ash and debris!,ΘΑΤΣ: Προσοχή στη στάχτη και στα συντρίμμια που πέφτουν!
dialogue:1109,dialogue,PLUME,40,,PLUME: ...I believe the moon has passed.,ΠΛΟΥΜ: ...Πιστεύω ότι το φεγγάρι πέρασε.
dialogue:1110,dialogue,FILIX,98,,FILIX: This planet doesn’t appear eager to have guests. We are certainly unwelcome on its surface.,ΦΙΛΙΞ: Αυτός ο πλανήτης δεν φαίνεται πρόθυμος να έχει επισκέπτες. Σίγουρα είμαστε ανεπιθύμητοι στην επιφάνειά του.
dialogue:1111,dialogue,THATCH,112,TAGS,"THATCH: We need to find shelter, and quickly. The <color=lightblue>volcanic moon</color> won’t be gone for long.","ΘΑΤΣ: Πρέπει να βρούμε καταφύγιο, και γρήγορα. Το <color=lightblue>ηφαιστειακό φεγγάρι</color> δεν θα λείψει για πολύ."
dialogue:1112,dialogue,PLUME,174,,"PLUME: I observed several promising sites below the surface, but we’ll need to construct a way for everyone to climb safely down this cliff. Perhaps we could build platforms?","ΠΛΟΥΜ: Παρατήρησα αρκετά υποσχόμενα σημεία κάτω από την επιφάνεια, αλλά θα χρειαστεί να κατασκευάσουμε τρόπο ώστε να κατέβουν όλοι με ασφάλεια αυτόν τον γκρεμό. Ίσως να φτιάξουμε πλατφόρμες;"
dialogue:1113,dialogue,CONOY,104,TAGS,CONOY: What have we learned thus far in our search for the <color=lightblue>Eye of the universe</color>?,ΚΟΝΟΪ: Τι έχουμε μάθει ως τώρα στην αναζήτησή μας για το <color=lightblue>Μάτι του σύμπαντος</color>;
dialogue:1114,dialogue,PLUME,208,TAGS,"PLUME: Those of us on the <color=orange>Vessel</color> originally followed the <color=lightblue>Eye</color>’s signal to this star system, but we were unable to warp to the <color=lightblue>Eye</color> itself.","ΠΛΟΥΜ: Όσοι από εμάς ήμασταν στο <color=orange>Σκάφος</color> ακολουθήσαμε αρχικά το σήμα του <color=lightblue>Ματιού</color> ως αυτό το αστρικό σύστημα, αλλά δεν καταφέραμε να κάνουμε στρέβλωση ως το ίδιο το <color=lightblue>Μάτι</color>."
dialogue:1115,dialogue,PRIVET,203,TAGS,"PRIVET: The locator we built on the <color=lightblue>Attlerock</color> and the new, more sensitive locator we built here were both unable to detect any trace of the <color=lightblue>Eye</color>’s signal.","ΠΡΙΒΕΤ: Ο εντοπιστής που χτίσαμε στο <color=lightblue>Άτλροκ</color> και ο νέος, πιο ευαίσθητος εντοπιστής που χτίσαμε εδώ δεν κατάφεραν να ανιχνεύσουν κανένα ίχνος του σήματος του <color=lightblue>Ματιού</color>."
dialogue:1116,dialogue,AVENS,84,TAGS,AVENS: Hypothesis: The <color=lightblue>Eye</color> has stopped emitting its signal.,ΕΪΒΕΝΣ: Υπόθεση: Το <color=lightblue>Μάτι</color> έπαψε να εκπέμπει το σήμα του.
dialogue:1117,dialogue,CASSAVA,75,TAGS,CASSAVA: Suppose the <color=lightblue>Eye</color> doesn’t wish to be found.,ΚΑΣΑΒΑ: Ας υποθέσουμε ότι το <color=lightblue>Μάτι</color> δεν επιθυμεί να βρεθεί.
dialogue:1118,dialogue,PLUME,128,TAGS,"PLUME: Cassava, how can you suggest that? The <color=lightblue>Eye</color>’s signal called out to summon us to this star system!","ΠΛΟΥΜ: Κασάβα, πώς μπορείς να το προτείνεις αυτό; Το σήμα του <color=lightblue>Ματιού</color> μάς κάλεσε σε αυτό το αστρικό σύστημα!"
dialogue:1119,dialogue,CASSAVA,156,TAGS,CASSAVA: I’m aware; I grew up hearing the <color=lightblue>Eye</color>’s story. Yet we’re no closer to finding it than you were when you first arrived here.,"ΚΑΣΑΒΑ: Το γνωρίζω· μεγάλωσα ακούγοντας την ιστορία του <color=lightblue>Ματιού</color>. Κι όμως δεν είμαστε πιο κοντά στο να το βρούμε απ’ ό,τι ήσασταν εσείς όταν πρωτοφτάσατε εδώ."
dialogue:1120,dialogue,MALLOW,289,TAGS,"MALLOW: Based on our knowledge of the <color=lightblue>Quantum Moon</color>, we believe the <color=lightblue>Eye</color> is in orbit around this star system’s <color=lightblue>sun</color>. This would mean the <color=lightblue>Eye</color> is located within a finite (albeit enormous) range.","ΜΑΛΟΟΥ: Με βάση όσα ξέρουμε για την <color=lightblue>Κβαντική Σελήνη</color>, πιστεύουμε ότι το <color=lightblue>Μάτι</color> βρίσκεται σε τροχιά γύρω από τον <color=lightblue>ήλιο</color> αυτού του αστρικού συστήματος. Αυτό θα σήμαινε ότι το <color=lightblue>Μάτι</color> βρίσκεται μέσα σε ένα πεπερασμένο (αν και τεράστιο) εύρος."
dialogue:1121,dialogue,CONOY,116,TAGS,CONOY: How should our methods change as we continue our search for the <color=lightblue>Eye of the universe</color>?,ΚΟΝΟΪ: Πώς πρέπει να αλλάξουν οι μέθοδοί μας καθώς συνεχίζουμε την αναζήτηση του <color=lightblue>Ματιού του σύμπαντος</color>;
dialogue:1122,dialogue,PRIVET,169,TAGS,"PRIVET: As we couldn’t find the <color=lightblue>Eye</color>’s signal using two different devices built for this exact purpose, we should discontinue this search method.","ΠΡΙΒΕΤ: Εφόσον δεν μπορέσαμε να βρούμε το σήμα του <color=lightblue>Ματιού</color> με δύο διαφορετικές συσκευές φτιαγμένες ακριβώς γι’ αυτόν τον σκοπό, πρέπει να εγκαταλείψουμε αυτή τη μέθοδο αναζήτησης."
dialogue:1123,dialogue,MALLOW,219,TAGS,"MALLOW: We know what the <color=lightblue>Eye</color> looks like thanks to the <color=lightblue>Quantum Moon</color>, so what if we try to find the <color=lightblue>Eye</color> visually, instead? Let’s send out a probe!","ΜΑΛΟΟΥ: Ξέρουμε πώς μοιάζει το <color=lightblue>Μάτι</color> χάρη στην <color=lightblue>Κβαντική Σελήνη</color>, οπότε τι θα λέγατε να προσπαθήσουμε να βρούμε το <color=lightblue>Μάτι</color> οπτικά;"
dialogue:1124,dialogue,CASSAVA,203,TAGS,"CASSAVA: Mallow’s idea is clever, but we have no idea where the <color=lightblue>Eye</color> is in relation to here. The probability of launching a probe in the correct direction would be absurdly small.","ΚΑΣΑΒΑ: Η ιδέα του Μάλοου είναι έξυπνη, αλλά δεν έχουμε ιδέα πού βρίσκεται το <color=lightblue>Μάτι</color> σε σχέση με εδώ. Η πιθανότητα να εκτοξεύσουμε βολίδα προς τη σωστή κατεύθυνση θα ήταν παράλογα μικρή."
dialogue:1125,dialogue,CONOY,128,,CONOY: I believe I have a solution for that problem! Have you spoken with Ramie and Pye about the technology they’re developing?,ΚΟΝΟΪ: Πιστεύω ότι έχω λύση γι’ αυτό το πρόβλημα! Μιλήσατε με τη Ράμι και την Πάι για την τεχνολογία που αναπτύσσουν;
dialogue:1126,dialogue,AVENS,186,,AVENS: We’d need to build a probe-launching mechanism to cover those long distances quickly. A cannon in orbit around a celestial body would circumvent the need to escape gravity’s pull.,ΕΪΒΕΝΣ: Θα χρειαζόμασταν έναν μηχανισμό εκτόξευσης βολίδων για να καλύψουμε γρήγορα τέτοιες αποστάσεις. Ένα κανόνι σε τροχιά γύρω από ένα ουράνιο σώμα θα παρέκαμπτε την ανάγκη διαφυγής από τη βαρύτητα.
dialogue:1127,dialogue,CASSAVA,258,TAGS,"CASSAVA: <color=lightblue>Giant’s Deep</color> would be a good choice. It’s furthest from the <color=lightblue>sun</color>, so it would provide the best angles for launch. And it’s moonless (except when the <color=lightblue>Quantum Moon</color> is visiting).","ΚΑΣΑΒΑ: Ο <color=lightblue>Τζάιαντς Ντιπ</color> θα ήταν καλή επιλογή. Είναι ο πιο μακρινός από τον <color=lightblue>ήλιο</color>, οπότε θα έδινε τις καλύτερες γωνίες εκτόξευσης. Και δεν έχει φεγγάρι (εκτός όταν τον επισκέπτεται η <color=lightblue>Κβαντική Σελήνη</color>)."
dialogue:1128,dialogue,AVENS,89,TAGS,"AVENS: Yes, let’s build the cannon in orbit around <color=lightblue>Giant’s Deep</color>!","ΕΪΒΕΝΣ: Ναι, ας χτίσουμε το κανόνι σε τροχιά γύρω από τον <color=lightblue>Τζάιαντς Ντιπ</color>!"
dialogue:1129,dialogue,PLUME,158,,"PLUME: The pain of your absence is sharp and haunting, and I would give anything not to know it; anything but never knowing you at all (which would be worse).","ΠΛΟΥΜ: Ο πόνος της απουσίας σου είναι οξύς και στοιχειωτικός, και θα έδινα τα πάντα για να μην τον ξέρω· τα πάντα, εκτός από το να μη σε είχα γνωρίσει ποτέ (που θα ήταν χειρότερο)."
dialogue:1130,dialogue,PLUME,65,,"PLUME: I can only hope that you are safe, Keek, wherever you are.","ΠΛΟΥΜ: Μπορώ μόνο να ελπίζω ότι είσαι ασφαλής, Κικ, όπου κι αν βρίσκεσαι."
dialogue:1131,dialogue,KOUSA,160,,"KOUSA: We can hear the other escape pods’ distress signals, which gives me hope. Foli, are you still here? I am unsure how to survive in this place without you.","ΚΟΥΣΑ: Ακούμε τα σήματα κινδύνου των άλλων καψουλών διαφυγής, κι αυτό μου δίνει ελπίδα. Φόλι, είσαι ακόμη εδώ; Δεν ξέρω πώς να επιβιώσω σε αυτό το μέρος χωρίς εσένα."
dialogue:1132,dialogue,KOUSA,46,,KOUSA: (I am unsure how to be me without you.),ΚΟΥΣΑ: (Δεν ξέρω πώς να είμαι ο εαυτός μου χωρίς εσένα.)
dialogue:1133,dialogue,PLUME,185,TAGS,"PLUME: My brother wasn’t in <color=orange>Escape Pod 1</color> with us. Was he in <color=orange>Pod 2</color>, or <color=orange>Pod 3</color>? Was he able to board an escape pod at all?",ΠΛΟΥΜ: Ο αδερφός μου δεν ήταν στην <color=orange>Κάψουλα Διαφυγής 1</color> μαζί μας. Ήταν στην <color=orange>Κάψουλα 2</color> ή στην <color=orange>Κάψουλα 3</color>; Πρόλαβε καν να μπει σε κάψουλα διαφυγής;
dialogue:1134,dialogue,PLUME,119,TAGS,PLUME: We sacrificed too much arriving here. I cannot (<i>I will</i> not) allow our clan’s greatest loss to be in vain.,ΠΛΟΥΜ: Θυσιάσαμε πάρα πολλά για να φτάσουμε εδώ. Δεν μπορώ (<i>δεν θα</i> επιτρέψω) η μεγαλύτερη απώλεια της φυλής μας να πάει χαμένη.
dialogue:1135,dialogue,THATCH,156,,"THATCH: Is the hardest part of this tragedy not knowing who we may have lost? Or will the hardest part come later, when we learn? (Be well, Aunt Melorae...)","ΘΑΤΣ: Άραγε το πιο δύσκολο κομμάτι αυτής της τραγωδίας είναι που δεν ξέρουμε ποιους ίσως χάσαμε; Ή μήπως το πιο δύσκολο θα έρθει αργότερα, όταν μάθουμε; (Να είσαι καλά, θεία Μελόρε...)"
dialogue:1136,dialogue,PLUME,112,,"PLUME: Given concerns about our settlement’s stability, where should we construct a new, less temporary shelter?","ΠΛΟΥΜ: Δεδομένων των ανησυχιών για τη σταθερότητα του οικισμού μας, πού πρέπει να χτίσουμε ένα νέο, λιγότερο προσωρινό καταφύγιο;"
dialogue:1137,dialogue,THATCH,162,TAGS,THATCH: We need to stay close to the <color=orange>escape pod</color> so Filix can monitor incoming messages. We can’t be rescued if we aren’t present to respond.,ΘΑΤΣ: Πρέπει να μείνουμε κοντά στην <color=orange>κάψουλα διαφυγής</color> ώστε η Φίλιξ να παρακολουθεί τα εισερχόμενα μηνύματα. Δεν μπορούμε να διασωθούμε αν δεν είμαστε εκεί για να απαντήσουμε.
dialogue:1138,dialogue,FILIX,87,,"FILIX: I don’t believe anyone is coming to save us, Thatch. Now we must save ourselves.","ΦΙΛΙΞ: Δεν πιστεύω ότι έρχεται κανείς να μας σώσει, Θατς. Τώρα πρέπει να σωθούμε μόνοι μας."
dialogue:1139,dialogue,PLUME,170,TAGS,"PLUME: I agree. We’re here because the <color=lightblue>Eye</color>’s signal called to us and we followed. If we’re to find it, we need to not merely survive, but thrive.","ΠΛΟΥΜ: Συμφωνώ. Είμαστε εδώ επειδή το σήμα του <color=lightblue>Ματιού</color> μάς κάλεσε και το ακολουθήσαμε. Αν είναι να το βρούμε, δεν αρκεί απλώς να επιβιώσουμε· πρέπει να ευδοκιμήσουμε."
dialogue:1140,dialogue,PLUME,59,,PLUME: I believe we should migrate to the northern glacier.,ΠΛΟΥΜ: Πιστεύω ότι πρέπει να μετακινηθούμε στον βόρειο παγετώνα.
dialogue:1141,dialogue,FILIX,62,,FILIX: What if we use gravity crystals to craft a stable path?,ΦΙΛΙΞ: Τι θα λέγατε να χρησιμοποιήσουμε κρυστάλλους βαρύτητας για να φτιάξουμε ένα σταθερό μονοπάτι;
dialogue:1142,dialogue,THATCH,118,TAGS,THATCH: Building beneath the crust again would shelter us from the <color=lightblue>volcanic moon</color>’s eruptions.,ΘΑΤΣ: Το να χτίσουμε ξανά κάτω από τον φλοιό θα μας προστάτευε από τις εκρήξεις του <color=lightblue>ηφαιστειακού φεγγαριού</color>.
dialogue:1143,dialogue,THATCH,143,,"THATCH: This is a wise point, Plume, and eloquently made. If moving to the northern glacier will keep us safer, then that is what we should do.","ΘΑΤΣ: Αυτό είναι σοφό επιχείρημα, Πλουμ, και εύγλωττα διατυπωμένο. Αν η μετακίνηση στον βόρειο παγετώνα μάς κρατήσει ασφαλέστερους, τότε αυτό πρέπει να κάνουμε."
dialogue:1144,dialogue,FILIX,138,TAGS,FILIX: Has anyone observed the <color=lightblue>phantom moon</color> that sometimes greets us in the night sky? Your thoughts interest me.,ΦΙΛΙΞ: Έχει παρατηρήσει κανείς το <color=lightblue>φάντασμα φεγγάρι</color> που μας χαιρετά πότε πότε στον νυχτερινό ουρανό; Οι σκέψεις σας με ενδιαφέρουν.
dialogue:1145,dialogue,THATCH,120,,THATCH: I compliment your eyes! How do you imagine it disappears? Hypothesis: Could it be a shift in the light spectrum?,ΘΑΤΣ: Επαινώ τα μάτια σου! Πώς φαντάζεσαι ότι εξαφανίζεται; Υπόθεση: Μήπως πρόκειται για μετατόπιση στο φάσμα του φωτός;
dialogue:1146,dialogue,PLUME,56,,PLUME: Suppose this moon is too shy to show us its face.,ΠΛΟΥΜ: Ας υποθέσουμε ότι αυτό το φεγγάρι είναι πολύ ντροπαλό για να μας δείξει το πρόσωπό του.
dialogue:1147,dialogue,PLUME,123,TAGS,PLUME: I’m interested in your playful moon. Is it much like its violent friend (<color=lightblue>Hollow’s Lantern</color>)?,ΠΛΟΥΜ: Με ενδιαφέρει το παιχνιδιάρικο φεγγάρι σας. Μοιάζει πολύ με τον βίαιο φίλο του (το <color=lightblue>Φανάρι του Μπριτλ Χόλοου</color>);
dialogue:1148,dialogue,THATCH,56,TAGS,THATCH: Imagine if there were <i>two</i> volcanic moons.,ΘΑΤΣ: Φαντάσου να υπήρχαν <i>δύο</i> ηφαιστειακά φεγγάρια.
dialogue:1149,dialogue,PLUME,49,,PLUME: Then I imagine there’d be none of us left!,ΠΛΟΥΜ: Τότε φαντάζομαι ότι δεν θα είχε μείνει κανείς μας!
dialogue:1150,dialogue,FILIX,49,,FILIX: Hypothesis: There can exist too much lava.,ΦΙΛΙΞ: Υπόθεση: Μπορεί να υπάρξει υπερβολικά πολλή λάβα.
dialogue:1151,dialogue,THATCH,56,,THATCH: I’d strongly prefer we test the null hypothesis.,ΘΑΤΣ: Θα προτιμούσα κατά πολύ να ελέγξουμε τη μηδενική υπόθεση.
dialogue:1152,dialogue,FILIX,148,TAGS,FILIX: This moon isn’t volcanic (to my unaided eyes). Sometimes it leaves its friend <color=lightblue>Hollow’s Lantern</color> for nights at a time.,"ΦΙΛΙΞ: Αυτό το φεγγάρι δεν είναι ηφαιστειακό (με γυμνό μάτι). Μερικές φορές αφήνει τον φίλο του, το <color=lightblue>Φανάρι του Μπριτλ Χόλοου</color>, για ολόκληρες νύχτες."
dialogue:1153,dialogue,PLUME,93,,PLUME: The nights the moon circles this planet appear random. It seems to travel as it likes.,ΠΛΟΥΜ: Οι νύχτες που το φεγγάρι περιφέρεται γύρω από αυτόν τον πλανήτη φαίνονται τυχαίες. Μοιάζει να ταξιδεύει όπως του αρέσει.
dialogue:1154,dialogue,,114,TAGS,"If the <color=lightblue>Eye</color> called to us, why won’t it reveal itself? Why is it so difficult to locate it?","Αν το <color=lightblue>Μάτι</color> μάς κάλεσε, γιατί δεν αποκαλύπτεται; Γιατί είναι τόσο δύσκολο να το εντοπίσουμε;"
dialogue:1155,dialogue,,27,,Did something happen to it?,Μήπως του συνέβη κάτι;
dialogue:1156,dialogue,,88,TAGS,Did the signal stop? Does the <color=lightblue>Eye</color> no longer desire to be found?,Μήπως σταμάτησε το σήμα; Μήπως το <color=lightblue>Μάτι</color> δεν επιθυμεί πια να βρεθεί;
dialogue:1157,dialogue,,159,TAGS,Perhaps this isn’t the <color=lightblue>Eye</color>’s choice. The <color=lightblue>Eye</color> may not be able to communicate with us more than it already has.,Ίσως αυτό να μην είναι επιλογή του <color=lightblue>Ματιού</color>. Το <color=lightblue>Μάτι</color> μπορεί να μην είναι σε θέση να επικοινωνήσει μαζί μας περισσότερο απ’ όσο έχει ήδη κάνει.
dialogue:1158,dialogue,,129,TAGS,"Did the <color=lightblue>Eye</color> deliberately call out to us by sending the signal, or did we hear the signal by coincidence?","Μας κάλεσε σκόπιμα το <color=lightblue>Μάτι</color> στέλνοντας το σήμα, ή ακούσαμε το σήμα κατά σύμπτωση;"
dialogue:1159,dialogue,,93,,We could be seeing meaning where there is none. Suppose the signal was produced incidentally.,Μπορεί να βλέπουμε νόημα εκεί που δεν υπάρχει. Ας υποθέσουμε ότι το σήμα παρήχθη παρεμπιπτόντως.
dialogue:1160,dialogue,,78,TAGS,"Does that mean the <color=lightblue>Eye</color> is any less important, though?",Αυτό όμως κάνει το <color=lightblue>Μάτι</color> λιγότερο σημαντικό;
dialogue:1161,dialogue,,103,TAGS,Perhaps the <color=lightblue>Eye</color> wanted to be found (could it be sentient?). Maybe it chose us.,Ίσως το <color=lightblue>Μάτι</color> ήθελε να βρεθεί (μήπως έχει συνείδηση;). Ίσως μας επέλεξε.
dialogue:1162,dialogue,,93,TAGS,Does the <color=lightblue>Eye</color> desire something from us? Could it need us in some way?,Μήπως το <color=lightblue>Μάτι</color> επιθυμεί κάτι από εμάς; Μήπως μας χρειάζεται με κάποιον τρόπο;
dialogue:1163,dialogue,,31,,Maybe it doesn’t have to be us.,Ίσως δεν χρειάζεται να είμαστε εμείς.
dialogue:1164,dialogue,,59,TAGS,"Is the <color=lightblue>Eye</color> natural, or artificial?",Είναι το <color=lightblue>Μάτι</color> φυσικό ή τεχνητό;
dialogue:1165,dialogue,,23,,Maybe someone built it.,Ίσως κάποιος να το έφτιαξε.
dialogue:1166,dialogue,,113,TAGS,The <color=lightblue>Eye</color> is older than the universe itself. How could something exist before its creator?,Το <color=lightblue>Μάτι</color> είναι αρχαιότερο από το ίδιο το σύμπαν. Πώς θα μπορούσε κάτι να υπάρχει πριν από τον δημιουργό του;
dialogue:1167,dialogue,,122,TAGS,"It could be naturally occurring, though this doesn't answer how the <color=lightblue>Eye</color> could be as old as it is.","Θα μπορούσε να είναι φυσικής προέλευσης, αν και αυτό δεν απαντά στο πώς το <color=lightblue>Μάτι</color> μπορεί να είναι τόσο παλιό."
dialogue:1168,dialogue,,150,TAGS,Be welcomed in this place. This shrine is a space to reflect on what brought us to this star system: the signal from the <color=lightblue>Eye</color>.,Καλώς όρισες σε αυτόν τον τόπο. Αυτό το ιερό είναι ένας χώρος για να στοχαστούμε πάνω σε αυτό που μας έφερε σε αυτό το αστρικό σύστημα: το σήμα από το <color=lightblue>Μάτι</color>.
dialogue:1169,dialogue,,110,TAGS,"We observed the <color=lightblue>Eye</color>’s signal in our travels, and followed it here to find its source.",Παρατηρήσαμε το σήμα του <color=lightblue>Ματιού</color> στα ταξίδια μας και το ακολουθήσαμε ως εδώ για να βρούμε την πηγή του.
dialogue:1170,dialogue,,194,TAGS,"What we know is this: The source of the signal (which we have chosen to call the <color=lightblue>Eye of the universe</color>) is older than this universe itself. The rest, we have yet to learn.","Αυτό που ξέρουμε είναι το εξής: Η πηγή του σήματος (που επιλέξαμε να ονομάσουμε <color=lightblue>Μάτι του σύμπαντος</color>) είναι αρχαιότερη από το ίδιο το σύμπαν. Τα υπόλοιπα, μένει να τα μάθουμε."
dialogue:1171,dialogue,,47,,"Enter, and open your mind to its possibilities.","Πέρασε, και άνοιξε τον νου σου στις δυνατότητές του."
dialogue:1172,dialogue,SOLANUM,86,TAGS,SOLANUM: I don’t know why everyone says the <color=lightblue>Eye</color> is important.,ΣΟΛΑΝΟΥΜ: Δεν ξέρω γιατί όλοι λένε ότι το <color=lightblue>Μάτι</color> είναι σημαντικό.
dialogue:1173,dialogue,SOLANUM,127,,"SOLANUM: They say it brought us to this solar system, but is that good? Dad told me lots of Nomai died when our clan came here.","ΣΟΛΑΝΟΥΜ: Λένε ότι μας έφερε σε αυτό το ηλιακό σύστημα, αλλά είναι αυτό καλό; Ο μπαμπάς μού είπε ότι πολλοί Νομάι πέθαναν όταν ήρθε εδώ η φυλή μας."
dialogue:1174,dialogue,SOLANUM,72,TAGS,SOLANUM: What if the <color=lightblue>Eye</color> wanted that to happen?,ΣΟΛΑΝΟΥΜ: Κι αν το <color=lightblue>Μάτι</color> ήθελε να συμβεί αυτό;
dialogue:1175,dialogue,SOLANUM,71,TAGS,SOLANUM: What if the <color=lightblue>Eye</color> isn’t something good?,ΣΟΛΑΝΟΥΜ: Κι αν το <color=lightblue>Μάτι</color> δεν είναι κάτι καλό;
dialogue:1176,dialogue,,28,,1: High Energy Lab Trailhead,1: Αφετηρία προς το Εργαστήριο Υψηλών Ενεργειών
dialogue:1177,dialogue,,26,,2: Stepping Stone District,2: Συνοικία των Σκαλοπατιών
dialogue:1178,dialogue,,31,,3: Anglerfish Overlook District,3: Συνοικία της Πανοραμικής Θέας του Βατραχόψαρου
dialogue:1179,dialogue,,22,,4: Eye Shrine District,4: Συνοικία του Ιερού του Ματιού
dialogue:1180,dialogue,ANNONA,95,,"ANNONA: We need status reports for all systems, but initial things first: Is everyone unharmed?","ΑΝΟΝΑ: Χρειαζόμαστε αναφορές κατάστασης για όλα τα συστήματα, αλλά πρώτα τα πρώτα: είναι όλοι αβλαβείς;"
dialogue:1181,dialogue,RHUS,125,TAGS,"RHUS: Our <color=orange>escape pod</color>’s passengers are afraid, but physically well, Annona; everyone survived the crash.","ΡΟΥΣ: Οι επιβάτες της <color=orange>κάψουλας διαφυγής</color> μας είναι φοβισμένοι, αλλά σωματικά καλά, Ανόνα· όλοι επέζησαν από τη συντριβή."
dialogue:1182,dialogue,ANNONA,126,,"ANNONA: This is a relief, at least. You have my gratitude. Bur, were you able to find the other escape pods’ distress signals?","ΑΝΟΝΑ: Αυτό είναι ανακούφιση, τουλάχιστον. Έχεις την ευγνωμοσύνη μου. Μπερ, κατάφερες να βρεις τα σήματα κινδύνου των άλλων καψουλών;"
dialogue:1183,dialogue,BUR,131,,"BUR: I can hear both signals somewhere in this star system, but I don’t believe either escape pod crashed on the same planet as us.","ΜΠΕΡ: Ακούω και τα δύο σήματα κάπου σε αυτό το αστρικό σύστημα, αλλά δεν πιστεύω ότι κάποια από τις δύο κάψουλες συνετρίβη στον ίδιο πλανήτη με εμάς."
dialogue:1184,dialogue,BEGIN FLIGHTLOG,192,TAGS,BEGIN FLIGHTLOG: <color=orange>Escape Pod 2</color>. <color=orange>Vessel</color> has been mortally injured. Emergency sequence activated. Awaiting departure from <color=orange>Vessel</color>.,ΕΝΑΡΞΗ ΗΜΕΡΟΛΟΓΙΟΥ ΠΤΗΣΗΣ: <color=orange>Κάψουλα Διαφυγής 2</color>. Το <color=orange>Σκάφος</color> έχει υποστεί θανάσιμες ζημιές. Ενεργοποιήθηκε η διαδικασία έκτακτης ανάγκης. Αναμονή για αναχώρηση από το <color=orange>Σκάφος</color>.
dialogue:1185,dialogue,,97,TAGS,Launching <color=orange>Escape Pod 3</color>... Now launching <color=orange>Escape Pod 2</color>.,Εκτόξευση της <color=orange>Κάψουλας Διαφυγής 3</color>... Τώρα εκτόξευση της <color=orange>Κάψουλας Διαφυγής 2</color>.
dialogue:1186,dialogue,,157,,"Scanning external environment... Scan complete. External temperature is prohibitively high.
			Verdict: INHOSPITABLE. Do not seek shelter on planet surface.","Σάρωση του εξωτερικού περιβάλλοντος... Η σάρωση ολοκληρώθηκε. Η εξωτερική θερμοκρασία είναι απαγορευτικά υψηλή.
			Συμπέρασμα: ΑΦΙΛΟΞΕΝΟ. Μην αναζητήσετε καταφύγιο στην επιφάνεια του πλανήτη."
dialogue:1187,dialogue,MELORAE,155,,MELORAE: This is amazing (look inside the cave)! How did this come to rest here? We haven’t encountered others in these caves; I think this is a rare find.,ΜΕΛΟΡΕ: Αυτό είναι καταπληκτικό (κοιτάξτε μέσα στη σπηλιά)! Πώς κατέληξε εδώ; Δεν έχουμε συναντήσει άλλα σε αυτές τις σπηλιές· νομίζω ότι είναι σπάνιο εύρημα.
dialogue:1188,dialogue,MELORAE,141,,"MELORAE: From what we can see, Coleus and I believe the specimen must be very old indeed. Imagine what we might learn if we could examine it!","ΜΕΛΟΡΕ: Απ’ ό,τι βλέπουμε, ο Κόλεους κι εγώ πιστεύουμε ότι το δείγμα πρέπει να είναι όντως πολύ παλιό. Φαντάσου τι θα μπορούσαμε να μάθουμε αν το εξετάζαμε!"
dialogue:1189,dialogue,COLEUS,178,,"COLEUS: An update: We need to find a way inside quickly, Melorae, because when I returned here to search for an entrance to the cave, there were children playing on the specimen!","ΚΟΛΕΟΥΣ: Ενημέρωση: Πρέπει να βρούμε γρήγορα τρόπο να μπούμε, Μελόρε, γιατί όταν γύρισα εδώ ψάχνοντας είσοδο για τη σπηλιά, υπήρχαν παιδιά που έπαιζαν πάνω στο δείγμα!"
dialogue:1190,dialogue,COLEUS,180,TAGS,COLEUS: We both agree it’s unlikely this dry planet is this horror’s place of origin (especially considering what we observed during the <color=orange>Vessel</color>’s evacuation).,ΚΟΛΕΟΥΣ: Συμφωνούμε και οι δύο ότι είναι απίθανο αυτός ο ξηρός πλανήτης να είναι ο τόπος καταγωγής αυτής της φρίκης (ιδίως αν σκεφτούμε τι παρατηρήσαμε κατά την εκκένωση του <color=orange>Σκάφους</color>).
dialogue:1191,dialogue,MELORAE,209,,"MELORAE: Clearly this hole is too small for it to have fit through. Hypothesis: There is another entrance to this cave. If there is, Coleus and I will find it! We can’t leave valuable information undiscovered!","ΜΕΛΟΡΕ: Προφανώς αυτή η τρύπα είναι πολύ μικρή για να είχε περάσει από εκεί. Υπόθεση: Υπάρχει άλλη είσοδος σε αυτή τη σπηλιά. Αν υπάρχει, ο Κόλεους κι εγώ θα τη βρούμε! Δεν μπορούμε να αφήσουμε πολύτιμες πληροφορίες ανακάλυπτες!"
dialogue:1192,dialogue,MELORAE,146,,MELORAE: We have found an enormous cavern at the end of this passage that appears promising! I believe we could construct long-term shelter there.,ΜΕΛΟΡΕ: Βρήκαμε ένα τεράστιο σπήλαιο στο τέλος αυτής της διόδου που φαίνεται πολλά υποσχόμενο! Πιστεύω ότι θα μπορούσαμε να χτίσουμε εκεί μόνιμο καταφύγιο.
dialogue:1193,dialogue,ANNONA,121,,ANNONA: The cavern Melorae found is a wise choice for shelter. Could one of you mark directions for the others to follow?,ΑΝΟΝΑ: Το σπήλαιο που βρήκε η Μελόρε είναι σοφή επιλογή για καταφύγιο. Θα μπορούσε κάποιος από εσάς να σημειώσει οδηγίες για να τις ακολουθήσουν οι υπόλοιποι;
dialogue:1194,dialogue,COLEUS,99,,COLEUS: This is the start of the path to the shelter site. I've left directions to guide you there.,ΚΟΛΕΟΥΣ: Εδώ ξεκινά το μονοπάτι προς τον χώρο καταφυγίου. Άφησα οδηγίες για να σας καθοδηγήσουν ως εκεί.
dialogue:1195,dialogue,MELORAE,149,,"MELORAE: Of note: We must hurry, as the pathway there is filling with sand. Do not allow yourself to be buried by sand, and make sure no one is lost!","ΜΕΛΟΡΕ: Σημείωση: Πρέπει να βιαστούμε, γιατί το πέρασμα γεμίζει άμμο. Μην αφήσετε να σας θάψει η άμμος, και βεβαιωθείτε ότι δεν χάνεται κανείς!"
dialogue:1196,dialogue,MELORAE,25,,MELORAE: Anglerfish study,ΜΕΛΟΡΕ: Μελέτη βατραχόψαρου
dialogue:1197,dialogue,COLEUS,221,,"COLEUS: An update: Melorae, while I was here making sketches of the anglerfish, I observed the children I saw earlier playing here again. They’ve added a rule to their game that incorporates our research (it’s wonderful)!","ΚΟΛΕΟΥΣ: Ενημέρωση: Μελόρε, ενώ ήμουν εδώ και σκιτσάριζα το βατραχόψαρο, είδα τα παιδιά που είχα δει νωρίτερα να παίζουν ξανά εδώ. Πρόσθεσαν στο παιχνίδι τους έναν κανόνα που ενσωματώνει την έρευνά μας (είναι υπέροχο)!"
dialogue:1198,dialogue,MELORAE,76,,MELORAE: I’m entirely delighted! It’s never too early to appreciate biology!,ΜΕΛΟΡΕ: Είμαι καταχαρούμενη! Ποτέ δεν είναι νωρίς για να εκτιμήσει κανείς τη βιολογία!
dialogue:1199,dialogue,COLEUS,71,,COLEUS: This anglerfish’s digestive tract suggests death by starvation.,ΚΟΛΕΟΥΣ: Το πεπτικό σύστημα αυτού του βατραχόψαρου υποδηλώνει θάνατο από ασιτία.
dialogue:1200,dialogue,MELORAE,174,TAGS,"MELORAE: Visually, the specimen appears to be of the same species as the anglerfish in <color=lightblue>Dark Bramble</color>. We don’t believe it originated from this planet.","ΜΕΛΟΡΕ: Οπτικά, το δείγμα φαίνεται να ανήκει στο ίδιο είδος με τα βατραχόψαρα του <color=lightblue>Νταρκ Μπραμπλ</color>. Δεν πιστεύουμε ότι προέρχεται από αυτόν τον πλανήτη."
dialogue:1201,dialogue,MELORAE,123,,MELORAE: The long growth protruding from its head is bioluminescent. Perhaps it used this growth to attract prey (a lure?).,ΜΕΛΟΡΕ: Το μακρύ εξόγκωμα που προεξέχει από το κεφάλι του είναι βιοφωταυγές. Ίσως το χρησιμοποιούσε για να προσελκύει τη λεία του (δόλωμα;).
dialogue:1202,dialogue,LAEVI,64,,LAEVI: Whoever was it when we ended last time is the anglerfish.,ΛΕΒΙ: Όποιος ήταν όταν σταματήσαμε την τελευταία φορά είναι το βατραχόψαρο.
dialogue:1203,dialogue,LAEVI,96,TAGS,LAEVI: <i>Rule change</i>! The anglerfish now has to wear a blindfold. (And do <i>not</i> peek!),ΛΕΒΙ: <i>Αλλαγή κανόνα</i>! Το βατραχόψαρο πρέπει τώρα να φοράει δεμένα τα μάτια. (Και <i>μην</i> κρυφοκοιτάς!)
dialogue:1204,dialogue,LAEVI,140,,"LAEVI: The rest of us (the littlefish) line up against one wall. When the anglerfish says go, the littlefish sneak across to the other side.","ΛΕΒΙ: Οι υπόλοιποι (τα ψαράκια) παρατασσόμαστε στον έναν τοίχο. Όταν το βατραχόψαρο δώσει το σύνθημα, τα ψαράκια περνούν κρυφά στην απέναντι πλευρά."
dialogue:1205,dialogue,LAEVI,51,,"LAEVI: If the anglerfish catches you, you’re eaten.","ΛΕΒΙ: Αν σε πιάσει το βατραχόψαρο, σε έφαγε."
dialogue:1206,dialogue,LAEVI,144,,LAEVI: Last littlefish to be caught is the new anglerfish! (The old anglerfish gives the new anglerfish the blindfold and becomes a littlefish.),ΛΕΒΙ: Το τελευταίο ψαράκι που θα πιαστεί γίνεται το νέο βατραχόψαρο! (Το παλιό βατραχόψαρο δίνει στο νέο το δέσιμο για τα μάτια και γίνεται ψαράκι.)
dialogue:1207,dialogue,LAMI,70,,LAMI: Why are we changing it? It’s too hard if you can’t see anything!,ΛΑΜΙ: Γιατί το αλλάζουμε; Είναι πολύ δύσκολο αν δεν βλέπεις τίποτα!
dialogue:1208,dialogue,LAEVI,97,,"LAEVI: Aunt Pye says real anglerfish are blind, so you have to wear a blindfold! The rule stands!","ΛΕΒΙ: Η θεία Πάι λέει ότι τα αληθινά βατραχόψαρα είναι τυφλά, οπότε πρέπει να δένεις τα μάτια σου! Ο κανόνας ισχύει!"
dialogue:1209,dialogue,ILEX,178,,ILEX: Rule update: It’s okay if younger kids don’t wear the blindfold when they’re it. (The rest of us will still wear it for scientific accuracy and to make the game more even.),"ΙΛΕΞ: Ενημέρωση κανόνα: Δεν πειράζει αν τα μικρότερα παιδιά δεν δένουν τα μάτια τους όταν είναι αυτά. (Οι υπόλοιποι θα τα δένουμε, για επιστημονική ακρίβεια και για να είναι πιο δίκαιο το παιχνίδι.)"
dialogue:1210,dialogue,MELORAE,206,TAGS,MELORAE: This planet sometimes (and only sometimes) has a <color=lightblue>moon</color>! This is also of note: It disappears if no one is watching it! Isn’t that a <i>fascinating</i> orbital characteristic?,ΜΕΛΟΡΕ: Αυτός ο πλανήτης έχει μερικές φορές (και μόνο μερικές φορές) ένα <color=lightblue>φεγγάρι</color>! Και κάτι ακόμη αξιοσημείωτο: εξαφανίζεται αν δεν το κοιτάζει κανείς! Δεν είναι <i>συναρπαστικό</i> τροχιακό χαρακτηριστικό;
dialogue:1211,dialogue,BUR,202,TAGS,"BUR: I found your note, Melorae; kindly count me among this <color=lightblue>moon</color>’s admirers! What is happening when it disappears (I doubt it ceases to exist)? Does it move to another location?","ΜΠΕΡ: Βρήκα τη σημείωσή σου, Μελόρε· να με συμπεριλάβεις στους θαυμαστές αυτού του <color=lightblue>φεγγαριού</color>! Τι συμβαίνει όταν εξαφανίζεται (αμφιβάλλω ότι παύει να υπάρχει); Μήπως μετακινείται σε άλλη τοποθεσία;"
dialogue:1212,dialogue,ANNONA,182,TAGS,"ANNONA: I believe so. Not only does the moon appear around <color=lightblue>Brittle Hollow</color>, I can confirm it sometimes orbits <color=lightblue>Timber Hearth</color>, as well.",ΑΝΟΝΑ: Έτσι πιστεύω. Το φεγγάρι δεν εμφανίζεται μόνο γύρω από το <color=lightblue>Μπριτλ Χόλοου</color>· μπορώ να επιβεβαιώσω ότι μερικές φορές περιφέρεται και γύρω από το <color=lightblue>Τίμπερ Χαρθ</color>.
dialogue:1213,dialogue,MELORAE,175,,"MELORAE: This is my first time encountering a natural satellite with the ability to vanish when not being watched. We should study it! Or, even better, we should travel there!","ΜΕΛΟΡΕ: Είναι η πρώτη φορά που συναντώ φυσικό δορυφόρο με την ικανότητα να εξαφανίζεται όταν δεν τον παρατηρούν. Πρέπει να το μελετήσουμε! Ή, ακόμη καλύτερα, πρέπει να ταξιδέψουμε εκεί!"
dialogue:1214,dialogue,BUR,150,TAGS,BUR: I agree! Our first step would be determining a method to track this <color=lightblue>phantom moon</color> so that we can always know where it is.,"ΜΠΕΡ: Συμφωνώ! Το πρώτο μας βήμα θα ήταν να βρούμε μέθοδο να παρακολουθούμε αυτό το <color=lightblue>φάντασμα φεγγάρι</color>, ώστε να ξέρουμε πάντα πού βρίσκεται."
dialogue:1215,dialogue,ANNONA,117,,"ANNONA: Given its reluctance to move while consciously observed, it might be a form of macroscopic quantum mechanics.","ΑΝΟΝΑ: Δεδομένης της απροθυμίας του να κινείται όσο το παρατηρεί συνειδητά κάποιος, ίσως πρόκειται για μορφή μακροσκοπικής κβαντομηχανικής."
dialogue:1216,dialogue,COLEUS,93,,COLEUS: How curious! This rock took me with it to a new location. I wonder why this happened?,ΚΟΛΕΟΥΣ: Πόσο περίεργο! Αυτός ο βράχος με πήρε μαζί του σε μια νέα τοποθεσία. Αναρωτιέμαι γιατί συνέβη αυτό;
dialogue:1217,dialogue,COLEUS,159,,"COLEUS: Curious, but also alarming: This new cave appears to lack an entrance or exit. Also, the rock that brought me here disappeared while I wasn’t watching.","ΚΟΛΕΟΥΣ: Περίεργο, αλλά και ανησυχητικό: αυτή η νέα σπηλιά φαίνεται να μην έχει είσοδο ή έξοδο. Επίσης, ο βράχος που με έφερε εδώ εξαφανίστηκε όσο δεν κοιτούσα."
dialogue:1218,dialogue,COLEUS,109,,COLEUS: The wandering rock has returned! Never before have I been so delighted to see a sedimentary specimen.,ΚΟΛΕΟΥΣ: Ο περιπλανώμενος βράχος επέστρεψε! Ποτέ άλλοτε δεν χάρηκα τόσο να δω ένα ιζηματογενές δείγμα.
dialogue:1219,dialogue,COLEUS,188,,"COLEUS: I wonder if I myself became quantum briefly when the rock carried me here! This seems the clearest explanation. Hypothesis: If the rock can bring me here, it can also carry me out.","ΚΟΛΕΟΥΣ: Αναρωτιέμαι μήπως έγινα κι εγώ ο ίδιος κβαντικός για λίγο, όταν με μετέφερε εδώ ο βράχος! Αυτή μοιάζει η σαφέστερη εξήγηση. Υπόθεση: Αν ο βράχος μπορεί να με φέρει εδώ, μπορεί και να με βγάλει."
dialogue:1220,dialogue,COLEUS,195,,"COLEUS: My hypothesis was correct! I can travel on this rock, as long as I’m not observing my surroundings (meaning I must be in complete darkness). I’m going to bring my mentor here to see this.","ΚΟΛΕΟΥΣ: Η υπόθεσή μου ήταν σωστή! Μπορώ να ταξιδέψω πάνω σε αυτόν τον βράχο, αρκεί να μην παρατηρώ το περιβάλλον μου (δηλαδή να βρίσκομαι σε απόλυτο σκοτάδι). Θα φέρω εδώ τη μέντορά μου να το δει."
dialogue:1221,dialogue,COLEUS,254,,"COLEUS: Melorae is here now, too. We theorize when a conscious being is in contact with a quantum object and ceases to act as an observer (explaining the need for darkness), the being can become entangled with that quantum object, and they move together.","ΚΟΛΕΟΥΣ: Η Μελόρε είναι κι αυτή εδώ τώρα. Θεωρούμε ότι όταν ένα συνειδητό ον βρίσκεται σε επαφή με ένα κβαντικό αντικείμενο και παύει να λειτουργεί ως παρατηρητής (πράγμα που εξηγεί την ανάγκη για σκοτάδι), το ον μπορεί να διεμπλακεί με αυτό το αντικείμενο, και κινούνται μαζί."
dialogue:1222,dialogue,MELORAE,166,TAGS,"MELORAE: Friends, Coleus has discovered a new quantum rule! (He has also promised me he’ll never vanish again, even if he <i>does</i> learn something useful from it!)","ΜΕΛΟΡΕ: Φίλοι, ο Κόλεους ανακάλυψε έναν νέο κβαντικό κανόνα! (Μου υποσχέθηκε επίσης ότι δεν θα ξαναεξαφανιστεί, ακόμη κι αν <i>όντως</i> μάθει κάτι χρήσιμο από αυτό!)"
dialogue:1223,dialogue,MELORAE,314,TAGS,"MELORAE: Coleus is missing! He vanished from the <color=orange>Lakebed Cave</color> (the one at the bottom of the dry lakebed at the north pole) several days ago, and we’re unable to find any trace of him. I don’t know how much air he had when he disappeared. I beg any friend reading this, help us recover Coleus!","ΜΕΛΟΡΕ: Ο Κόλεους αγνοείται! Εξαφανίστηκε από τη <color=orange>Σπηλιά του Βυθού της Λίμνης</color> (εκείνη στον πάτο της στεγνής λίμνης, στον βόρειο πόλο) πριν από αρκετές μέρες, και δεν μπορούμε να βρούμε κανένα ίχνος του. Δεν ξέρω πόσο αέρα είχε όταν εξαφανίστηκε. Ικετεύω όποιον φίλο διαβάζει αυτό, βοηθήστε μας να βρούμε τον Κόλεους!"
dialogue:1224,dialogue,MELORAE,162,,"MELORAE: Friends, if you find any sign of Coleus, I implore you to tell me! He vanished without a trace during our research trip, and has been missing ever since.","ΜΕΛΟΡΕ: Φίλοι, αν βρείτε οποιοδήποτε ίχνος του Κόλεους, σας ικετεύω να μου το πείτε! Εξαφανίστηκε χωρίς ίχνος κατά την ερευνητική μας αποστολή, και αγνοείται από τότε."
dialogue:1225,dialogue,BUR,148,TAGS,"BUR: Melorae, some of us from the <color=orange>Sunless City</color> are here to help search for Coleus. Can you tell us more about your expedition?","ΜΠΕΡ: Μελόρε, κάποιοι από εμάς από την <color=orange>Ανήλιαγη Πόλη</color> ήρθαμε να βοηθήσουμε στην αναζήτηση του Κόλεους. Μπορείς να μας πεις περισσότερα για την αποστολή σας;"
dialogue:1226,dialogue,MELORAE,189,,"MELORAE: You have my gratitude, Bur! Coleus and I were studying the caves’ geology. We hoped to learn more about a unique and wandering rock that visits several different caves in the area.","ΜΕΛΟΡΕ: Έχεις την ευγνωμοσύνη μου, Μπερ! Ο Κόλεους κι εγώ μελετούσαμε τη γεωλογία των σπηλιών. Ελπίζαμε να μάθουμε περισσότερα για έναν μοναδικό, περιπλανώμενο βράχο που επισκέπτεται διάφορες σπηλιές της περιοχής."
dialogue:1227,dialogue,ANNONA,45,,"ANNONA: Where was young Coleus lost, Melorae?","ΑΝΟΝΑ: Πού χάθηκε ο νεαρός Κόλεους, Μελόρε;"
dialogue:1228,dialogue,MELORAE,135,,"MELORAE: He disappeared in the cave at the bottom of the dry lakebed at the north pole. It happened in an instant, and without warning.","ΜΕΛΟΡΕ: Εξαφανίστηκε στη σπηλιά στον πάτο της στεγνής λίμνης, στον βόρειο πόλο. Έγινε σε μια στιγμή, χωρίς προειδοποίηση."
dialogue:1229,dialogue,MELORAE,171,,"MELORAE: I turned away from Coleus to examine a sample, and when I turned back, he simply wasn’t there anymore. He had a limited supply of air, Annona! I’m afraid for him!","ΜΕΛΟΡΕ: Γύρισα την πλάτη μου στον Κόλεους για να εξετάσω ένα δείγμα, και όταν γύρισα ξανά, απλώς δεν ήταν πια εκεί. Είχε περιορισμένο απόθεμα αέρα, Ανόνα! Φοβάμαι γι’ αυτόν!"
dialogue:1230,dialogue,ANNONA,180,TAGS,"ANNONA: Hypothesis: We will learn more by examining the northern <color=orange>Lakebed Cave</color> where Coleus disappeared. Search quickly, everyone; we have no time to squander!","ΑΝΟΝΑ: Υπόθεση: Θα μάθουμε περισσότερα εξετάζοντας τη βόρεια <color=orange>Σπηλιά του Βυθού της Λίμνης</color>, εκεί όπου εξαφανίστηκε ο Κόλεους. Ψάξτε γρήγορα, όλοι· δεν έχουμε χρόνο για χάσιμο!"
dialogue:1231,dialogue,,37,TAGS,<color=orange>High Energy Lab</color>,<color=orange>Εργαστήριο Υψηλών Ενεργειών</color>
dialogue:1232,dialogue,SECCA,160,TAGS,"SECCA: To any who come here searching for us: We followed one of the two beacons from the <color=orange>Vessel</color> to this place, but now can go no further.","ΣΕΚΑ: Προς όποιον έρθει εδώ ψάχνοντάς μας: Ακολουθήσαμε έναν από τους δύο φάρους του <color=orange>Σκάφους</color> ως αυτό το μέρος, αλλά τώρα δεν μπορούμε να προχωρήσουμε άλλο."
dialogue:1233,dialogue,SECCA,289,TAGS,"SECCA: It's almost too faint to hear now, but the <color=orange>Vessel</color>’s beacon is still faintly emitting from within this thorny seed. Yet the opening is too small for even a single Nomai to fit through it, so our <color=orange>escape pod</color> couldn’t have flown through here.","ΣΕΚΑ: Μόλις που ακούγεται πια, αλλά ο φάρος του <color=orange>Σκάφους</color> εξακολουθεί να εκπέμπει αχνά μέσα από αυτόν τον αγκαθωτό σπόρο. Όμως το άνοιγμα είναι πολύ μικρό ακόμη και για έναν μόνο Νομάι, οπότε η <color=orange>κάψουλα διαφυγής</color> μας δεν θα μπορούσε να είχε περάσει από εδώ."
dialogue:1234,dialogue,SECCA,144,,"SECCA: I don’t understand how this could be possible, but this gruesome place seems able to manipulate space itself; maybe this was our undoing.","ΣΕΚΑ: Δεν καταλαβαίνω πώς γίνεται αυτό, αλλά αυτό το φρικτό μέρος φαίνεται ικανό να χειρίζεται τον ίδιο τον χώρο· ίσως αυτό να ήταν η καταστροφή μας."
dialogue:1235,dialogue,SECCA,202,TAGS,"SECCA: To be so close to the location of the <color=orange>Vessel</color> and still so far is... difficult. Worse, the <color=orange>Vessel</color>’s beacon is dying; soon, we will be unable to hear it.","ΣΕΚΑ: Το να είμαστε τόσο κοντά στη θέση του <color=orange>Σκάφους</color> και ταυτόχρονα τόσο μακριά είναι... δύσκολο. Χειρότερα, ο φάρος του <color=orange>Σκάφους</color> σβήνει· σύντομα δεν θα μπορούμε να τον ακούμε."
dialogue:1236,dialogue,SECCA,128,,"SECCA: There is nothing we can do now but try to perhaps find a way inside, or at least attempt to comprehend why this happened.","ΣΕΚΑ: Δεν μπορούμε να κάνουμε τίποτα άλλο τώρα, παρά να προσπαθήσουμε ίσως να βρούμε τρόπο να μπούμε, ή τουλάχιστον να κατανοήσουμε γιατί συνέβη αυτό."
dialogue:1237,dialogue,SECCA,88,,SECCA: My dearest hope is that the other escape pods were able to reach relative safety.,ΣΕΚΑ: Η πιο βαθιά μου ελπίδα είναι ότι οι άλλες κάψουλες διαφυγής κατάφεραν να φτάσουν σε σχετική ασφάλεια.
dialogue:1238,dialogue,DIN,115,TAGS,DIN: There is a new problem: Our equipment is detecting two distinct beacons from the <color=orange>Vessel</color>.,ΝΤΙΝ: Υπάρχει νέο πρόβλημα: Ο εξοπλισμός μας ανιχνεύει δύο ξεχωριστούς φάρους από το <color=orange>Σκάφος</color>.
dialogue:1239,dialogue,SECCA,116,TAGS,SECCA: But it isn’t possible for the <color=orange>Vessel</color> to be in two different locations at the same time.,ΣΕΚΑ: Δεν είναι όμως δυνατόν το <color=orange>Σκάφος</color> να βρίσκεται σε δύο διαφορετικά μέρη ταυτόχρονα.
dialogue:1240,dialogue,DIN,95,,"DIN: I agree, but the beacons are exactly identical to each other. Perhaps if I had more time —","ΝΤΙΝ: Συμφωνώ, αλλά οι φάροι είναι ακριβώς πανομοιότυποι μεταξύ τους. Ίσως αν είχα περισσότερο χρόνο —"
dialogue:1241,dialogue,SECCA,150,TAGS,"SECCA: We’re nearly out of time already, Din; the <color=orange>Vessel</color>’s beacon is quickly fading. Soon, it will be gone, and we will be lost.","ΣΕΚΑ: Ήδη δεν έχουμε σχεδόν καθόλου χρόνο, Ντιν· ο φάρος του <color=orange>Σκάφους</color> σβήνει γρήγορα. Σύντομα θα χαθεί, κι εμείς θα χαθούμε μαζί του."
dialogue:1242,dialogue,ESCALL,64,,ESCALL: We will follow the beacon whose source is nearest to us.,ΕΣΚΑΛ: Θα ακολουθήσουμε τον φάρο του οποίου η πηγή είναι πιο κοντά μας.
dialogue:1243,dialogue,DIN,38,,DIN: But suppose that beacon is false!,ΝΤΙΝ: Κι αν αυτός ο φάρος είναι ψεύτικος!
dialogue:1244,dialogue,ESCALL,114,,"ESCALL: We likely don’t have enough air to reach the farther of the two beacons, Din. The decision is made for us.","ΕΣΚΑΛ: Μάλλον δεν έχουμε αρκετό αέρα για να φτάσουμε στον πιο μακρινό από τους δύο φάρους, Ντιν. Η απόφαση παίρνεται για εμάς."
dialogue:1245,dialogue,ESCALL,145,TAGS,ESCALL: We’ll leave a trail of lights as we go. There’s still a chance someone could hear our <color=orange>escape pod</color>’s distress signal.,ΕΣΚΑΛ: Θα αφήνουμε πίσω μας μια σειρά από φώτα καθώς προχωράμε. Υπάρχει ακόμη πιθανότητα να ακούσει κάποιος το σήμα κινδύνου της <color=orange>κάψουλας διαφυγής</color> μας.
dialogue:1246,dialogue,BEGIN FLIGHTLOG,192,TAGS,BEGIN FLIGHTLOG: <color=orange>Escape Pod 3</color>. <color=orange>Vessel</color> has been mortally injured. Emergency sequence activated. Awaiting departure from <color=orange>Vessel</color>.,ΕΝΑΡΞΗ ΗΜΕΡΟΛΟΓΙΟΥ ΠΤΗΣΗΣ: <color=orange>Κάψουλα Διαφυγής 3</color>. Το <color=orange>Σκάφος</color> έχει υποστεί θανάσιμες ζημιές. Ενεργοποιήθηκε η διαδικασία έκτακτης ανάγκης. Αναμονή για αναχώρηση από το <color=orange>Σκάφος</color>.
dialogue:1247,dialogue,,49,TAGS,Now launching <color=orange>Escape Pod 3</color>.,Τώρα εκτόξευση της <color=orange>Κάψουλας Διαφυγής 3</color>.
dialogue:1248,dialogue,ALERT,93,,ALERT: Multiple collisions have altered pod’s trajectory. Significant damage to pod detected.,ΠΡΟΣΟΧΗ: Πολλαπλές συγκρούσεις άλλαξαν την τροχιά της κάψουλας. Εντοπίστηκαν σοβαρές ζημιές στην κάψουλα.
dialogue:1249,dialogue,WARNING,64,,WARNING: Navigation error. Life support error. Propulsion error.,ΠΡΟΕΙΔΟΠΟΙΗΣΗ: Σφάλμα πλοήγησης. Σφάλμα υποστήριξης ζωής. Σφάλμα πρόωσης.
dialogue:1250,dialogue,,175,,Scanning external environment... Scan complete. Gravity not detected. Breathable air not detected. Multiple lifeforms detected (potentially hostile). Verdict: DO NOT EXIT POD.,Σάρωση του εξωτερικού περιβάλλοντος... Η σάρωση ολοκληρώθηκε. Δεν ανιχνεύτηκε βαρύτητα. Δεν ανιχνεύτηκε αναπνεύσιμος αέρας. Ανιχνεύτηκαν πολλαπλές μορφές ζωής (πιθανώς εχθρικές). Συμπέρασμα: ΜΗΝ ΒΓΕΙΤΕ ΑΠΟ ΤΗΝ ΚΑΨΟΥΛΑ.
dialogue:1251,dialogue,,47,,The arch and the crystal do not naturally meet.,Η αψίδα και ο κρύσταλλος δεν συναντιούνται από τη φύση τους.
dialogue:1252,dialogue,PHLOX,113,,PHLOX: I’m curious: Is sending a being’s memories back in time the same as sending the being itself back in time?,ΦΛΟΞ: Έχω μια απορία: Το να στέλνεις τις αναμνήσεις ενός όντος πίσω στον χρόνο είναι το ίδιο με το να στέλνεις πίσω το ίδιο το ον;
dialogue:1253,dialogue,PHLOX,152,,"PHLOX: As an example, if we were to send my memories back in time, is that the same as sending “me” back in time (not my physical body, but my essence)?","ΦΛΟΞ: Για παράδειγμα, αν στέλναμε τις δικές μου αναμνήσεις πίσω στον χρόνο, είναι αυτό το ίδιο με το να στέλναμε πίσω «εμένα» (όχι το σώμα μου, αλλά την ουσία μου);"
dialogue:1254,dialogue,DAZ,45,,DAZ: I imagine they’re two different actions.,ΝΤΑΖ: Φαντάζομαι ότι είναι δύο διαφορετικές ενέργειες.
dialogue:1255,dialogue,CASSAVA,55,,CASSAVA: Wouldn’t both actions be effectively the same?,ΚΑΣΑΒΑ: Δεν θα ήταν και οι δύο ενέργειες ουσιαστικά ίδιες;
dialogue:1256,dialogue,DAZ,132,,DAZ: Suppose that time was being rewritten. I believe this is different than receiving memories from what is effectively the future.,ΝΤΑΖ: Ας υποθέσουμε ότι ο χρόνος ξαναγραφόταν. Πιστεύω ότι αυτό διαφέρει από το να λαμβάνεις αναμνήσεις από αυτό που ουσιαστικά είναι το μέλλον.
dialogue:1257,dialogue,CASSAVA,59,,CASSAVA: But isn’t the end result identical in either case?,ΚΑΣΑΒΑ: Δεν είναι όμως το τελικό αποτέλεσμα πανομοιότυπο και στις δύο περιπτώσεις;
dialogue:1258,dialogue,PHLOX,81,,"PHLOX: Welcome to Giant’s Deep, friends! I’m excited for you to meet the statues!","ΦΛΟΞ: Καλώς ήρθατε στον Τζάιαντς Ντιπ, φίλοι! Ανυπομονώ να γνωρίσετε τα αγάλματα!"
dialogue:1259,dialogue,PHLOX,108,TAGS,"PHLOX: If I’m not in my dwelling, I’m likely in my <color=orange>workshop</color> below (inside the island).","ΦΛΟΞ: Αν δεν είμαι στην κατοικία μου, μάλλον είμαι στο <color=orange>εργαστήρι</color> μου από κάτω (μέσα στο νησί)."
dialogue:1260,dialogue,,123,TAGS,<color=orange>ORBITAL PROBE CANNON</color> DAMAGE REPORT: Severe structural stress detected. Assessing damage to modules...,ΑΝΑΦΟΡΑ ΖΗΜΙΩΝ <color=orange>ΤΡΟΧΙΑΚΟΥ ΚΑΝΟΝΙΟΥ ΒΟΛΙΔΑΣ</color>: Εντοπίστηκε σοβαρή δομική καταπόνηση. Αξιολόγηση ζημιών στις μονάδες...
dialogue:1261,dialogue,,67,TAGS,<color=orange>Control Module</color>: Intact. No structural damage.,<color=orange>Μονάδα Ελέγχου</color>: Ακέραιη. Καμία δομική ζημιά.
dialogue:1262,dialogue,,98,TAGS,<color=orange>Launch Module</color>: Viewport window fractured. Module exposed to vacuum of space.,<color=orange>Μονάδα Εκτόξευσης</color>: Ραγισμένο παράθυρο. Η μονάδα είναι εκτεθειμένη στο κενό του διαστήματος.
dialogue:1263,dialogue,,53,TAGS,<color=orange>Probe Tracking Module</color>: MISSING.,<color=orange>Μονάδα Παρακολούθησης Βολίδας</color>: ΑΓΝΟΕΙΤΑΙ.
dialogue:1264,dialogue,BEGIN LAUNCH LOG,111,TAGS,BEGIN LAUNCH LOG: <color=orange>Orbital Probe Cannon</color>. Launch request received. Probe launch successful.,ΕΝΑΡΞΗ ΗΜΕΡΟΛΟΓΙΟΥ ΕΚΤΟΞΕΥΣΗΣ: <color=orange>Τροχιακό Κανόνι Βολίδας</color>. Ελήφθη αίτημα εκτόξευσης. Η εκτόξευση της βολίδας ήταν επιτυχής.
dialogue:1265,dialogue,,73,TAGS,<color=orange>Probe Tracking Module</color> is receiving data from probe.,Η <color=orange>Μονάδα Παρακολούθησης Βολίδας</color> λαμβάνει δεδομένα από τη βολίδα.
dialogue:1266,dialogue,WARNING,125,TAGS,WARNING: <color=orange>Orbital Probe Cannon</color> structure compromised during launch. Damage to multiple modules detected.,ΠΡΟΕΙΔΟΠΟΙΗΣΗ: Η δομή του <color=orange>Τροχιακού Κανονιού Βολίδας</color> διακυβεύτηκε κατά την εκτόξευση. Εντοπίστηκαν ζημιές σε πολλαπλές μονάδες.
dialogue:1267,dialogue,,43,TAGS,<color=orange>Probe Tracking Module</color>,<color=orange>Μονάδα Παρακολούθησης Βολίδας</color>
dialogue:1268,dialogue,,46,,You have recalled the rule of quantum imaging.,Ανακάλεσες τον κανόνα της κβαντικής απεικόνισης.
dialogue:1269,dialogue,,40,,Recall the rule of quantum entanglement.,Ανακάλεσε τον κανόνα της κβαντικής διεμπλοκής.
dialogue:1270,dialogue,,38,,Recall the rule of the sixth location.,Ανακάλεσε τον κανόνα της έκτης τοποθεσίας.
dialogue:1271,dialogue,SOLANUM,112,TAGS,SOLANUM: I’m at the shuttle! I’m ready to make my first pilgrimage to the <color=lightblue>Quantum Moon</color>.,ΣΟΛΑΝΟΥΜ: Είμαι στην άκατο! Είμαι έτοιμη να κάνω το πρώτο μου προσκύνημα στην <color=lightblue>Κβαντική Σελήνη</color>.
dialogue:1272,dialogue,BELLS,171,TAGS,"BELLS: That’s exciting! You’re <i>almost</i> ready, but there’s still one more rule you need to learn. Come see me at the <color=orange>Tower of Quantum Knowledge</color>.","ΜΠΕΛΣ: Συναρπαστικό! Είσαι <i>σχεδόν</i> έτοιμη, αλλά υπάρχει ακόμη ένας κανόνας που πρέπει να μάθεις. Έλα να με βρεις στον <color=orange>Πύργο της Κβαντικής Γνώσης</color>."
dialogue:1273,dialogue,BELLS,189,TAGS,"BELLS: The tower is on the opposite side of <color=lightblue>Brittle Hollow</color>. If you follow the path west to the <color=orange>Crossroads</color>, you can reach the tower from there.","ΜΠΕΛΣ: Ο πύργος είναι στην αντίθετη πλευρά του <color=lightblue>Μπριτλ Χόλοου</color>. Αν ακολουθήσεις το μονοπάτι δυτικά ως το <color=orange>Σταυροδρόμι</color>, μπορείς να φτάσεις στον πύργο από εκεί."
dialogue:1274,dialogue,SOLANUM,67,,"SOLANUM: My gratitude for the directions, Bells. I’ll see you soon!","ΣΟΛΑΝΟΥΜ: Ευγνωμοσύνη για τις οδηγίες, Μπελς. Τα λέμε σύντομα!"
dialogue:1275,dialogue,CASSAVA,170,TAGS,"CASSAVA: I have bad news, Avens. Yarrow says there was a problem with the proposed power source, so the <color=orange>Orbital Probe Cannon</color> won’t be asked to fire.","ΚΑΣΑΒΑ: Έχω άσχημα νέα, Έιβενς. Ο Γιάροου λέει ότι υπήρξε πρόβλημα με την προτεινόμενη πηγή ενέργειας, οπότε δεν θα ζητηθεί από το <color=orange>Τροχιακό Κανόνι Βολίδας</color> να πυροδοτήσει."
dialogue:1276,dialogue,AVENS,62,,"AVENS: I hope you’re pulling my locomotive limb here, Cassava.","ΕΪΒΕΝΣ: Ελπίζω να μου τραβάς το κινητικό μου άκρο εδώ, Κασάβα."
dialogue:1277,dialogue,CASSAVA,163,TAGS,"CASSAVA: I wish I were, my friend, but no. They aren’t certain they can fix the problem, so the <color=orange>Orbital Probe Cannon</color> is on indefinite hiatus.","ΚΑΣΑΒΑ: Μακάρι, φίλε μου, αλλά όχι. Δεν είναι σίγουροι ότι μπορούν να διορθώσουν το πρόβλημα, οπότε το <color=orange>Τροχιακό Κανόνι Βολίδας</color> τίθεται σε αόριστη αναστολή."
dialogue:1278,dialogue,CASSAVA,174,TAGS,"CASSAVA: Tell Privet and Mallow they should return from the <color=orange>cannon</color>. My spouse and I will remain at the <color=orange>Construction Yard</color>, for now.","ΚΑΣΑΒΑ: Πες στην Πρίβετ και στον Μάλοου να επιστρέψουν από το <color=orange>κανόνι</color>. Ο σύντροφός μου κι εγώ θα μείνουμε στο <color=orange>Εργοτάξιο</color>, προς το παρόν."
dialogue:1279,dialogue,AVENS,125,,AVENS: An update: Mallow and I will join you and Daz. Privet left to visit her brother. She fears Idaea may feel responsible.,ΕΪΒΕΝΣ: Ενημέρωση: Ο Μάλοου κι εγώ θα έρθουμε να βρούμε εσένα και τον Νταζ. Η Πρίβετ έφυγε για να επισκεφθεί τον αδερφό της. Φοβάται ότι η Ιδαία μπορεί να νιώθει υπεύθυνη.
dialogue:1280,dialogue,MALLOW,200,TAGS,"MALLOW: Imagine, Privet: the <color=orange>Probe Tracking Module</color> will be the first to know the coordinates of the <color=lightblue>Eye of the universe</color>! You’ll be the first to see them!","ΜΑΛΟΟΥ: Φαντάσου, Πρίβετ: η <color=orange>Μονάδα Παρακολούθησης Βολίδας</color> θα είναι η πρώτη που θα μάθει τις συντεταγμένες του <color=lightblue>Ματιού του σύμπαντος</color>! Θα είσαι η πρώτη που θα τις δει!"
dialogue:1281,dialogue,PRIVET,35,,PRIVET: I am honored and terrified!,ΠΡΙΒΕΤ: Νιώθω τιμή και τρόμο ταυτόχρονα!
dialogue:1282,dialogue,PRIVET,115,TAGS,"PRIVET: You won’t ask the <color=orange>Orbital Probe Cannon</color> to use so much power that it breaks, will you?","ΠΡΙΒΕΤ: Δεν θα ζητήσεις από το <color=orange>Τροχιακό Κανόνι Βολίδας</color> να χρησιμοποιήσει τόση ισχύ που να σπάσει, έτσι;"
dialogue:1283,dialogue,MALLOW,192,TAGS,"MALLOW: Fret not, my nervous friend! We only need to fire the probe once, anyway, so who minds if it compromises the <color=orange>Orbital Probe Cannon</color>’s structural integrity slightly?","ΜΑΛΟΟΥ: Μην ανησυχείς, νευρική μου φίλη! Ούτως ή άλλως χρειάζεται να εκτοξεύσουμε τη βολίδα μόνο μία φορά, οπότε ποιος νοιάζεται αν διακυβευτεί ελαφρώς η δομική ακεραιότητα του <color=orange>Τροχιακού Κανονιού Βολίδας</color>;"
dialogue:1284,dialogue,PRIVET,166,TAGS,"PRIVET: I would mind, Mallow! I would mind, because we won’t be capable of receiving our probe’s data if the <color=orange>Probe Tracking Module</color> is destroyed!","ΠΡΙΒΕΤ: Εγώ νοιάζομαι, Μάλοου! Νοιάζομαι, γιατί δεν θα μπορούμε να λάβουμε τα δεδομένα της βολίδας μας αν καταστραφεί η <color=orange>Μονάδα Παρακολούθησης Βολίδας</color>!"
dialogue:1285,dialogue,AVENS,204,TAGS,"AVENS: Mallow, my better 50 percent! Cassava is sending the last of the <color=orange>cannon</color> components. Soon (relatively speaking), we’ll know the <color=lightblue>Eye</color>’s precise location!","ΕΪΒΕΝΣ: Μάλοου, καλύτερό μου 50 τοις εκατό! Ο Κασάβα στέλνει τα τελευταία εξαρτήματα του <color=orange>κανονιού</color>. Σύντομα (σχετικά μιλώντας), θα ξέρουμε την ακριβή θέση του <color=lightblue>Ματιού</color>!"
dialogue:1286,dialogue,MALLOW,119,,"MALLOW: The thought of concluding our elders’ curious and challenging search increases my heart’s temperature, my love!","ΜΑΛΟΟΥ: Η σκέψη ότι ολοκληρώνουμε την περίεργη και δύσκολη αναζήτηση των παλαιότερών μας ανεβάζει τη θερμοκρασία της καρδιάς μου, αγάπη μου!"
dialogue:1287,dialogue,AVENS,161,TAGS,"AVENS: Cassava tells me he and the <color=orange>Construction Yard</color> crew have determined a power setting we are not, under any circumstances, to go above.",ΕΪΒΕΝΣ: Ο Κασάβα μού λέει ότι αυτός και το πλήρωμα του <color=orange>Εργοταξίου</color> όρισαν ένα επίπεδο ισχύος που δεν πρέπει σε καμία περίπτωση να ξεπεράσουμε.
dialogue:1288,dialogue,MALLOW,90,,"MALLOW: I see! And am I right to think that, consequently, we’ll be ignoring that setting?","ΜΑΛΟΟΥ: Κατάλαβα! Και σωστά υποθέτω ότι, κατά συνέπεια, θα αγνοήσουμε αυτό το όριο;"
dialogue:1289,dialogue,AVENS,116,,"AVENS: I can posit with nearly 100 percent certainty our friends have accounted for our natures, so I suggest we do!","ΕΪΒΕΝΣ: Μπορώ να ισχυριστώ με σχεδόν 100 τοις εκατό βεβαιότητα ότι οι φίλοι μας έχουν συνυπολογίσει τον χαρακτήρα μας, οπότε προτείνω να το κάνουμε!"
dialogue:1290,dialogue,AVENS,193,TAGS,AVENS: Giving the <color=orange>Orbital Probe Cannon</color> all the power it can structurally withstand creates the greatest chance of finding the <color=lightblue>Eye of the universe</color>.,ΕΪΒΕΝΣ: Το να δώσουμε στο <color=orange>Τροχιακό Κανόνι Βολίδας</color> όλη την ισχύ που αντέχει δομικά δημιουργεί τις μεγαλύτερες πιθανότητες να βρεθεί το <color=lightblue>Μάτι του σύμπαντος</color>.
dialogue:1291,dialogue,MALLOW,99,,"MALLOW: Yes, the probe must travel as fast as it can, as far as it can. I’ll make some adjustments!","ΜΑΛΟΟΥ: Ναι, η βολίδα πρέπει να ταξιδέψει όσο πιο γρήγορα μπορεί, όσο πιο μακριά μπορεί. Θα κάνω κάποιες ρυθμίσεις!"
dialogue:1292,dialogue,YARROW,178,TAGS,"YARROW: I have exciting news, Privet: The <color=orange>Ash Twin Project</color> is almost prepared to receive the probe data from the <color=orange>Orbital Probe Cannon</color>.","ΓΙΑΡΟΟΥ: Έχω συναρπαστικά νέα, Πρίβετ: Το <color=orange>Πρότζεκτ του Διδύμου της Στάχτης</color> είναι σχεδόν έτοιμο να λάβει τα δεδομένα της βολίδας από το <color=orange>Τροχιακό Κανόνι Βολίδας</color>."
dialogue:1293,dialogue,YARROW,146,TAGS,"YARROW: Ramie is adding some finishing touches here, but she’ll be finished soon. Are you and the <color=orange>Orbital Probe Cannon</color> well?","ΓΙΑΡΟΟΥ: Η Ράμι βάζει εδώ κάποιες τελευταίες πινελιές, αλλά θα τελειώσει σύντομα. Είστε καλά εσύ και το <color=orange>Τροχιακό Κανόνι Βολίδας</color>;"
dialogue:1294,dialogue,PRIVET,191,TAGS,PRIVET: We are! The statue here in the<color=orange> Probe Tracking Module </color>is ready to record each launch’s flight trajectory and will automatically transmit all relevant data to you.,ΠΡΙΒΕΤ: Είμαστε! Το άγαλμα εδώ στη<color=orange> Μονάδα Παρακολούθησης Βολίδας </color>είναι έτοιμο να καταγράφει την τροχιά κάθε εκτόξευσης και θα μεταδίδει αυτόματα σε εσάς όλα τα σχετικά δεδομένα.
dialogue:1295,dialogue,PRIVET,145,TAGS,"PRIVET: Once the probe determines the location of the <color=lightblue>Eye of the universe</color>, I’ll send an alert directly to you and Ramie.","ΠΡΙΒΕΤ: Μόλις η βολίδα προσδιορίσει τη θέση του <color=lightblue>Ματιού του σύμπαντος</color>, θα στείλω ειδοποίηση απευθείας σε εσένα και στη Ράμι."
dialogue:1296,dialogue,PRIVET,142,TAGS,"PRIVET: On the other appendage, I’m now worried about this <color=orange>cannon</color>’s structural integrity and its crew’s moral integrity.","ΠΡΙΒΕΤ: Από την άλλη άκρη, τώρα ανησυχώ για τη δομική ακεραιότητα αυτού του <color=orange>κανονιού</color> και για την ηθική ακεραιότητα του πληρώματός του."
dialogue:1297,dialogue,YARROW,74,TAGS,YARROW: What happened? Did the <color=orange>Sun Station</color> not fire?,ΓΙΑΡΟΟΥ: Τι έγινε; Δεν πυροδότησε ο <color=orange>Ηλιακός Σταθμός</color>;
dialogue:1298,dialogue,PYE,197,TAGS,"PYE: It fired, Yarrow. But it failed. The <color=lightblue>sun</color> barely responded; there were infintestimally small surface-level changes, but they were barely visible, even to the third eye.","ΠΑΪ: Πυροδότησε, Γιάροου. Αλλά απέτυχε. Ο <color=lightblue>ήλιος</color> μόλις που αντέδρασε· υπήρξαν απειροελάχιστες αλλαγές στην επιφάνεια, αλλά μόλις που φαίνονταν, ακόμη και στο τρίτο μάτι."
dialogue:1299,dialogue,PYE,144,TAGS,"PYE: The <color=orange>Sun Station</color> is useless. It will never, and <i>could</i> never, cause the <color=lightblue>sun</color> to explode.","ΠΑΪ: Ο <color=orange>Ηλιακός Σταθμός</color> είναι άχρηστος. Δεν θα κάνει ποτέ, και <i>δεν θα μπορούσε</i> ποτέ να κάνει, τον <color=lightblue>ήλιο</color> να εκραγεί."
dialogue:1300,dialogue,PYE,110,,"PYE: I don’t know what comes next, my friends. I suppose we must start over, but I’m unsure how to start over.","ΠΑΪ: Δεν ξέρω τι ακολουθεί, φίλοι μου. Υποθέτω ότι πρέπει να ξεκινήσουμε από την αρχή, αλλά δεν είμαι σίγουρη πώς να ξεκινήσω από την αρχή."
dialogue:1301,dialogue,YARROW,188,TAGS,"YARROW: Return to <color=lightblue>Ash Twin</color> first, my friend. Perhaps a change of task would help: Spire noticed a comet approaching this star system that we’d like to investigate.","ΓΙΑΡΟΟΥ: Γύρνα πρώτα στον <color=lightblue>Δίδυμο της Στάχτης</color>, φίλη μου. Ίσως μια αλλαγή δουλειάς να βοηθούσε: ο Σπάιρ πρόσεξε έναν κομήτη να πλησιάζει αυτό το αστρικό σύστημα και θα θέλαμε να τον ερευνήσουμε."
dialogue:1302,dialogue,YARROW,142,,"YARROW: Pye... I hurt for you, my friends; we all know how hard you’ve both worked. I can only offer my compassion. How are you? How is Idaea?","ΓΙΑΡΟΟΥ: Πάι... πονάω για εσάς, φίλοι μου· όλοι ξέρουμε πόσο σκληρά δουλέψατε και οι δύο. Μπορώ μόνο να προσφέρω τη συμπόνια μου. Πώς είσαι; Πώς είναι η Ιδαία;"
dialogue:1303,dialogue,IDAEA,258,TAGS,"IDAEA: We’re well, Yarrow (or as well as can be expected, given the circumstances), though disappointed. I may have disagreed with exploding the <color=lightblue>sun</color>, but I never wished the device would fail. I’d hoped our terrible work was finished.","ΙΔΑΙΑ: Είμαστε καλά, Γιάροου (ή όσο καλά γίνεται, δεδομένων των συνθηκών), αν και απογοητευμένοι. Μπορεί να διαφωνούσα με την ανατίναξη του <color=lightblue>ήλιου</color>, αλλά ποτέ δεν ευχήθηκα να αποτύχει η συσκευή. Ήλπιζα ότι η τρομερή μας δουλειά είχε τελειώσει."
dialogue:1304,dialogue,,129,TAGS,Star has reached end of natural life cycle. Now approaching red giant stage. WARNING: Evacuate <color=orange>Sun Station</color>.,Το αστέρι έφτασε στο τέλος του φυσικού του κύκλου ζωής. Πλησιάζει πλέον το στάδιο του ερυθρού γίγαντα. ΠΡΟΕΙΔΟΠΟΙΗΣΗ: Εκκενώστε τον <color=orange>Ηλιακό Σταθμό</color>.
dialogue:1305,dialogue,,239,TAGS NL,"Approximate time until <color=orange>Sun Station</color> is destroyed by expanding star: <RemainingMinutes> MINUTES, <RemainingSeconds> SECONDS\\nApproximate time until star’s death: <MinutesToRedGiant> MINUTES, <SecondsToRedGiant> SECONDS","Κατά προσέγγιση χρόνος μέχρι την καταστροφή του <color=orange>Ηλιακού Σταθμού</color> από το διαστελλόμενο αστέρι: <RemainingMinutes> ΛΕΠΤΑ, <RemainingSeconds> ΔΕΥΤΕΡΟΛΕΠΤΑ\\nΚατά προσέγγιση χρόνος μέχρι τον θάνατο του αστεριού: <MinutesToRedGiant> ΛΕΠΤΑ, <SecondsToRedGiant> ΔΕΥΤΕΡΟΛΕΠΤΑ"
dialogue:1306,dialogue,YARROW,87,,"YARROW: Phlox and Daz finished the memory statues today, and they are truly remarkable.","ΓΙΑΡΟΟΥ: Ο Φλοξ και ο Νταζ ολοκλήρωσαν σήμερα τα αγάλματα μνήμης, και είναι πραγματικά αξιοθαύμαστα."
dialogue:1307,dialogue,YARROW,191,TAGS,"YARROW: When the <color=orange>Ash Twin Project</color> succeeds (or in the event it fails), the memory statues will activate, allowing us to gather more data before we shut down the project.","ΓΙΑΡΟΟΥ: Όταν το <color=orange>Πρότζεκτ του Διδύμου της Στάχτης</color> πετύχει (ή σε περίπτωση που αποτύχει), τα αγάλματα μνήμης θα ενεργοποιηθούν, επιτρέποντάς μας να συγκεντρώσουμε περισσότερα δεδομένα πριν τερματίσουμε το εγχείρημα."
dialogue:1308,dialogue,CLARY,210,TAGS,"CLARY: Here’s our first delivery, Yarrow: one warp core, fresh from the <color=orange>Black Hole Forge</color>! Root is installing this core’s sibling on <color=lightblue>Brittle Hollow</color> as I write this.","ΚΛΑΡΥ: Να η πρώτη μας παράδοση, Γιάροου: ένας πυρήνας στρέβλωσης, φρέσκος από το <color=orange>Σφυρηλατείο της Μαύρης Τρύπας</color>! Ο Ρουτ εγκαθιστά τον αδελφό αυτού του πυρήνα στο <color=lightblue>Μπριτλ Χόλοου</color> την ώρα που γράφω."
dialogue:1309,dialogue,CLARY,145,,"CLARY: I wish I could wait here for you to arrive, but the forge (and my unfinished work there) is calling. I’ll return with more materials soon.","ΚΛΑΡΥ: Μακάρι να μπορούσα να περιμένω εδώ να φτάσεις, αλλά το σφυρηλατείο (και η μισοτελειωμένη μου δουλειά εκεί) με καλεί. Θα επιστρέψω σύντομα με περισσότερα υλικά."
dialogue:1310,dialogue,YARROW,95,TAGS,"YARROW: My gratitude, Clary! With this, the <color=orange>Ash Twin Project</color> is underway!","ΓΙΑΡΟΟΥ: Ευγνωμοσύνη, Κλάρυ! Με αυτό, το <color=orange>Πρότζεκτ του Διδύμου της Στάχτης</color> ξεκίνησε!"
dialogue:1311,dialogue,YARROW,180,TAGS,"YARROW: I confess, I’m deeply curious about what you and Poke found on the <color=orange>White Hole Station</color> that started this project. Could I visit sometime to learn more?",ΓΙΑΡΟΟΥ: Ομολογώ ότι έχω βαθιά περιέργεια για το τι βρήκατε εσύ και η Πόουκ στον <color=orange>Σταθμό της Λευκής Τρύπας</color> και ξεκίνησε αυτό το εγχείρημα. Θα μπορούσα να έρθω κάποτε να μάθω περισσότερα;
dialogue:1312,dialogue,CLARY,209,TAGS,"CLARY: I recommend you do! The <color=orange>White Hole Station</color> is the model for the towers being built for the <color=orange>Ash Twin Project</color>, so a visit to the station would be doubly useful.","ΚΛΑΡΥ: Σου το συνιστώ! Ο <color=orange>Σταθμός της Λευκής Τρύπας</color> είναι το πρότυπο για τους πύργους που χτίζονται για το <color=orange>Πρότζεκτ του Διδύμου της Στάχτης</color>, οπότε μια επίσκεψη θα ήταν διπλά χρήσιμη."
dialogue:1313,dialogue,YARROW,125,TAGS,"YARROW: I suppose, more precisely, I would like to visit the <color=orange>White Hole Station</color> with <i>you</i>, Clary.","ΓΙΑΡΟΟΥ: Υποθέτω, ακριβέστερα, ότι θα ήθελα να επισκεφθώ τον <color=orange>Σταθμό της Λευκής Τρύπας</color> <i>μαζί σου</i>, Κλάρυ."
dialogue:1314,dialogue,CLARY,44,,CLARY: I’d be happy to explain our findings!,ΚΛΑΡΥ: Θα χαρώ να σου εξηγήσω τα ευρήματά μας!
dialogue:1315,dialogue,POKE,189,TAGS,"POKE: Yarrow, stop using this scroll wall to flirt with my sister (in romantic matters, her density rivals a neutron star’s) and go meet her on the <color=orange>White Hole Station</color>.","ΠΟΟΥΚ: Γιάροου, σταμάτα να χρησιμοποιείς αυτόν τον τοίχο για να φλερτάρεις την αδερφή μου (στα ερωτικά, η πυκνότητά της ανταγωνίζεται αστέρα νετρονίων) και πήγαινε να τη βρεις στον <color=orange>Σταθμό της Λευκής Τρύπας</color>."
dialogue:1316,dialogue,CLARY,272,TAGS,CLARY: To our friends on <color=lightblue>Brittle Hollow</color>: I just warped here from the <color=orange>White Hole Station</color> (on the other side of <color=lightblue>Brittle Hollow</color>’s black hole)! Our design worked; we’ve successfully recreated warp travel!,ΚΛΑΡΥ: Προς τους φίλους μας στο <color=lightblue>Μπριτλ Χόλοου</color>: Μόλις έκανα στρέβλωση ως εδώ από τον <color=orange>Σταθμό της Λευκής Τρύπας</color> (στην άλλη πλευρά της μαύρης τρύπας του <color=lightblue>Μπριτλ Χόλοου</color>)! Ο σχεδιασμός μας δούλεψε· αναδημιουργήσαμε με επιτυχία το ταξίδι με στρέβλωση!
dialogue:1317,dialogue,FILIX,139,,FILIX: This is wonderful news! I can’t wait to see the warp tower (although it’s been a long time since I’ve jumped through a black hole!).,ΦΙΛΙΞ: Αυτά είναι υπέροχα νέα! Ανυπομονώ να δω τον πύργο στρέβλωσης (αν και έχω καιρό να πηδήξω μέσα σε μαύρη τρύπα!).
dialogue:1318,dialogue,POKE,183,,"POKE: I don’t know how close it is to Annona’s original design, but as long as what we’ve built works, then I’m delighted! I knew we could do it (Cassava, I hope you’re reading this)!","ΠΟΟΥΚ: Δεν ξέρω πόσο κοντά είναι στο αρχικό σχέδιο του Ανόνα, αλλά αρκεί να δουλεύει αυτό που φτιάξαμε, και είμαι καταχαρούμενη! Το ήξερα ότι μπορούσαμε (Κασάβα, ελπίζω να το διαβάζεις αυτό)!"
dialogue:1319,dialogue,POKE,168,,"POKE: Wait, this can’t be correct. Clary, have you seen these readings? If they were accurate, they would violate causality. There must be an equipment error somewhere.","ΠΟΟΥΚ: Στάσου, αυτό δεν μπορεί να είναι σωστό. Κλάρυ, είδες αυτές τις ενδείξεις; Αν ήταν ακριβείς, θα παραβίαζαν την αιτιότητα. Πρέπει να υπάρχει κάπου σφάλμα εξοπλισμού."
dialogue:1320,dialogue,POKE,162,TAGS,"POKE: I’m returning to the <color=orange>White Hole Station</color>. If you and Root meet me there, we can run a full diagnostic and hopefully locate the problem.","ΠΟΟΥΚ: Επιστρέφω στον <color=orange>Σταθμό της Λευκής Τρύπας</color>. Αν με συναντήσετε εκεί εσύ και ο Ρουτ, μπορούμε να κάνουμε πλήρη διαγνωστικό έλεγχο και ελπίζω να εντοπίσουμε το πρόβλημα."
dialogue:1321,dialogue,POKE,27,,POKE: (Don’t tell Cassava.),ΠΟΟΥΚ: (Μην το πεις στον Κασάβα.)
dialogue:1322,dialogue,PYE,244,TAGS,"PYE: Ramie and I reviewed the records you sent, Poke, and they appear to show Nomai are arriving at the warp receiver on <color=lightblue>Brittle Hollow</color> slightly <i>before</i> departing from the <color=orange>White Hole Station</color>.","ΠΑΪ: Η Ράμι κι εγώ εξετάσαμε τα αρχεία που έστειλες, Πόουκ, και φαίνεται να δείχνουν ότι Νομάι φτάνουν στον δέκτη στρέβλωσης στο <color=lightblue>Μπριτλ Χόλοου</color> ελάχιστα <i>πριν</i> αναχωρήσουν από τον <color=orange>Σταθμό της Λευκής Τρύπας</color>."
dialogue:1323,dialogue,POKE,149,,"POKE: I understand it’s exceedingly odd, but Clary and I have tested and retested the equipment, and the result is the same every time someone warps.","ΠΟΟΥΚ: Καταλαβαίνω ότι είναι εξαιρετικά παράξενο, αλλά η Κλάρυ κι εγώ δοκιμάσαμε και ξαναδοκιμάσαμε τον εξοπλισμό, και το αποτέλεσμα είναι το ίδιο κάθε φορά που κάποιος κάνει στρέβλωση."
dialogue:1324,dialogue,RAMIE,174,,RAMIE: The interval is incredibly minuscule (roughly one hundred-thousandth of a second). Do you suppose our instruments can’t accurately measure time to such a small degree?,ΡΑΜΙ: Το διάστημα είναι απίστευτα μικροσκοπικό (περίπου ένα εκατοστό του χιλιοστού του δευτερολέπτου). Πιστεύετε μήπως ότι τα όργανά μας δεν μπορούν να μετρήσουν με τέτοια ακρίβεια;
dialogue:1325,dialogue,PYE,216,TAGS,"PYE: As I’ve already told Ramie, these measurements can’t be accurate. How can a Nomai arrive on <color=lightblue>Brittle Hollow</color> before he or she ever stepped into the teleporter? The implications are absurd.","ΠΑΪ: Όπως έχω ήδη πει στη Ράμι, αυτές οι μετρήσεις δεν μπορεί να είναι ακριβείς. Πώς μπορεί ένας Νομάι να φτάσει στο <color=lightblue>Μπριτλ Χόλοου</color> προτού καν πατήσει στον τηλεμεταφορέα; Οι συνέπειες είναι παράλογες."
dialogue:1326,dialogue,POKE,197,TAGS,POKE: I don’t disagree. It <i>would</i> mean I’ve inadvertently broken several fundamental theories regarding this universe. We would have to reconsider all of our beliefs about the nature of time.,ΠΟΟΥΚ: Δεν διαφωνώ. <i>Θα</i> σήμαινε ότι κατά λάθος κατέρριψα αρκετές θεμελιώδεις θεωρίες για αυτό το σύμπαν. Θα έπρεπε να αναθεωρήσουμε όλες μας τις πεποιθήσεις για τη φύση του χρόνου.
dialogue:1327,dialogue,RAMIE,27,,"RAMIE: Yes, I hope so, too!","ΡΑΜΙ: Ναι, κι εγώ αυτό ελπίζω!"
dialogue:1328,dialogue,RAMIE,214,TAGS,"RAMIE: Poke, as Pye is confident the reading is inaccurate, she’s kindly helping me attempt to recreate this phenomenon at the <color=orange>High Energy Lab</color>. We’re designing an experiment to take more data.","ΡΑΜΙ: Πόουκ, καθώς η Πάι είναι πεπεισμένη ότι η ένδειξη είναι λανθασμένη, με βοηθά ευγενικά να προσπαθήσω να αναπαραγάγω αυτό το φαινόμενο στο <color=orange>Εργαστήριο Υψηλών Ενεργειών</color>. Σχεδιάζουμε ένα πείραμα για να πάρουμε περισσότερα δεδομένα."
dialogue:1329,dialogue,PYE,178,TAGS,"PYE: An update: Poke, the <color=orange>High Energy Lab</color> is in the canyon on <color=lightblue>Ember Twin</color>’s equator. <i>Come here at once</i>. You need to see this.","ΠΑΪ: Ενημέρωση: Πόουκ, το <color=orange>Εργαστήριο Υψηλών Ενεργειών</color> βρίσκεται στο φαράγγι, στον ισημερινό του <color=lightblue>Διδύμου της Χόβολης</color>. <i>Έλα εδώ αμέσως</i>. Πρέπει να το δεις αυτό."
dialogue:1330,dialogue,,43,,Chert’s Research Notes — property of Chert!,Ερευνητικές σημειώσεις του Τσερτ — ιδιοκτησία του Τσερτ!
dialogue:1331,dialogue,,203,TAGS,This is an old crater. The neat thing here is that the composition of the samples I took from the impact site matches the composition of the ice on the outskirts of <color=lightblue>Dark Bramble</color>.,Αυτός είναι ένας παλιός κρατήρας. Το ενδιαφέρον εδώ είναι ότι η σύσταση των δειγμάτων που πήρα από το σημείο πρόσκρουσης ταιριάζει με τη σύσταση του πάγου στα περίχωρα του <color=lightblue>Νταρκ Μπραμπλ</color>.
dialogue:1332,dialogue,,153,TAGS,I’d posit the <color=lightblue>Attlerock</color> was hit with a piece of the planet that used to be where <color=lightblue>Dark Bramble</color> now lies.,Θα υπέθετα ότι το <color=lightblue>Άτλροκ</color> χτυπήθηκε από κομμάτι του πλανήτη που βρισκόταν εκεί όπου είναι τώρα ο <color=lightblue>Νταρκ Μπραμπλ</color>.
dialogue:1333,dialogue,,158,TAGS,To follow up on — maybe there are more fragments of the old planet <color=lightblue>Dark Bramble</color> destroyed on other astral bodies in the solar system?,Για συνέχεια — μήπως υπάρχουν κι άλλα θραύσματα του παλιού πλανήτη που κατέστρεψε ο <color=lightblue>Νταρκ Μπραμπλ</color> πάνω σε άλλα ουράνια σώματα του ηλιακού συστήματος;
dialogue:1334,dialogue,,43,,Chert’s Research Notes - property of Chert!,Ερευνητικές σημειώσεις του Τσερτ - ιδιοκτησία του Τσερτ!
dialogue:1335,dialogue,,92,,"Clearly, the Nomai were making astronomical observations here. They chose an excellent spot!","Προφανώς, οι Νομάι έκαναν αστρονομικές παρατηρήσεις εδώ. Διάλεξαν εξαιρετικό σημείο!"
dialogue:1336,dialogue,,76,,"What is this big, rotating device for? What was it the Nomai were observing?","Για τι χρησιμεύει αυτή η μεγάλη, περιστρεφόμενη συσκευή; Τι ήταν αυτό που παρατηρούσαν οι Νομάι;"
dialogue:1337,dialogue,,158,,I’d posit there’s something special about the orange symbol on that device. Hal and the new astronaut’s translator tool would be nice to have handy about now.,Θα υπέθετα ότι υπάρχει κάτι ξεχωριστό στο πορτοκαλί σύμβολο πάνω σε εκείνη τη συσκευή. Ο Χαλ και ο μεταφραστής του νέου αστροναύτη θα ήταν χρήσιμοι αυτή τη στιγμή.
dialogue:1338,dialogue,,85,,I’ve detected a strange signal coming from somewhere within the grove in this crater.,Εντόπισα ένα παράξενο σήμα που έρχεται από κάπου μέσα στο άλσος αυτού του κρατήρα.
dialogue:1339,dialogue,,121,,"It’s very similar to the signal emitted by the Quantum Moon, so it stands to reason the two signals are probably related.","Μοιάζει πολύ με το σήμα που εκπέμπει η Κβαντική Σελήνη, οπότε είναι λογικό τα δύο σήματα να σχετίζονται."
dialogue:1340,dialogue,,165,,"We don’t know much about the Quantum Moon, seeing as no one’s ever been able to land on it, but hopefully studying the signal in the grove will reveal more about it.","Δεν ξέρουμε πολλά για την Κβαντική Σελήνη, μιας και κανείς δεν κατάφερε ποτέ να προσγειωθεί εκεί, αλλά ελπίζω ότι η μελέτη του σήματος στο άλσος θα αποκαλύψει περισσότερα."
dialogue:1341,dialogue,,23,,Esker’s Signalscope Log,Αρχείο σηματοσκοπίου του Έσκερ
dialogue:1342,dialogue,,138,,"Day 48: Still not picking up Riebeck’s banjo from Brittle Hollow. I’m sure they’re fine, but I’ll feel better once I can hear their music.","Μέρα 48: Ακόμη δεν πιάνω το μπάντζο του Ρίμπεκ από το Μπριτλ Χόλοου. Σίγουρα είναι καλά, αλλά θα νιώσω καλύτερα μόλις ακούσω τη μουσική του."
dialogue:1343,dialogue,,162,TAGS,"Day 51: Listened to Chert play for a while today. Unrelated, someone should tell Porphy and Gossan their flirting is <i>not</i> subtle from an aerial perspective.",Μέρα 51: Άκουσα τον Τσερτ να παίζει για λίγο σήμερα. Άσχετο: κάποιος πρέπει να πει στον Πόρφι και στον Γκόσαν ότι το φλερτ τους <i>δεν</i> είναι διακριτικό από εναέρια οπτική γωνία.
dialogue:1344,dialogue,,110,,"Day 55: Banjo music coming in loud and clear today! Sounds like Riebeck’s doing okay. That oaf, I was worried!","Μέρα 55: Η μουσική του μπάντζο έρχεται δυνατή και καθαρή σήμερα! Ακούγεται πως ο Ρίμπεκ είναι καλά. Βρε χαζοβιόλη, ανησυχούσα!"
dialogue:1345,dialogue,,93,,Day 63: Today I thought I heard something... strange. I don’t know — it was probably nothing.,Μέρα 63: Σήμερα νόμισα ότι άκουσα κάτι... παράξενο. Δεν ξέρω — μάλλον δεν ήταν τίποτα.
dialogue:1346,dialogue,,87,,"Day 70: No, it’s back again today, too. Something strange is coming from Timber Hearth.","Μέρα 70: Όχι, ήρθε ξανά και σήμερα. Κάτι παράξενο έρχεται από το Τίμπερ Χαρθ."
dialogue:1347,dialogue,,181,TAGS,"Day 76: Okay, I <i>know</i> this is crazy, but the sound from Timber Hearth sounds exactly like Feldspar’s harmonica. But Feldspar disappeared in space ages ago. It can’t be them...","Μέρα 76: Εντάξει, <i>ξέρω</i> ότι ακούγεται τρελό, αλλά ο ήχος από το Τίμπερ Χαρθ ακούγεται ολόιδιος με τη φυσαρμόνικα του Φέλντσπαρ. Μόνο που ο Φέλντσπαρ χάθηκε στο διάστημα πριν από χρόνια. Δεν μπορεί να είναι αυτός..."
dialogue:1348,dialogue,,106,TAGS,Day 88: It’s <i>still here</i>. This is creepy. Maybe my signalscope is broken? I’d better talk to Gneiss.,Μέρα 88: <i>Είναι ακόμη εδώ</i>. Αυτό είναι ανατριχιαστικό. Μήπως χάλασε το σηματοσκόπιό μου; Καλύτερα να μιλήσω στον Γκνάις.
dialogue:1349,dialogue,,29,,FELDSPAR’S SPARE JETPACK FUEL,ΕΦΕΔΡΙΚΟ ΚΑΥΣΙΜΟ ΣΤΟΛΗΣ ΤΟΥ ΦΕΛΝΤΣΠΑΡ
dialogue:1350,dialogue,,106,,"It’s annoying to schlep across the planet to the ship if I can’t use my jetpack, so I’m leaving this here.","Είναι εκνευριστικό να κουβαλιέμαι μέχρι το σκάφος αν δεν μπορώ να χρησιμοποιήσω την ώθηση της στολής μου, οπότε το αφήνω εδώ."
dialogue:1351,dialogue,,193,TAGS,"I checked with my Little Scout — I do <i>too</i> use it, Hornfels, ya burnt marshmallow — and the scout’s integrity reading said this piece of Brittle Hollow is as stable as any, but who knows.","Το έλεγξα με τον Μικρό μου Ανιχνευτή — τον χρησιμοποιώ <i>κι εγώ</i>, Χόρνφελς, βρε καμένο ζαχαρωτό — και η ένδειξη ακεραιότητας του ανιχνευτή είπε ότι αυτό το κομμάτι του Μπριτλ Χόλοου είναι το ίδιο σταθερό με τα υπόλοιπα, αλλά ποιος ξέρει."
dialogue:1352,dialogue,,134,,"If the fuel’s still around, feel free to use it. If not, well, wherever you’re reading this note, I’m sure you’ve got bigger problems.","Αν το καύσιμο είναι ακόμη εδώ, χρησιμοποίησέ το ελεύθερα. Αν όχι, ε, όπου κι αν διαβάζεις αυτό το σημείωμα, σίγουρα έχεις μεγαλύτερα προβλήματα."
dialogue:1353,dialogue,,101,NL,"Trip 4, entry # whatever \\n Crashes: 2 \\n Boring crashes: 0 (remember to see Slate when I get back)","Ταξίδι 4, καταχώριση # ό,τι να ’ναι \\n Συντριβές: 2 \\n Βαρετές συντριβές: 0 (να θυμηθώ να δω τον Σλέιτ όταν γυρίσω)"
dialogue:1354,dialogue,,139,TAGS,"Ha <i>ha</i>, yeah! <i>Yeah</i>! All the way down to the core! Consider yourself conquered, Giant’s Deep — you just got <i>Feldsparred</i>.","Χα <i>χα</i>, ναι! <i>Ναι</i>! Μέχρι κάτω, ως τον πυρήνα! Θεώρησε τον εαυτό σου κατακτημένο, Τζάιαντς Ντιπ — μόλις σε <i>Φελντσπάρισαν</i>."
dialogue:1355,dialogue,,206,,"That was one of my more dramatic feats, if I do say so myself. Can’t believe I wasn’t electrocuted! Ahhh, can’t wait to tell Hornfels and Gossan about this one — I guess brute force isn’t always the answer.","Αυτό ήταν από τα πιο θεαματικά μου κατορθώματα, το λέω κι ας το λέω εγώ. Δεν το πιστεύω ότι δεν ηλεκτροπλήχτηκα! Αχ, ανυπομονώ να το πω στον Χόρνφελς και στον Γκόσαν — μάλλον η ωμή βία δεν είναι πάντα η απάντηση."
dialogue:1356,dialogue,,108,,"Right, so that’s one more off the list. Seems all that’s left is the big one now. Dark Bramble, here I come!","Ωραία, άλλο ένα λιγότερο από τη λίστα. Φαίνεται πως έμεινε μόνο το μεγάλο. Νταρκ Μπραμπλ, έρχομαι!"
dialogue:1357,dialogue,,103,,"Outer Wilds Ventures’ founding members. Clockwise from top left: Hornfels, Gossan, Slate, and Feldspar.","Τα ιδρυτικά μέλη της Outer Wilds Ventures. Δεξιόστροφα από πάνω αριστερά: Χόρνφελς, Γκόσαν, Σλέιτ και Φέλντσπαρ."
dialogue:1358,dialogue,,234,TAGS,DANGER! Inside this fence is a pocket of <color=orange>ghost matter</color> - a strange and dangerous substance that’s invisible to the naked eyes. The good news is that you can detect <color=orange>ghost matter</color> with a camera.,"ΚΙΝΔΥΝΟΣ! Μέσα σε αυτόν τον φράχτη υπάρχει ένας θύλακας <color=orange>ύλης-φάντασμα</color> - μια παράξενη και επικίνδυνη ουσία, αόρατη με γυμνό μάτι. Τα καλά νέα είναι ότι μπορείς να εντοπίσεις την <color=orange>ύλη-φάντασμα</color> με κάμερα."
dialogue:1359,dialogue,,168,TAGS NL,Moving through <color=orange>ghost matter</color> is uniquely painful and will probably kill you. Don’t complain to me if you hurt yourself fooling around.\\n- Hornfels,Το να κινείσαι μέσα σε <color=orange>ύλη-φάντασμα</color> είναι μοναδικά επώδυνο και μάλλον θα σε σκοτώσει. Μη μου παραπονεθείς αν χτυπήσεις κάνοντας βλακείες.\\n- Χόρνφελς
dialogue:1360,dialogue,,6,,Gneiss,Γκνάις
dialogue:1361,dialogue,,65,,"Hello there, space cadet! I hear you’re leaving the crater today.","Γεια σου, δόκιμε του διαστήματος! Άκουσα ότι φεύγεις σήμερα από τον κρατήρα."
dialogue:1362,dialogue,,113,,"If you meet any of the other travelers up there, remind them to take proper care of their instruments, won’t you?","Αν συναντήσεις κανέναν από τους άλλους ταξιδιώτες εκεί πάνω, θύμισέ τους να φροντίζουν σωστά τα όργανά τους, εντάξει;"
dialogue:1363,dialogue,,41,,Tell me about the travelers’ instruments.,Πες μου για τα όργανα των ταξιδιωτών.
dialogue:1364,dialogue,,24,,Where’s the observatory?,Πού είναι το παρατηρητήριο;
dialogue:1365,dialogue,,30,,Just saying hi before I leave.,Ήρθα απλώς να πω ένα γεια πριν φύγω.
dialogue:1366,dialogue,,34,,Take care of yourself up in space!,Να προσέχεις εκεί πάνω στο διάστημα!
dialogue:1367,dialogue,,98,,"It’s questions like that what make us worried about you going up into space on your own, you know.","Τέτοιες ερωτήσεις είναι που μας κάνουν να ανησυχούμε που ανεβαίνεις στο διάστημα μόνος σου, ξέρεις."
dialogue:1368,dialogue,,187,,"The observatory is up the path behind the waterfall. There are a couple of signs marking the way, but really, you just keep going up and then hook a right when you get to the zero-g cave.","Το παρατηρητήριο είναι πάνω στο μονοπάτι πίσω από τον καταρράκτη. Υπάρχουν κάνα δυο πινακίδες που δείχνουν τον δρόμο, αλλά βασικά ανεβαίνεις συνέχεια και μετά στρίβεις δεξιά μόλις φτάσεις στη σπηλιά μηδενικής βαρύτητας."
dialogue:1369,dialogue,,126,,"Oh, sure! I made all of their instruments, you know. Let me see... There’s Chert’s drums, Riebeck’s banjo, and Gabbro’s flute.","Α, βέβαια! Εγώ έφτιαξα όλα τους τα όργανα, ξέρεις. Για να δω... Υπάρχουν τα τύμπανα του Τσερτ, το μπάντζο του Ρίμπεκ και το φλάουτο του Γκάμπρο."
dialogue:1370,dialogue,,180,,"And Feldspar’s harmonica, of course, though Feldspar’s been missing for a long time. Sometimes it feels like just yesterday they were playing their harmonica around the campfire...","Και η φυσαρμόνικα του Φέλντσπαρ, φυσικά, αν και ο Φέλντσπαρ αγνοείται εδώ και πολύ καιρό. Καμιά φορά μου φαίνεται σαν χθες που έπαιζε τη φυσαρμόνικά του γύρω από τη φωτιά..."
dialogue:1371,dialogue,,175,,"Anyway, you hear music in space, that’ll be one of the space program’s other travelers. If you feel like company, you can always pull out your signalscope and track them down.","Τέλος πάντων, αν ακούσεις μουσική στο διάστημα, θα είναι κάποιος από τους άλλους ταξιδιώτες του διαστημικού προγράμματος. Αν θέλεις παρέα, μπορείς πάντα να βγάλεις το σηματοσκόπιό σου και να τον εντοπίσεις."
dialogue:1372,dialogue,,101,,"Trouble is, every time a Hearthian leaves for outer space, that’s one less musician in our orchestra.","Το πρόβλημα είναι ότι κάθε φορά που ένας Χάρθιαν φεύγει για το διάστημα, έχουμε έναν μουσικό λιγότερο στην ορχήστρα μας."
dialogue:1373,dialogue,,27,,So! Did you need something?,Λοιπόν! Ήθελες κάτι;
dialogue:1374,dialogue,,41,,Tell me about the travelers’ instruments.,Πες μου για τα όργανα των ταξιδιωτών.
dialogue:1375,dialogue,,24,,Where’s the observatory?,Πού είναι το παρατηρητήριο;
dialogue:1376,dialogue,,14,,"Nah, I’m good.","Όχι, εντάξει είμαι."
dialogue:1377,dialogue,,67,,Everything okay? Seems kind of early for you to be back from space.,Όλα καλά; Μου φαίνεται κάπως νωρίς για να έχεις γυρίσει από το διάστημα.
dialogue:1378,dialogue,,31,,Did you need something from me?,Ήθελες κάτι από μένα;
dialogue:1379,dialogue,,41,,Tell me about the travelers’ instruments.,Πες μου για τα όργανα των ταξιδιωτών.
dialogue:1380,dialogue,,19,,"I’m good, actually.","Εντάξει είμαι, βασικά."
dialogue:1381,dialogue,,24,,"Alright. Take care, now.","Εντάξει. Να προσέχεις, λοιπόν."
dialogue:1382,dialogue,,6,,Gossan,Γκόσαν
dialogue:1383,dialogue,,53,,"Hey, I thought I might see you before the big launch.","Έλα, το φαντάστηκα ότι θα σε έβλεπα πριν τη μεγάλη εκτόξευση."
dialogue:1384,dialogue,,33,,Nerves getting the better of you?,Σε πιάνει το άγχος;
dialogue:1385,dialogue,,54,,"Right, like you weren’t nervous for your first flight.","Ναι, σαν να μην είχες αγχωθεί εσύ στην πρώτη σου πτήση."
dialogue:1386,dialogue,,27,,"I’m a little nervous, yeah.","Λίγο αγχωμένος είμαι, ναι."
dialogue:1387,dialogue,,39,,Are you kidding? I’m a natural at this!,Πλάκα κάνεις; Είμαι γεννημένος γι’ αυτό!
dialogue:1388,dialogue,,94,,"Hey, don’t worry about it. Your nerves are between you, me, and the vast endlessness of space.","Έλα, μην ανησυχείς. Το άγχος σου μένει ανάμεσα σε σένα, σε μένα και στην απέραντη ατελείωτη έκταση του διαστήματος."
dialogue:1389,dialogue,,147,,"But really, you’ll do fine out there. I’d worry more about that ship, if I were you. Hopefully that lunatic Slate at least fixed the retro rockets.","Αλλά αλήθεια, θα τα πας μια χαρά εκεί έξω. Εγώ, στη θέση σου, θα ανησυχούσα πιο πολύ για εκείνο το σκάφος. Ελπίζω ο τρελός ο Σλέιτ να επισκεύασε τουλάχιστον τους ανασχετικούς πυραύλους."
dialogue:1390,dialogue,,132,,Good. Everyone should be a bit nervous going into space. I got cocky during my first flight and nearly put a new crater in the moon.,Ωραία. Όλοι πρέπει να αγχώνονται λίγο όταν πάνε στο διάστημα. Εγώ το πήρα πάνω μου στην πρώτη μου πτήση και παραλίγο να ανοίξω καινούριο κρατήρα στο φεγγάρι.
dialogue:1391,dialogue,,35,,"Still, I was never as green as you.","Πάντως, ποτέ δεν ήμουν τόσο άπειρος όσο εσύ."
dialogue:1392,dialogue,,24,,"Hey, I’ve gotten better!","Έλα, έχω βελτιωθεί!"
dialogue:1393,dialogue,,29,,That’s not what Slate says...,Δεν λέει αυτό ο Σλέιτ...
dialogue:1394,dialogue,,140,,"Is that so? Funny, I seem to recall the first time you strapped on a jetpack, we had to come fish you out of the crater near the south pole.","Έτσι λες; Περίεργο, γιατί θυμάμαι πως την πρώτη φορά που φόρεσες στολή με ώθηση, χρειάστηκε να έρθουμε να σε ψαρέψουμε από τον κρατήρα κοντά στον νότιο πόλο."
dialogue:1395,dialogue,,70,,"Oi, you know better than to believe a word that lunatic says about me.","Ε, δεν είσαι τόσο αφελής ώστε να πιστέψεις λέξη από όσα λέει για μένα εκείνος ο τρελός."
dialogue:1396,dialogue,,128,,"They’re still sore I made them install a safety harness in the cockpit. Claimed it would ""throw off the thrust-to-weight ratio.""",Ακόμη τα ’χει μαζί μου που τον έβαλα να εγκαταστήσει ζώνη ασφαλείας στο πιλοτήριο. Ισχυριζόταν ότι θα «χαλούσε τον λόγο ώσης προς βάρος».
dialogue:1397,dialogue,,86,TAGS,Honestly. One of these days I’m gonna throw off <i>Slate’s</i> thrust-to-weight ratio.,Ειλικρινά. Μια απ’ αυτές τις μέρες θα χαλάσω εγώ τον λόγο ώσης προς βάρος <i>του Σλέιτ</i>.
dialogue:1398,dialogue,,64,,"Think so, do you? Feel like proving it to your old flight coach?","Έτσι νομίζεις, ε; Θες να το αποδείξεις στον παλιό σου εκπαιδευτή πτήσεων;"
dialogue:1399,dialogue,,151,TAGS,"There’s a ""satellite"" — which is definitely <i>not</i> just a piece of broken mining equipment — set up down in the zero-g cave and in need of repairs.","Υπάρχει ένας «δορυφόρος» — που σίγουρα <i>δεν</i> είναι απλώς ένα κομμάτι χαλασμένου εξοπλισμού εξόρυξης — στημένος κάτω στη σπηλιά μηδενικής βαρύτητας, και χρειάζεται επισκευές."
dialogue:1400,dialogue,,171,,"If you’re looking for a little last-minute zero-g practice, head down the lift and into the cave. Or don’t, so long as you’re confident you can make ship repairs in space.","Αν θέλεις λίγη τελευταία εξάσκηση στη μηδενική βαρύτητα, κατέβα με τον ανελκυστήρα και μπες στη σπηλιά. Ή μην κατέβεις, αρκεί να είσαι σίγουρος ότι μπορείς να κάνεις επισκευές σκάφους στο διάστημα."
dialogue:1401,dialogue,,36,,"One repaired ""satellite,"" coming up!","Ένας επισκευασμένος «δορυφόρος», έρχεται!"
dialogue:1402,dialogue,,33,,"Nah, I’m ready for the real deal.","Όχι, είμαι έτοιμος για τα αληθινά."
dialogue:1403,dialogue,,162,TAGS,"So listen, there’s a ""satellite"" — which is definitely <i>not</i> just a piece of broken mining equipment — set up down in the zero-g cave and in need of repairs.","Λοιπόν, άκου: υπάρχει ένας «δορυφόρος» — που σίγουρα <i>δεν</i> είναι απλώς ένα κομμάτι χαλασμένου εξοπλισμού εξόρυξης — στημένος κάτω στη σπηλιά μηδενικής βαρύτητας, και χρειάζεται επισκευές."
dialogue:1404,dialogue,,171,,"If you’re looking for a little last-minute zero-g practice, head down the lift and into the cave. Or don’t, so long as you’re confident you can make ship repairs in space.","Αν θέλεις λίγη τελευταία εξάσκηση στη μηδενική βαρύτητα, κατέβα με τον ανελκυστήρα και μπες στη σπηλιά. Ή μην κατέβεις, αρκεί να είσαι σίγουρος ότι μπορείς να κάνεις επισκευές σκάφους στο διάστημα."
dialogue:1405,dialogue,,36,,"One repaired ""satellite,"" coming up!","Ένας επισκευασμένος «δορυφόρος», έρχεται!"
dialogue:1406,dialogue,,33,,"Nah, I’m ready for the real deal.","Όχι, είμαι έτοιμος για τα αληθινά."
dialogue:1407,dialogue,,80,,"Cool. Get to it, and try not to concuss yourself right before your first launch.","Ωραία. Πιάσε δουλειά, και προσπάθησε να μην πάθεις διάσειση λίγο πριν την πρώτη σου εκτόξευση."
dialogue:1408,dialogue,,24,,Heh. Darn right you are.,Χεχ. Και βέβαια είσαι.
dialogue:1409,dialogue,,99,,"Don’t get yourself killed out there, you hear? Not after I’ve put this much work into training you.","Μη σκοτωθείς εκεί έξω, ακούς; Όχι μετά από τόση δουλειά που έριξα στην εκπαίδευσή σου."
dialogue:1410,dialogue,,51,,"...Haha, go on, go make Outer Wilds Ventures proud.","...Χαχα, άντε, πήγαινε να κάνεις την Outer Wilds Ventures περήφανη."
dialogue:1411,dialogue,,100,,"If you changed your mind about practicing ship repairs, head down the lift and into the zero-g cave.","Αν άλλαξες γνώμη για την εξάσκηση στις επισκευές, κατέβα με τον ανελκυστήρα στη σπηλιά μηδενικής βαρύτητας."
dialogue:1412,dialogue,,118,,"You just need to maneuver over to the ""satellite"" and repair each damaged area, same as you’ll be doing for your ship.","Απλώς πρέπει να πλησιάσεις τον «δορυφόρο» και να επισκευάσεις κάθε σημείο που έχει υποστεί ζημιά, ακριβώς όπως θα κάνεις και στο σκάφος σου."
dialogue:1413,dialogue,,65,,"What’s the holdup? That ""satellite"" isn’t going to repair itself.",Τι περιμένεις; Εκείνος ο «δορυφόρος» δεν πρόκειται να επισκευαστεί μόνος του.
dialogue:1414,dialogue,,118,,"You just need to maneuver over to the ""satellite"" and repair each damaged area, same as you’ll be doing for your ship.","Απλώς πρέπει να πλησιάσεις τον «δορυφόρο» και να επισκευάσεις κάθε σημείο που έχει υποστεί ζημιά, ακριβώς όπως θα κάνεις και στο σκάφος σου."
dialogue:1415,dialogue,,157,,"Nicely done! Of course, it’ll be a little more stressful when you’re hurtling through space, but just remember your training and try not to hit anything big.","Ωραία δουλειά! Βέβαια, θα έχει λίγο περισσότερο άγχος όταν εκσφενδονίζεσαι μέσα στο διάστημα, αλλά θυμήσου την εκπαίδευσή σου και προσπάθησε να μην τρακάρεις σε τίποτα μεγάλο."
dialogue:1416,dialogue,,145,TAGS,"I can see you’re itching to get off this rock, so go get the <color=orange>launch codes from the observatory</color> and get out of here already.","Βλέπω ότι ανυπομονείς να φύγεις από αυτόν τον βράχο, οπότε πήγαινε να πάρεις τους <color=orange>κωδικούς εκτόξευσης από το παρατηρητήριο</color> και φύγε επιτέλους."
dialogue:1417,dialogue,,127,,"Best of luck out there! And hey, try to avoid getting yourself killed now that I’ve put so much time into training you, got it?","Καλή τύχη εκεί έξω! Και άκου, προσπάθησε να μη σκοτωθείς, τώρα που έριξα τόσο χρόνο στην εκπαίδευσή σου, εντάξει;"
dialogue:1418,dialogue,,122,,"You’re back awfully soon. Everything alright? Slate didn’t do anything dumb like install a self-destruct button, did they?","Γύρισες πολύ γρήγορα. Όλα καλά; Ο Σλέιτ δεν έκανε καμιά βλακεία, όπως να εγκαταστήσει κουμπί αυτοκαταστροφής, έτσι;"
dialogue:1419,dialogue,,92,,"Oi, don’t forget to put on a suit! I don’t want to have to come fish you out of there again.","Ε, μην ξεχάσεις να φορέσεις στολή! Δεν θέλω να ξανάρθω να σε ψαρέψω από εκεί μέσα."
dialogue:1420,dialogue,,131,NL,Hey! Come say hi to your old flight coach before your launch. I’ve got zero-g training set up if you want a refresher.\\n\\n-Gossan,"Έλα να πεις ένα γεια στον παλιό σου εκπαιδευτή πτήσεων πριν την εκτόξευση. Έχω στήσει εκπαίδευση μηδενικής βαρύτητας, αν θέλεις να θυμηθείς τα βασικά.\\n\\n-Γκόσαν"
dialogue:1421,dialogue,,58,,"Hey, hey! So did you get a good look at that Nomai statue?","Έλα, έλα! Λοιπόν, το είδες καλά εκείνο το άγαλμα των Νομάι;"
dialogue:1422,dialogue,,44,,The statue looked at me and opened its eyes!,Το άγαλμα με κοίταξε και άνοιξε τα μάτια του!
dialogue:1423,dialogue,,44,,The statue was glowing! Why was it glowing?!,Το άγαλμα έλαμπε! Γιατί έλαμπε;!
dialogue:1424,dialogue,,46,TAGS,"Whoa, whoa — the statue was doing <i>what</i>?","Στάσου, στάσου — το άγαλμα έκανε <i>τι</i>;"
dialogue:1425,dialogue,,140,TAGS,"So its eyes opened, and then you saw images from your own memories and glowing lights flying around? You mean like <Pause/> a hallucination?","Δηλαδή άνοιξαν τα μάτια του, και μετά είδες εικόνες από τις δικές σου αναμνήσεις και φώτα να πετάνε γύρω; Εννοείς κάτι σαν <Pause/> παραίσθηση;"
dialogue:1426,dialogue,,88,,"Listen, no offense, but... are you sure you’re okay to launch? Like, medically speaking?","Άκου, μην παρεξηγηθείς, αλλά... είσαι σίγουρος ότι είσαι καλά για εκτόξευση; Ιατρικά, εννοώ."
dialogue:1427,dialogue,,36,,"You know what, don’t worry about it.",Ξέρεις κάτι; Ξέχνα το.
dialogue:1428,dialogue,,43,TAGS,"No, that statue is <i>definitely weird</i>.","Όχι, αυτό το άγαλμα είναι <i>σίγουρα περίεργο</i>."
dialogue:1429,dialogue,,144,,Maybe you should sit down for a bit and take it easy. I’d hate for anything bad to happen if you tried to launch while you’re not feeling great.,Ίσως πρέπει να καθίσεις λίγο και να το πάρεις ήρεμα. Θα ήταν κρίμα να συμβεί κάτι κακό αν προσπαθούσες να εκτοξευτείς ενώ δεν νιώθεις καλά.
dialogue:1430,dialogue,,188,TAGS,"But hey, when you <i>are</i> ready, then you can make the most of our translator tool! <color=grey>Sniff...</color><Pause/> I can’t believe it’s all grown up and leaving for space already.","Αλλά άκου, όταν <i>είσαι</i> έτοιμος, τότε θα αξιοποιήσεις στο έπακρο τον μεταφραστή μας! <color=grey>Σνιφ...</color><Pause/> Δεν το πιστεύω ότι μεγάλωσε και φεύγει για το διάστημα."
dialogue:1431,dialogue,,105,,"For real, though, I’m glad you’re the one carrying it and not, like, Riebeck. They’d fall on it for sure.","Σοβαρά πάντως, χαίρομαι που τον κουβαλάς εσύ και όχι, ξέρω ’γω, ο Ρίμπεκ. Σίγουρα θα έπεφτε πάνω του."
dialogue:1432,dialogue,,156,,"Say, if you want to do a short trip to just get your space legs under you, you could check out the ruins on the Attlerock! I’d love to learn what those are.","Λέω, αν θέλεις ένα σύντομο ταξίδι για να συνηθίσεις το διάστημα, θα μπορούσες να δεις τα ερείπια στο Άτλροκ! Θα ήθελα πολύ να μάθω τι είναι αυτά."
dialogue:1433,dialogue,,76,,"I mean, if you’re saying it happened, then... I guess maybe it did. But why?","Δηλαδή, αν λες ότι συνέβη, τότε... μάλλον συνέβη. Αλλά γιατί;"
dialogue:1434,dialogue,,104,,"Hornfels tried everything to get the statue’s eyes to open, and nothing like this ever happened to them.","Ο Χόρνφελς δοκίμασε τα πάντα για να ανοίξει τα μάτια του το άγαλμα, και ποτέ δεν του συνέβη κάτι τέτοιο."
dialogue:1435,dialogue,,162,,"I don’t think you’re going to get any answers from the museum statue, but Gabbro said they were going back to Giant’s Deep. Dunno which island they’re on, though.","Δεν νομίζω ότι θα πάρεις απαντήσεις από το άγαλμα του μουσείου, αλλά ο Γκάμπρο είπε ότι γύριζε στον Τζάιαντς Ντιπ. Δεν ξέρω σε ποιο νησί είναι, όμως."
dialogue:1436,dialogue,,156,TAGS,"Maybe they’d be able to tell you more? On the other hand, Gabbro’s, y’know, <i>Gabbro</i>, so maybe you’d be better off searching for more info on your own.","Ίσως αυτός να μπορεί να σου πει περισσότερα; Από την άλλη, ο Γκάμπρο είναι, ξέρεις, ο <i>Γκάμπρο</i>, οπότε ίσως είναι καλύτερα να ψάξεις μόνος σου για περισσότερες πληροφορίες."
dialogue:1437,dialogue,,148,TAGS,"...Geez, now I’m <i>really</i> jealous you’re going into space! Hey, see if you can use our translator tool to find out more about the statue, okay?","...Αμάν, τώρα σε ζηλεύω <i>πραγματικά</i> που πας στο διάστημα! Άκου, δες αν μπορείς να χρησιμοποιήσεις τον μεταφραστή μας για να μάθεις περισσότερα για το άγαλμα, εντάξει;"
dialogue:1438,dialogue,,27,,"Good luck, and safe flying!","Καλή τύχη, και καλές πτήσεις!"
dialogue:1439,dialogue,,10,,Hey again!,Έλα πάλι!
dialogue:1440,dialogue,,25,,Was there something else?,Ήθελες κάτι άλλο;
dialogue:1441,dialogue,,42,,Where on Giant’s Deep would I find Gabbro?,Πού στον Τζάιαντς Ντιπ θα βρω τον Γκάμπρο;
dialogue:1442,dialogue,,44,,Where’s the Nomai statue in the museum from?,Από πού είναι το άγαλμα των Νομάι στο μουσείο;
dialogue:1443,dialogue,,35,,Why did the Nomai make that statue?,Γιατί έφτιαξαν οι Νομάι εκείνο το άγαλμα;
dialogue:1444,dialogue,,47,,Wonder if I’ll discover anything cool in space.,Αναρωτιέμαι αν θα ανακαλύψω τίποτα ωραίο στο διάστημα.
dialogue:1445,dialogue,,14,,See you later.,Τα λέμε.
dialogue:1446,dialogue,,119,,"Gabbro said they were going back to Giant’s Deep to wherever they found that Nomai statue. One of the islands, I think.","Ο Γκάμπρο είπε ότι γύριζε στον Τζάιαντς Ντιπ, εκεί που βρήκε εκείνο το άγαλμα των Νομάι. Σε ένα από τα νησιά, νομίζω."
dialogue:1447,dialogue,,108,,"You remember Gabbro plays a flute, right? Like, all the time? I bet your signalscope could find them easily.","Θυμάσαι ότι ο Γκάμπρο παίζει φλάουτο, έτσι; Δηλαδή, συνέχεια; Βάζω στοίχημα ότι το σηματοσκόπιό σου θα τον βρει εύκολα."
dialogue:1448,dialogue,,36,,"If you do see Gabbro, say hi for me!","Αν δεις τον Γκάμπρο, πες του ένα γεια από μένα!"
dialogue:1449,dialogue,,89,,From Giant’s Deep! Gabbro fished it out of the oceans and brought it back here for study.,Από τον Τζάιαντς Ντιπ! Ο Γκάμπρο το ψάρεψε από τους ωκεανούς και το έφερε εδώ για μελέτη.
dialogue:1450,dialogue,,123,TAGS,"Hornfels doesn’t know much about it yet, just that it’s <i>crazy</i> old and super tough. I wonder why the Nomai carved it?","Ο Χόρνφελς δεν ξέρει ακόμη πολλά γι’ αυτό, μόνο ότι είναι <i>τρελά</i> παλιό και πολύ ανθεκτικό. Αναρωτιέμαι γιατί το σκάλισαν οι Νομάι."
dialogue:1451,dialogue,,122,,"Apparently, Gabbro went back to Giant’s Deep to try to learn more about the statue. Maybe they’ll find some answers there.","Απ’ ό,τι φαίνεται, ο Γκάμπρο γύρισε στον Τζάιαντς Ντιπ για να μάθει περισσότερα για το άγαλμα. Ίσως βρει κάποιες απαντήσεις εκεί."
dialogue:1452,dialogue,,119,,Good question! You know how Gabbro knocked a fragment off the statue while they were hauling it back from Giant's Deep?,Καλή ερώτηση! Ξέρεις που ο Γκάμπρο έσπασε ένα θραύσμα από το άγαλμα ενώ το κουβαλούσε πίσω από τον Τζάιαντς Ντιπ;
dialogue:1453,dialogue,,159,,Hornfels analyzed the fragment and figured out the stone it's made from can store information — I heard Slate ended up repurposing it for your ship’s computer.,Ο Χόρνφελς ανέλυσε το θραύσμα και κατάλαβε ότι η πέτρα από την οποία είναι φτιαγμένο μπορεί να αποθηκεύει πληροφορίες — άκουσα ότι ο Σλέιτ τελικά το αξιοποίησε για τον υπολογιστή του σκάφους σου.
dialogue:1454,dialogue,,130,,"I’m not sure what the statue opening its eyes has to do with anything, but maybe the statue was made for storing information, too?","Δεν είμαι σίγουρος τι σχέση έχει το ότι άνοιξε τα μάτια του το άγαλμα, αλλά ίσως το άγαλμα να φτιάχτηκε κι αυτό για αποθήκευση πληροφοριών;"
dialogue:1455,dialogue,,79,,"Hey, you never know — maybe you’ll be the one to uncover the Nomai’s mysteries!","Έλα, ποτέ δεν ξέρεις — ίσως εσύ να αποκαλύψεις τα μυστήρια των Νομάι!"
dialogue:1456,dialogue,,57,,Or maybe you’ll discover a new kind of rock or something.,Ή ίσως ανακαλύψεις ένα νέο είδος πετρώματος ή κάτι τέτοιο.
dialogue:1457,dialogue,,120,,"But honestly, as long as they don’t end up naming new safety equipment after you, I’m sure you’ll have done a great job.","Αλλά ειλικρινά, αρκεί να μη δώσουν το όνομά σου σε κάποιον καινούριο εξοπλισμό ασφαλείας, και είμαι σίγουρος ότι θα έχεις κάνει σπουδαία δουλειά."
dialogue:1458,dialogue,,30,,Be careful out there in space!,Πρόσεχε εκεί έξω στο διάστημα!
dialogue:1459,dialogue,,4,,Marl,Μαρλ
dialogue:1460,dialogue,,49,,"So it’s launch day, huh? Hal’s going to miss you.","Ώστε είναι μέρα εκτόξευσης, ε; Θα σου λείψει του Χαλ."
dialogue:1461,dialogue,,164,,"Speaking of launch day... I was thinking about it, and the platform those ships launch from is getting old. Isn’t it about time you built a new, less flammable one?","Μιλώντας για τη μέρα της εκτόξευσης... το σκεφτόμουν, και η πλατφόρμα από την οποία εκτοξεύονται τα σκάφη παλιώνει. Δεν είναι καιρός να χτίσετε μια καινούρια, λιγότερο εύφλεκτη;"
dialogue:1462,dialogue,,123,,That big tree in the village would be the perfect choice. I wouldn’t mind helping out the space program. Just say the word!,Εκείνο το μεγάλο δέντρο στο χωριό θα ήταν τέλεια επιλογή. Δεν θα με πείραζε να βοηθήσω το διαστημικό πρόγραμμα. Μια κουβέντα να μου πεις!
dialogue:1463,dialogue,,39,,"The current launch pad is fine, thanks.","Η τωρινή εξέδρα εκτόξευσης είναι μια χαρά, ευχαριστώ."
dialogue:1464,dialogue,,52,,Nice try. We all know you have it out for that tree.,Ωραία προσπάθεια. Όλοι ξέρουμε ότι το ’χεις βάλει σκοπό μ’ εκείνο το δέντρο.
dialogue:1465,dialogue,,29,,The launch pad is FLAMMABLE?!,Η εξέδρα εκτόξευσης είναι ΕΥΦΛΕΚΤΗ;!
dialogue:1466,dialogue,,17,,Oh. Really? Dang.,Α. Αλήθεια; Κρίμα.
dialogue:1467,dialogue,,71,,"Well, maybe someone needs a new porch or something. <Pause />A big one.","Ε, ίσως κάποιος να χρειάζεται καινούρια βεράντα ή κάτι τέτοιο. <Pause />Μια μεγάλη."
dialogue:1468,dialogue,,101,,"What? No, I just think it’s in the way and someone ought to chop it down, you know? Specifically, me.","Τι; Όχι, απλώς νομίζω ότι είναι στη μέση και κάποιος πρέπει να το κόψει, ξέρεις; Συγκεκριμένα, εγώ."
dialogue:1469,dialogue,,155,,"...Haha, you think this has to do with the time I fell out of it and broke my arm? That was when we were hatchlings! Who would hold a grudge for that long?","...Χαχα, νομίζεις ότι αυτό έχει σχέση με τότε που έπεσα από πάνω του και έσπασα το χέρι μου; Ήμασταν μικρά τότε! Ποιος θα κρατούσε κακία τόσο καιρό;"
dialogue:1470,dialogue,,28,,Ha! You didn’t realize that?,Χα! Δεν το είχες καταλάβει;
dialogue:1471,dialogue,,100,,"Don’t worry, it’s held up for all the launches so far. It’ll definitely be fine for yours. Probably.","Μην ανησυχείς, άντεξε σε όλες τις εκτοξεύσεις μέχρι τώρα. Σίγουρα θα είναι μια χαρά και για τη δική σου. Μάλλον."
dialogue:1472,dialogue,,49,,"If you swing by the moon, say hi to Esker for me.","Αν περάσεις από το φεγγάρι, πες ένα γεια στον Έσκερ από μένα."
dialogue:1473,dialogue,,31,,...That tree has got it coming.,...Εκείνο το δέντρο θα τη βρει.
dialogue:1474,dialogue,,68,,What are you doing back? Did you forget your spacesuit or something?,Τι γυρεύεις πίσω; Ξέχασες τη στολή σου ή κάτι τέτοιο;
dialogue:1475,dialogue,,6,,Porphy,Πόρφι
dialogue:1476,dialogue,,16,,"Heyo, hatchling!","Γεια σου, μικρούλη!"
dialogue:1477,dialogue,,140,,"I hear you’re leaving us to seek adventure amongst the stars. When you return, let’s you, me, and Gossan open up a bottle of the Good Stuff.","Άκουσα ότι μας αφήνεις για να ψάξεις περιπέτεια ανάμεσα στα αστέρια. Όταν γυρίσεις, ας ανοίξουμε ένα μπουκάλι από το Καλό Πράμα, εσύ, εγώ κι ο Γκόσαν."
dialogue:1478,dialogue,,84,,"I’m only seeking adventure amongst one star, actually. Other stars are too far away.",Βασικά ψάχνω περιπέτεια γύρω από ένα μόνο αστέρι. Τα άλλα αστέρια είναι πολύ μακριά.
dialogue:1479,dialogue,,84,,"The Good Stuff is less ""delicious sap wine"" and more ""daunting digestive challenge.""",Το Καλό Πράμα είναι λιγότερο «νόστιμο κρασί από χυμό δέντρου» και περισσότερο «τρομακτική πεπτική δοκιμασία».
dialogue:1480,dialogue,,59,,Another metaphor ruined in the name of scientific accuracy.,Άλλη μια μεταφορά κατεστραμμένη στο όνομα της επιστημονικής ακρίβειας.
dialogue:1481,dialogue,,58,,"Nevertheless, I do hope you enjoy your travels. Good luck!","Παρ’ όλα αυτά, ελπίζω να απολαύσεις τα ταξίδια σου. Καλή τύχη!"
dialogue:1482,dialogue,,59,,"An iron stomach is the mark of a true Hearthian, my friend.","Το σιδερένιο στομάχι είναι το σήμα κατατεθέν του αληθινού Χάρθιαν, φίλε μου."
dialogue:1483,dialogue,,130,,Our hardy hunter-gatherer lifestyle stems from trial and error. By which I mean our ancestors survived eating a lot of bad things.,Ο σκληραγωγημένος τρόπος ζωής μας ως κυνηγοί-τροφοσυλλέκτες προέκυψε από δοκιμή και λάθος. Εννοώ ότι οι πρόγονοί μας επέζησαν τρώγοντας πολλά χαλασμένα πράγματα.
dialogue:1484,dialogue,,26,,"Ho, the astronaut returns!","Ώπα, ο αστροναύτης επιστρέφει!"
dialogue:1485,dialogue,,31,,"Tell me, what I can do for you?","Πες μου, τι μπορώ να κάνω για σένα;"
dialogue:1486,dialogue,,13,,Any new dirt?,Τίποτα νέα;
dialogue:1487,dialogue,,19,,What are you up to?,Τι κάνεις;
dialogue:1488,dialogue,,19,,"I’m good, actually.","Εντάξει είμαι, βασικά."
dialogue:1489,dialogue,,136,,"I’m hoping to teach Esker to tap trees next time they return from the Attlerock. If they’ll bring me lunar sap, I can attempt moon wine!","Ελπίζω να μάθω στον Έσκερ πώς να παίρνει χυμό από τα δέντρα την επόμενη φορά που θα γυρίσει από το Άτλροκ. Αν μου φέρει σεληνιακό χυμό, μπορώ να δοκιμάσω σεληνιακό κρασί!"
dialogue:1490,dialogue,,144,,"I’ve just finished sealing up another batch of sap wine for aging. I like to begin aging a batch on the day of a significant occasion, you know!","Μόλις σφράγισα άλλη μια παρτίδα κρασιού για παλαίωση. Μου αρέσει να ξεκινώ την παλαίωση μιας παρτίδας τη μέρα κάποιου σημαντικού γεγονότος, ξέρεις!"
dialogue:1491,dialogue,,84,,"That’s why there are so many bottles labeled ""structural collapse"" and ""house fire.""",Γι’ αυτό υπάρχουν τόσα μπουκάλια με ετικέτες «δομική κατάρρευση» και «πυρκαγιά σε σπίτι».
dialogue:1492,dialogue,,19,,Enjoy your travels!,Απόλαυσε τα ταξίδια σου!
dialogue:1493,dialogue,,92,,"Oh my, and here I thought I’d heard your ship take off. Was your adventure only a short one?","Πω πω, κι εγώ που νόμιζα ότι άκουσα το σκάφος σου να απογειώνεται. Ήταν τόσο σύντομη η περιπέτειά σου;"
dialogue:1494,dialogue,,100,TAGS,"Okay, wow. <i>Wow.</i> I’ve seen this ruin in other travelers’ pictures, but seeing it for myself...","Εντάξει, πω πω. <i>Πω πω.</i> Έχω δει αυτό το ερείπιο σε φωτογραφίες άλλων ταξιδιωτών, αλλά το να το βλέπω ο ίδιος..."
dialogue:1495,dialogue,,42,TAGS,"It’s <Pause=1><i>really</i> old, isn’t it?","Είναι <Pause=1><i>πολύ</i> παλιό, έτσι;"
dialogue:1496,dialogue,,87,,"But wow, this is the coolest day of my life. ...Okay, um, time for some official notes!","Αλλά πω πω, αυτή είναι η πιο τέλεια μέρα της ζωής μου. ...Εντάξει, εμ, ώρα για μερικές επίσημες σημειώσεις!"
dialogue:1497,dialogue,,235,,"So this is some kind of Nomai ""locator."" It can point out the different planets - which is incredibly cool, by the way - but from what little I can understand of the writing here, I think it was built to try to find something specific?","Λοιπόν, αυτό είναι κάποιου είδους νομαϊκός «εντοπιστής». Μπορεί να δείχνει τους διάφορους πλανήτες - που είναι απίστευτα τέλειο, παρεμπιπτόντως - αλλά από τα λίγα που καταλαβαίνω από τη γραφή εδώ, νομίζω ότι χτίστηκε για να προσπαθήσει να βρει κάτι συγκεκριμένο;"
dialogue:1498,dialogue,,138,,"I’m not sure. I also was able to translate something about the south pole of Brittle Hollow, so I’ll fly there to see if I can learn more.","Δεν είμαι σίγουρος. Κατάφερα επίσης να μεταφράσω κάτι για τον νότιο πόλο του Μπριτλ Χόλοου, οπότε θα πετάξω εκεί να δω αν μπορώ να μάθω περισσότερα."
dialogue:1499,dialogue,,118,TAGS,"Yep. Just gonna get back in the ol’ ship and take off. Totally safe... Mostly safe. <size=20>Oh, stars above</size>...","Ναι. Απλώς θα μπω πάλι στο παλιό μου σκάφος και θα απογειωθώ. Εντελώς ασφαλές... Ως επί το πλείστον ασφαλές. <size=20>Ω, αστέρια μου</size>..."
dialogue:1500,dialogue,,188,,"The journey here from the south pole has been, um... I’m going to go with ""harrowing,"" because of the, um, all of the meteors. But hey, at least I made it here unconcussed and not on fire!","Το ταξίδι ως εδώ από τον νότιο πόλο ήταν, εμ... θα το πω «φρικτό», εξαιτίας των, εμ, όλων αυτών των μετεωριτών. Αλλά τουλάχιστον έφτασα εδώ χωρίς διάσειση και χωρίς να έχω πάρει φωτιά!"
dialogue:1501,dialogue,,177,,"Okay, let’s see... I poked around a little, and there’s some sort of old Nomai path that starts across from my campsite, inside the ruined building with trees growing out of it.","Εντάξει, για να δούμε... Έψαξα λιγάκι, και υπάρχει κάποιου είδους παλιό νομαϊκό μονοπάτι που ξεκινά απέναντι από την κατασκήνωσή μου, μέσα στο ερειπωμένο κτίριο με τα δέντρα να ξεπροβάλλουν από μέσα του."
dialogue:1502,dialogue,,163,,"Doesn’t look like anything horrible - just stairs leading down. I can handle stairs! After I get my supplies together, I’ll follow the path and see where it leads.","Δεν φαίνεται τίποτα φρικτό - απλώς σκαλιά που κατεβαίνουν. Τα σκαλιά τα αντέχω! Αφού μαζέψω τα εφόδιά μου, θα ακολουθήσω το μονοπάτι να δω πού οδηγεί."
dialogue:1503,dialogue,,172,TAGS,"Hurgh. Well. That was... deeply unpleasant. I made it this far, though. Guess that’s the part to focus on, and not how I’ll eventually have to get back <i>up</i> that path.","Ουφ. Λοιπόν. Αυτό ήταν... βαθιά δυσάρεστο. Πάντως έφτασα ως εδώ. Μάλλον σε αυτό πρέπει να επικεντρωθώ, και όχι στο ότι κάποια στιγμή θα πρέπει να ανέβω <i>πάλι</i> αυτό το μονοπάτι."
dialogue:1504,dialogue,,154,TAGS,"But wow, this place sure is something! Looks like the Hanging City is north from here. And east is a gravity cannon! I <i>definitely</i> want to see that.","Αλλά πω πω, αυτό το μέρος είναι κάτι άλλο! Φαίνεται ότι η Κρεμαστή Πόλη είναι βόρεια από εδώ. Και ανατολικά υπάρχει ένα κανόνι βαρύτητας! Αυτό <i>σίγουρα</i> θέλω να το δω."
dialogue:1505,dialogue,,166,,"And another thing - I’m detecting oxygen from somewhere below. Which is good, since I, uh, used up a lot of my supply screaming during the trip down from the surface.","Και κάτι ακόμη - ανιχνεύω οξυγόνο από κάπου πιο κάτω. Ευτυχώς, γιατί, εμ, ξόδεψα αρκετό από το απόθεμά μου ουρλιάζοντας στη διαδρομή προς τα κάτω."
dialogue:1506,dialogue,,92,,"As soon as I stop dry heaving, I’m going to head farther down below so I can refill my tank.","Μόλις σταματήσω να έχω αναγούλες, θα κατέβω πιο κάτω για να ξαναγεμίσω τη δεξαμενή μου."
dialogue:1507,dialogue,,166,,"At first I thought this was an old Nomai settlement, but on closer inspection, I don’t think anyone ever lived here. These buildings are atypical for Nomai dwellings.","Στην αρχή νόμιζα ότι ήταν παλιός νομαϊκός οικισμός, αλλά κοιτώντας πιο προσεκτικά, δεν νομίζω ότι έζησε ποτέ κανείς εδώ. Αυτά τα κτίρια είναι άτυπα για νομαϊκές κατοικίες."
dialogue:1508,dialogue,,196,,"My best guess? This could be where the Nomai made gravity crystals. We know they mined raw from material from below the crust on Brittle Hollow, then refined that material to produce the crystals.",Η καλύτερή μου εικασία; Εδώ ίσως έφτιαχναν οι Νομάι τους κρυστάλλους βαρύτητας. Ξέρουμε ότι εξόρυσσαν ακατέργαστο υλικό κάτω από τον φλοιό του Μπριτλ Χόλοου και μετά το επεξεργάζονταν για να παράγουν τους κρυστάλλους.
dialogue:1509,dialogue,,214,,"Gravity crystals produce a local gravity distortion that affects the area around them, up to a certain radius. They’re very clever! Nomai used them to anchor themselves to surfaces they might want to traverse down.","Οι κρύσταλλοι βαρύτητας παράγουν μια τοπική παραμόρφωση της βαρύτητας που επηρεάζει τον χώρο γύρω τους, ως μια ορισμένη ακτίνα. Είναι πολύ έξυπνοι! Οι Νομάι τους χρησιμοποιούσαν για να αγκυρώνονται σε επιφάνειες που ήθελαν να διασχίσουν."
dialogue:1510,dialogue,,149,,"We Hearthians have borrowed their technology in our ships, where gravity crystals keep astronauts anchored to just one flat plane (thank the stars!).","Εμείς οι Χάρθιαν δανειστήκαμε την τεχνολογία τους για τα σκάφη μας, όπου οι κρύσταλλοι βαρύτητας κρατούν τους αστροναύτες αγκυρωμένους σε ένα μόνο επίπεδο (δόξα στ’ άστρα!)."
dialogue:1511,dialogue,,47,,I’m here! I did it! I put the ship down safely!,Έφτασα! Τα κατάφερα! Προσγείωσα το σκάφος με ασφάλεια!
dialogue:1512,dialogue,,137,,"Um, in that the ship went down, and I didn’t sustain bodily harm. A few minor repairs, and it’s like the ship never even hit those rocks!","Εμ, με την έννοια ότι το σκάφος κατέβηκε κι εγώ δεν τραυματίστηκα. Λίγες μικροεπισκευές, και είναι σαν να μη χτύπησε ποτέ σε εκείνους τους βράχους!"
dialogue:1513,dialogue,,75,,"One of my better attempts. Feldspar would barely have laughed at me, I bet.","Μια από τις καλύτερές μου προσπάθειες. Ο Φέλντσπαρ μόλις που θα γελούσε μαζί μου, βάζω στοίχημα."
dialogue:1514,dialogue,,243,,"That’s the good news. The bad news... I, uh, haven’t found a way inside this structure yet. The door is broken, and I know I’m not great at exploring, but I think I would have found a different entrance by now if there were one. P... probably.","Αυτά είναι τα καλά νέα. Τα κακά... εμ, δεν έχω βρει ακόμη τρόπο να μπω σε αυτή την κατασκευή. Η πόρτα είναι χαλασμένη, και ξέρω ότι δεν είμαι σπουδαίος στην εξερεύνηση, αλλά νομίζω ότι θα είχα βρει άλλη είσοδο μέχρι τώρα, αν υπήρχε."
dialogue:1515,dialogue,,161,TAGS,"I can’t get inside from <i>here</i>, but I know there are paths below the surface. I’m going to head north to the ruins on the equator to try to find a way down.","Δεν μπορώ να μπω από <i>εδώ</i>, αλλά ξέρω ότι υπάρχουν μονοπάτια κάτω από την επιφάνεια. Θα τραβήξω βόρεια, προς τα ερείπια στον ισημερινό, να δω αν βρω τρόπο να κατέβω."
dialogue:1516,dialogue,,6,,Rutile,Ρούταϊλ
dialogue:1517,dialogue,,48,,"You’re actually blasting off in that thing, huh?","Θα απογειωθείς αλήθεια μ’ αυτό το πράγμα, ε;"
dialogue:1518,dialogue,,43,,They really don’t explode as often anymore.,Πραγματικά δεν εκρήγνυνται πια τόσο συχνά.
dialogue:1519,dialogue,,58,,I’m told my odds of survival are statistically quite high.,Μου λένε ότι οι πιθανότητες επιβίωσής μου είναι στατιστικά αρκετά υψηλές.
dialogue:1520,dialogue,,135,,"All I know is between the space program and Mica’s model rockets, things seem to burn to the ground around here more than they used to.","Εγώ ξέρω μόνο ότι ανάμεσα στο διαστημικό πρόγραμμα και στους πυραύλους-μοντέλα της Μάικα, τα πράγματα καίγονται εδώ γύρω πιο συχνά απ’ ό,τι παλιά."
dialogue:1521,dialogue,,134,,"Yeah, the space program’s certainly come a long way. I should probably thank you for causing fewer flash fires than your predecessors.","Ναι, το διαστημικό πρόγραμμα έχει σίγουρα προχωρήσει πολύ. Μάλλον πρέπει να σε ευχαριστήσω που προκαλείς λιγότερες πυρκαγιές από τους προκατόχους σου."
dialogue:1522,dialogue,,47,,"By the way, good luck with those retro rockets.","Παρεμπιπτόντως, καλή τύχη με εκείνους τους ανασχετικούς πυραύλους."
dialogue:1523,dialogue,,27,,"Hey, what can I do for you?","Έλα, τι μπορώ να κάνω για σένα;"
dialogue:1524,dialogue,,50,,Marl is plotting to cut down that big tree. Again.,Ο Μαρλ σχεδιάζει να κόψει εκείνο το μεγάλο δέντρο. Ξανά.
dialogue:1525,dialogue,,34,,Are you going to watch the launch?,Θα δεις την εκτόξευση;
dialogue:1526,dialogue,,70,,Do you really worry that the space program will burn the village down?,Ανησυχείς πραγματικά ότι το διαστημικό πρόγραμμα θα κάψει το χωριό;
dialogue:1527,dialogue,,9,,I’m good.,Εντάξει είμαι.
dialogue:1528,dialogue,,60,,Sigh... I suppose it’s my duty as mayor to stop them. Again.,Αχ... Υποθέτω ότι είναι καθήκον μου ως δήμαρχος να τον σταματήσω. Ξανά.
dialogue:1529,dialogue,,115,,"When Marl fell out of that tree and broke their arm, I suspect they might have also hit their head on the way down.","Όταν ο Μαρλ έπεσε από εκείνο το δέντρο και έσπασε το χέρι του, υποψιάζομαι ότι μπορεί να χτύπησε και το κεφάλι του στην πτώση."
dialogue:1530,dialogue,,43,,Only constantly. You learn to live with it.,"Συνέχεια, μόνο. Μαθαίνεις να ζεις με αυτό."
dialogue:1531,dialogue,,78,,"You also learn to sleep with a bucket of water next to your bed, just in case.","Μαθαίνεις επίσης να κοιμάσαι με έναν κουβά νερό δίπλα στο κρεβάτι σου, καλού κακού."
dialogue:1532,dialogue,,10,,Of course!,Και βέβαια!
dialogue:1533,dialogue,,121,,"I’ll be watching from a safe distance, obviously, and mostly to make sure nothing catches fire. But watching nonetheless.","Θα παρακολουθώ από ασφαλή απόσταση, προφανώς, και κυρίως για να βεβαιωθώ ότι δεν θα πάρει τίποτα φωτιά. Αλλά θα παρακολουθώ."
dialogue:1534,dialogue,,16,,Glad to hear it.,Χαίρομαι που το ακούω.
dialogue:1535,dialogue,,38,,You’re back already? Is everything OK?,Γύρισες κιόλας; Όλα καλά;
dialogue:1536,dialogue,,17,,East: Nomai Ruins,Ανατολικά: Νομαϊκά Ερείπια
dialogue:1537,dialogue,,23,,North: Youngbark Crater,Βόρεια: Κρατήρας Νεαρού Φλοιού
dialogue:1538,dialogue,,27,,Northwest: Geyser Mountains,Βορειοδυτικά: Βουνά των Πιδάκων
dialogue:1539,dialogue,,27,,South: Quantum Grove Crater,Νότια: Κρατήρας του Κβαντικού Άλσους
dialogue:1540,dialogue,,6,,Spinel,Σπινέλ
dialogue:1541,dialogue,,63,,"Fishing rhyme, fishing rhyme... Singing helps me pass the time.","Ρίμα του ψαρέματος, ρίμα του ψαρέματος... Το τραγούδι μού περνάει την ώρα."
dialogue:1542,dialogue,,96,,You’re leaving the crater? Guess we’ll all be a little busier without you around to lend a hand.,Φεύγεις από τον κρατήρα; Μάλλον θα έχουμε όλοι λίγη περισσότερη δουλειά χωρίς εσένα να βάζεις ένα χεράκι.
dialogue:1543,dialogue,,58,,"That big water planet, Giant’s Deep - that’s where I’d go.","Εκείνος ο μεγάλος υδάτινος πλανήτης, ο Τζάιαντς Ντιπ - εκεί θα πήγαινα εγώ."
dialogue:1544,dialogue,,11,,Why’s that?,Γιατί;
dialogue:1545,dialogue,,24,,I need to find Hornfels.,Πρέπει να βρω τον Χόρνφελς.
dialogue:1546,dialogue,,74,,Did you try the observatory? I’ve literally never seen them anywhere else.,Δοκίμασες το παρατηρητήριο; Κυριολεκτικά δεν τον έχω δει ποτέ πουθενά αλλού.
dialogue:1547,dialogue,,171,,"One time, after the rest of the village had left to sleep and it was just the two of us sitting around the campfire, Gabbro told me about their first trip to Giant’s Deep.","Μια φορά, αφού το υπόλοιπο χωριό είχε πάει για ύπνο κι είχαμε μείνει μόνο εμείς οι δυο γύρω από τη φωτιά, ο Γκάμπρο μού μίλησε για το πρώτο του ταξίδι στον Τζάιαντς Ντιπ."
dialogue:1548,dialogue,,139,,"They landed their ship easily enough in the waves, but couldn’t see too far down, on account of how murky the water was, I guess. Too dark.","Προσγείωσε το σκάφος του αρκετά εύκολα στα κύματα, αλλά δεν έβλεπε πολύ βαθιά, μάλλον επειδή το νερό ήταν θολό. Πολύ σκοτεινό."
dialogue:1549,dialogue,,115,,"Gabbro wants to see what lay beneath the surface, so they decided to travel deeper. They traveled down, and down...","Ο Γκάμπρο ήθελε να δει τι κρυβόταν κάτω από την επιφάνεια, οπότε αποφάσισε να κατέβει βαθύτερα. Κατέβαινε και κατέβαινε..."
dialogue:1550,dialogue,,45,,"But suddenly, Gabbro couldn’t go any further.","Και ξαφνικά, ο Γκάμπρο δεν μπορούσε να προχωρήσει άλλο."
dialogue:1551,dialogue,,13,,Tell me more.,Πες μου περισσότερα.
dialogue:1552,dialogue,,56,,"Yeah, Giant’s Deep has a current you can’t pass through.","Ναι, ο Τζάιαντς Ντιπ έχει ένα ρεύμα που δεν μπορείς να περάσεις."
dialogue:1553,dialogue,,51,,I underestimated how boring this would be. Goodbye.,Υποτίμησα πόσο βαρετό θα ήταν αυτό. Γεια σου.
dialogue:1554,dialogue,,47,,...You always were my least favorite astronaut.,...Πάντα ήσουν ο λιγότερο αγαπημένος μου αστροναύτης.
dialogue:1555,dialogue,,40,,"I will, I was just pausing dramatically.","Θα σου πω, απλώς έκανα δραματική παύση."
dialogue:1556,dialogue,,56,,"Sure, okay, but shut up a minute. This is the good part.","Ναι, εντάξει, αλλά σκάσε ένα λεπτό. Εδώ είναι το καλό σημείο."
dialogue:1557,dialogue,,175,,"As though exercising a will of its own, the water was refusing to let Gabbro go any deeper. It held Gabbro back. ...Almost as if it were trying to protect them from something.","Σαν να είχε δική του θέληση, το νερό αρνιόταν να αφήσει τον Γκάμπρο να κατέβει πιο βαθιά. Τον κρατούσε πίσω. ...Σχεδόν σαν να προσπαθούσε να τον προστατέψει από κάτι."
dialogue:1558,dialogue,,53,,"And then, in the terrible darkness, Gabbro saw it...!","Και τότε, μέσα στο τρομερό σκοτάδι, ο Γκάμπρο το είδε...!"
dialogue:1559,dialogue,,35,,The tentacle of some hideous beast!,Το πλοκάμι κάποιου φρικτού θηρίου!
dialogue:1560,dialogue,,5,,AHHH!,ΑΑΑΧ!
dialogue:1561,dialogue,,17,,Is that all true?,Είναι όλα αυτά αλήθεια;
dialogue:1562,dialogue,,62,,...Was there sap wine involved during Gabbro’s campfire story?,...Υπήρχε κρασί στη μέση όταν ο Γκάμπρο έλεγε αυτή την ιστορία;
dialogue:1563,dialogue,,92,,"I mean, that’s what Gabbro said, anyway. Whatever it was, it freaked Gabbro out pretty good.","Δηλαδή, αυτό είπε ο Γκάμπρο, τέλος πάντων. Ό,τι κι αν ήταν, τον τρόμαξε για τα καλά."
dialogue:1564,dialogue,,109,,"Everyone wants to hear new stories at the village campfire, you know. Make sure you bring some back with you!","Όλοι θέλουν να ακούν καινούριες ιστορίες στη φωτιά του χωριού, ξέρεις. Φρόντισε να φέρεις κι εσύ μερικές!"
dialogue:1565,dialogue,,119,,"Heard it from Gabbro themself! Gabbro can be a little fanciful, sure, but they aren’t a liar. I mean, probably, anyway.","Το άκουσα από τον ίδιο τον Γκάμπρο! Ο Γκάμπρο μπορεί να τα παραλέει λίγο, σίγουρα, αλλά δεν είναι ψεύτης. Δηλαδή, μάλλον όχι, τέλος πάντων."
dialogue:1566,dialogue,,99,,"I guess if you want to know if the story’s entirely true, you can go see Giant’s Deep for yourself!","Υποθέτω ότι αν θέλεις να μάθεις αν η ιστορία είναι εντελώς αληθινή, μπορείς να πας να δεις τον Τζάιαντς Ντιπ ο ίδιος!"
dialogue:1567,dialogue,,86,,"Come to think of it, don’t you have somewhere you should be exploring that isn’t here?","Τώρα που το σκέφτομαι, δεν έχεις κάπου αλλού να εξερευνήσεις, εκτός από εδώ;"
dialogue:1568,dialogue,,61,,"Fishing song, fishing song... Geez, I think my bait is wrong.","Τραγούδι του ψαρέματος, τραγούδι του ψαρέματος... Αμάν, νομίζω ότι το δόλωμά μου είναι λάθος."
dialogue:1569,dialogue,,19,,What are you up to?,Τι κάνεις;
dialogue:1570,dialogue,,25,,I’m looking for Hornfels.,Ψάχνω τον Χόρνφελς.
dialogue:1571,dialogue,,8,,Nothing.,Τίποτα.
dialogue:1572,dialogue,,58,,"Oh, them? I’d bet today’s haul they’re in the observatory.","Α, αυτόν; Θα στοιχημάτιζα τη σημερινή μου ψαριά ότι είναι στο παρατηρητήριο."
dialogue:1573,dialogue,,129,TAGS,"Not that I’ve caught anything yet, but if I had, I’d definitely bet it. Hornfels is pretty much <i>always</i> in the observatory.","Όχι ότι έχω πιάσει τίποτα ακόμη, αλλά αν είχα, σίγουρα θα το στοιχημάτιζα. Ο Χόρνφελς είναι <i>πάντα</i> στο παρατηρητήριο."
dialogue:1574,dialogue,,52,,That’s nice. I’m planning to do a lot of that later.,Ωραία. Σχεδιάζω να κάνω κι εγώ πολύ από αυτό αργότερα.
dialogue:1575,dialogue,,67,,"You can go away now, assuming you’re done scaring off all the fish.","Μπορείς να φύγεις τώρα, αν τελείωσες με το να τρομάζεις όλα τα ψάρια."
dialogue:1576,dialogue,,93,,"Listen, go to space or stay here, but pick one or the other! You’re scaring off all the fish.","Άκου, πήγαινε στο διάστημα ή μείνε εδώ, αλλά διάλεξε ένα από τα δύο! Τρομάζεις όλα τα ψάρια."
dialogue:1577,dialogue,,81,,"Fishing tune, fishing tune... uh... yeah, I didn’t think this one through at all.","Σκοπός του ψαρέματος, σκοπός του ψαρέματος... εμ... ναι, αυτόν δεν τον σκέφτηκα καθόλου."
dialogue:1578,dialogue,,7,,Tektite,Τέκτιτ
dialogue:1579,dialogue,,111,,"Heyo, hatchling! Thought you were taking that tin can of yours into space today - what’re you still doing here?","Γεια σου, μικρούλη! Νόμιζα ότι σήμερα θα έπαιρνες εκείνο το τενεκεδάκι σου στο διάστημα - τι κάνεις ακόμη εδώ;"
dialogue:1580,dialogue,,182,,"Me? I saw something crash over the horizon and didn’t like what I was seeing in the pictures my Little Scout was sending back, so I thought I’d come over here myself and take a look.","Εγώ; Είδα κάτι να πέφτει πέρα από τον ορίζοντα και δεν μου άρεσε αυτό που έβλεπα στις φωτογραφίες που μου έστελνε ο Μικρός μου Ανιχνευτής, οπότε είπα να έρθω κι εγώ να ρίξω μια ματιά."
dialogue:1581,dialogue,,16,,So what crashed?,Τι έπεσε λοιπόν;
dialogue:1582,dialogue,,28,,Is that a Dark Bramble seed?,Είναι σπόρος του Νταρκ Μπραμπλ αυτό;
dialogue:1583,dialogue,,105,,"You again, eh, hatchling? Thought I heard you lift off earlier. What’re you still doing on Timber Hearth?","Πάλι εσύ, ε, μικρούλη; Νόμιζα ότι σε άκουσα να απογειώνεσαι νωρίτερα. Τι κάνεις ακόμη στο Τίμπερ Χαρθ;"
dialogue:1584,dialogue,,101,,"Me? I’m out here to see what it was I saw crash over this way. That, and make sure nothing’s on fire.","Εγώ; Ήρθα εδώ να δω τι ήταν αυτό που είδα να πέφτει από αυτή τη μεριά. Αυτό, και να βεβαιωθώ ότι δεν καίγεται τίποτα."
dialogue:1585,dialogue,,16,,So what crashed?,Τι έπεσε λοιπόν;
dialogue:1586,dialogue,,28,,Is that a Dark Bramble seed?,Είναι σπόρος του Νταρκ Μπραμπλ αυτό;
dialogue:1587,dialogue,,105,,"You again, eh, hatchling? Thought I heard you lift off earlier. What’re you still doing on Timber Hearth?","Πάλι εσύ, ε, μικρούλη; Νόμιζα ότι σε άκουσα να απογειώνεσαι νωρίτερα. Τι κάνεις ακόμη στο Τίμπερ Χαρθ;"
dialogue:1588,dialogue,,96,,"Me? That Scout photo you took earlier showed smoke, so I came over to check for fires, remember?","Εγώ; Εκείνη η φωτογραφία που τράβηξες νωρίτερα με τον Ανιχνευτή έδειχνε καπνό, οπότε ήρθα να ελέγξω για φωτιές, θυμάσαι;"
dialogue:1589,dialogue,,16,,So what crashed?,Τι έπεσε λοιπόν;
dialogue:1590,dialogue,,28,,Is that a Dark Bramble seed?,Είναι σπόρος του Νταρκ Μπραμπλ αυτό;
dialogue:1591,dialogue,,178,,"I dunno what it is, exactly. Looks like some kind of plant seed, but it’s not anything I’ve seen on Timber Hearth before - and trust me, I was quite the explorer back in the day.","Δεν ξέρω τι ακριβώς είναι. Μοιάζει με κάποιου είδους σπόρο φυτού, αλλά δεν είναι κάτι που έχω ξαναδεί στο Τίμπερ Χαρθ - και πίστεψέ με, ήμουν σπουδαίος εξερευνητής στα νιάτα μου."
dialogue:1592,dialogue,,150,,"D’you think it’s extraterrestrial? It kinda looks like something that might’ve come off of Dark Bramble. Whatever it is, it put down roots in a hurry.","Λες να είναι εξωγήινο; Κάπως μοιάζει με κάτι που θα μπορούσε να έχει έρθει από τον Νταρκ Μπραμπλ. Ό,τι κι αν είναι, ρίζωσε πολύ γρήγορα."
dialogue:1593,dialogue,,107,,"You think so? It’s nothing I’ve ever seen on Timber Hearth before, so you’re probably onto something there.","Έτσι λες; Δεν είναι κάτι που έχω ξαναδεί στο Τίμπερ Χαρθ, οπότε μάλλον κάτι πιάνεις εκεί."
dialogue:1594,dialogue,,45,,"Whatever it is, it put down roots in a hurry.","Ό,τι κι αν είναι, ρίζωσε πολύ γρήγορα."
dialogue:1595,dialogue,,230,,"I don’t like the look of this thing, hatchling, and that’s a fact. Think I’ll set Marl and Hal loose on it. Best get rid of this mess sooner rather than later, and no one can remove an unwanted plant faster than a tree keeper can.","Δεν μου αρέσει καθόλου η όψη αυτού του πράγματος, μικρούλη, και είναι γεγονός. Λέω να βάλω τον Μαρλ και τον Χαλ να το αναλάβουν. Καλύτερα να ξεφορτωθούμε αυτή τη σαβούρα το συντομότερο, και κανείς δεν ξεριζώνει ανεπιθύμητο φυτό πιο γρήγορα από έναν δεντροκόμο."
dialogue:1596,dialogue,,189,,"I’ll have to get a look at what’s inside the seed, first, though. Don’t want to set anybody to hacking up a potentially dangerous plant without a better idea of what’s lurking inside there.",Πρέπει όμως πρώτα να δω τι υπάρχει μέσα στον σπόρο. Δεν θέλω να βάλω κανέναν να πελεκάει ένα πιθανώς επικίνδυνο φυτό χωρίς να ξέρουμε καλύτερα τι παραμονεύει εκεί μέσα.
dialogue:1597,dialogue,,246,TAGS,"Tuff can help me haul the old <color=orange>scout launcher</color> over here. Obviously the opening is too small for someone to fit inside, and anyway, I’m not gonna blindly stick my hands into anything that looks as unpleasant as that seed does.","Ο Ταφ μπορεί να με βοηθήσει να κουβαλήσουμε εδώ τον παλιό <color=orange>εκτοξευτή ανιχνευτή</color>. Προφανώς το άνοιγμα είναι πολύ μικρό για να χωρέσει άνθρωπος, και ούτως ή άλλως δεν πρόκειται να χώσω στα τυφλά τα χέρια μου σε κάτι τόσο δυσάρεστο."
dialogue:1598,dialogue,,40,,That’s a good way to lose an arm or two.,Έτσι χάνεις κανένα δυο χέρια.
dialogue:1599,dialogue,,70,,Blasted seed did a lot of damage when it crashed. I liked this crater.,Ο καταραμένος σπόρος έκανε πολλή ζημιά όταν έπεσε. Μου άρεσε αυτός ο κρατήρας.
dialogue:1600,dialogue,,34,,"Need something from me, hatchling?","Ήθελες κάτι από μένα, μικρούλη;"
dialogue:1601,dialogue,,37,,I threw a Little Scout into the seed.,Έριξα έναν Μικρό Ανιχνευτή μέσα στον σπόρο.
dialogue:1602,dialogue,,57,,My signalscope is picking up a harmonica inside the seed.,Το σηματοσκόπιό μου πιάνει φυσαρμόνικα μέσα στον σπόρο.
dialogue:1603,dialogue,,47,,You’re sure this seed isn’t from Timber Hearth?,Είσαι σίγουρος ότι αυτός ο σπόρος δεν είναι από το Τίμπερ Χαρθ;
dialogue:1604,dialogue,,15,,"Nope, I’m good.","Όχι, εντάξει είμαι."
dialogue:1605,dialogue,,86,,"You did, did you? And you’re telling me it’s bigger on the inside than on the outside?","Το έκανες, ε; Και μου λες ότι είναι μεγαλύτερος από μέσα απ’ ό,τι από έξω;"
dialogue:1606,dialogue,,160,,"Hmph. This is going to be a chore to chop up, and no mistake. Can we even remove a seed that doesn’t have the decency to stay the same size all the way through?","Χμφ. Αυτό θα είναι αγγαρεία να το κόψουμε, χωρίς αμφιβολία. Μπορούμε καν να ξεριζώσουμε έναν σπόρο που δεν έχει την ευγένεια να μένει στο ίδιο μέγεθος παντού;"
dialogue:1607,dialogue,,58,,"Maybe I’d better grab an extra axe or three, just in case.","Ίσως καλύτερα να πάρω κι ένα τσεκούρι παραπάνω. Ή τρία, καλού κακού."
dialogue:1608,dialogue,,129,,"Inside the seed? Huh. Dunno what to tell you there - the only harmonica player I know is Feldspar, and they disappeared ages ago.","Μέσα στον σπόρο; Χμ. Δεν ξέρω τι να σου πω - ο μόνος φυσαρμονικατζής που ξέρω είναι ο Φέλντσπαρ, κι αυτός χάθηκε πριν από χρόνια."
dialogue:1609,dialogue,,159,,"Listen here, don’t go telling Gneiss about the harmonica music, okay? They’ll never let me get rid of this darn seed if they suspect it has any musical talent.","Άκου εδώ, μην πας να πεις στον Γκνάις για τη μουσική της φυσαρμόνικας, εντάξει; Δεν θα με αφήσει ποτέ να ξεφορτωθώ αυτόν τον καταραμένο σπόρο αν υποψιαστεί ότι έχει μουσικό ταλέντο."
dialogue:1610,dialogue,,173,,"Back in my younger days, I explored everywhere there is to go on Timber Hearth and saw everything there is to see, and then some. Trust me, we don’t have anything like this.","Στα νιάτα μου εξερεύνησα κάθε μέρος που υπάρχει στο Τίμπερ Χαρθ και είδα ό,τι υπάρχει να δεις, και παραπάνω. Πίστεψέ με, δεν έχουμε τίποτα σαν κι αυτό."
dialogue:1611,dialogue,,78,,"Nah, I reckon this thing’s from Dark Bramble if it’s from anywhere, hatchling.","Όχι, υπολογίζω ότι αυτό το πράγμα είναι από τον Νταρκ Μπραμπλ, αν είναι από κάπου, μικρούλη."
dialogue:1612,dialogue,,29,,"Alright then, see you around.","Εντάξει λοιπόν, τα λέμε."
dialogue:1613,dialogue,,6,,Tephra,Τέφρα
dialogue:1614,dialogue,,17,,"Hullo, astronaut!","Γεια σου, αστροναύτη!"
dialogue:1615,dialogue,,37,,If it isn’t my favorite troublemaker.,"Για δες, ο αγαπημένος μου μπελάς."
dialogue:1616,dialogue,,22,,What’s with the radio?,Τι το θες το ραδιόφωνο;
dialogue:1617,dialogue,,170,TAGS,"We <i>wanted</i> to play hide and seek, but Moraine won’t let us borrow their signalscope because it’s “really delicate” and “not supposed to be thrown around like that.”","<i>Θέλαμε</i> να παίξουμε κρυφτό, αλλά ο Μορέιν δεν μας δανείζει το σηματοσκόπιό του γιατί είναι «πολύ ευαίσθητο» και «δεν είναι για να το πετάτε έτσι»."
dialogue:1618,dialogue,,97,TAGS,"Hey, hey, can we use <i>your</i> Signalscope? Can we? Can we, please? We’ll even let you be ""it""!","Έλα, έλα, μπορούμε να χρησιμοποιήσουμε το <i>δικό σου</i> σηματοσκόπιο; Μπορούμε; Σε παρακαλώ; Θα σε αφήσουμε κιόλας να τα φυλάς!"
dialogue:1619,dialogue,,17,,"Sure, let’s play!","Και βέβαια, πάμε να παίξουμε!"
dialogue:1620,dialogue,,19,,"Sorry, can’t today.","Συγγνώμη, σήμερα δεν γίνεται."
dialogue:1621,dialogue,,120,,"Woohoo! Okay, here are the rules. Galena and me will hide with these radios, and you’ll use your Signalscope to find us.","Ζήτω! Εντάξει, να οι κανόνες. Η Γκαλίνα κι εγώ θα κρυφτούμε με αυτά τα ραδιόφωνα, κι εσύ θα μας βρεις με το σηματοσκόπιό σου."
dialogue:1622,dialogue,,68,,"Last one to be found wins! Okay, close your eyes and start counting!","Ο τελευταίος που θα βρεθεί κερδίζει! Εντάξει, κλείσε τα μάτια σου και άρχισε να μετράς!"
dialogue:1623,dialogue,,82,,"Awww, really? But we can’t play without a Signalscope... Play with us later, okay?","Αχ, αλήθεια; Μα δεν μπορούμε να παίξουμε χωρίς σηματοσκόπιο... Παίξε μαζί μας αργότερα, εντάξει;"
dialogue:1624,dialogue,,54,,"Awww, you found me? But my hiding spot was super good!","Αχ, με βρήκες; Μα η κρυψώνα μου ήταν τέλεια!"
dialogue:1625,dialogue,,48,,"Don’t forget, you have to find both of us, okay?","Μην ξεχνάς, πρέπει να μας βρεις και τους δυο, εντάξει;"
dialogue:1626,dialogue,,40,,"You got me, but I’m the last one. I win!","Με έπιασες, αλλά είμαι ο τελευταίος. Κέρδισα!"
dialogue:1627,dialogue,,72,,"Promise you’ll play again when you get back from space, okay? You gotta!","Υποσχέσου ότι θα ξαναπαίξεις όταν γυρίσεις από το διάστημα, εντάξει; Πρέπει!"
dialogue:1628,dialogue,,91,,"I wanted to hide in the observatory, but Hornfels said I was ""making a nuisance of myself.""","Ήθελα να κρυφτώ στο παρατηρητήριο, αλλά ο Χόρνφελς είπε ότι «γινόμουν ενοχλητικός»."
dialogue:1629,dialogue,,17,,"Hullo, astronaut!","Γεια σου, αστροναύτη!"
dialogue:1630,dialogue,,65,,We’re all going to watch your launch later. I hope space is nice!,Θα δούμε όλοι την εκτόξευσή σου αργότερα. Ελπίζω το διάστημα να είναι ωραίο!
dialogue:1631,dialogue,,49,,"Hullo, astronaut! Are you going into space today?","Γεια σου, αστροναύτη! Πας στο διάστημα σήμερα;"
dialogue:1632,dialogue,,65,,Are you going into space and never coming back like Feldspar did?,"Θα πας στο διάστημα και δεν θα ξαναγυρίσεις ποτέ, όπως ο Φέλντσπαρ;"
dialogue:1633,dialogue,,8,,...What?,...Τι;
dialogue:1634,dialogue,,28,,"Don’t worry, I’ll come back.","Μην ανησυχείς, θα γυρίσω."
dialogue:1635,dialogue,,25,,That’s pretty disturbing.,Αυτό είναι αρκετά ανησυχητικό.
dialogue:1636,dialogue,,163,,"Yeah, um, Hornfels says Feldspar went away into space and didn’t come back. Hornfels says Feldspar was the best pilot ever, but no one knows what happened to them.","Ναι, εμ, ο Χόρνφελς λέει ότι ο Φέλντσπαρ έφυγε για το διάστημα και δεν γύρισε. Ο Χόρνφελς λέει ότι ο Φέλντσπαρ ήταν ο καλύτερος πιλότος που υπήρξε ποτέ, αλλά κανείς δεν ξέρει τι του συνέβη."
dialogue:1637,dialogue,,59,,Hornfels probably shouldn’t be telling you stuff like this.,Ο Χόρνφελς μάλλον δεν θα έπρεπε να σου λέει τέτοια πράγματα.
dialogue:1638,dialogue,,53,,That’s not something I want to think about right now.,Αυτό δεν είναι κάτι που θέλω να σκέφτομαι αυτή τη στιγμή.
dialogue:1639,dialogue,,24,,"Hornfels says that, too.",Αυτό λέει κι ο Χόρνφελς.
dialogue:1640,dialogue,,61,,"But if Feldspar disappeared, you might disappear, too, right?","Αλλά αν εξαφανίστηκε ο Φέλντσπαρ, μπορεί να εξαφανιστείς κι εσύ, έτσι;"
dialogue:1641,dialogue,,80,,"You’re not as good as Feldspar, so you should be really careful not to get lost.","Δεν είσαι τόσο καλός όσο ο Φέλντσπαρ, οπότε πρέπει να προσέχεις πολύ να μη χαθείς."
dialogue:1642,dialogue,,51,,"That’s what Feldspar said, too, but they never did.","Αυτό έλεγε κι ο Φέλντσπαρ, αλλά δεν γύρισε ποτέ."
dialogue:1643,dialogue,,160,,"Hornfels will be really sad if you don’t come back, like how sad it makes them to talk about Feldspar. So you should make sure you don’t get lost in space, too.","Ο Χόρνφελς θα στεναχωρηθεί πολύ αν δεν γυρίσεις, όπως στεναχωριέται όταν μιλάει για τον Φέλντσπαρ. Οπότε πρέπει να φροντίσεις να μη χαθείς κι εσύ στο διάστημα."
dialogue:1644,dialogue,,137,,But Hornfels says no one knows what happened to Feldspar. Hornfels says they got lost in space even though they were the best pilot ever.,Αλλά ο Χόρνφελς λέει ότι κανείς δεν ξέρει τι συνέβη στον Φέλντσπαρ. Λέει ότι χάθηκε στο διάστημα παρόλο που ήταν ο καλύτερος πιλότος που υπήρξε ποτέ.
dialogue:1645,dialogue,,80,,"You’re not as good as Feldspar, so you should be really careful not to get lost.","Δεν είσαι τόσο καλός όσο ο Φέλντσπαρ, οπότε πρέπει να προσέχεις πολύ να μη χαθείς."
dialogue:1646,dialogue,,17,,"Hullo, astronaut!","Γεια σου, αστροναύτη!"
dialogue:1647,dialogue,,89,,Are you bringing lots of mallows with you to roast on your trip? Mallows are my favorite!,Παίρνεις μαζί σου πολλά ζαχαρωτά για ψήσιμο στο ταξίδι σου; Τα ζαχαρωτά είναι τα αγαπημένα μου!
dialogue:1648,dialogue,,4,,Tuff,Ταφ
dialogue:1649,dialogue,,35,,"Hey, hey. Nice of you to drop down.","Έλα, έλα. Ωραία που κατέβηκες."
dialogue:1650,dialogue,,32,,I’m getting some zero-g time in.,Κάνω λίγη ώρα σε μηδενική βαρύτητα.
dialogue:1651,dialogue,,17,,Give me the dirt.,Πες μου τα νέα.
dialogue:1652,dialogue,,28,,Guess where I’m going today.,Μάντεψε πού πάω σήμερα.
dialogue:1653,dialogue,,37,,"Hey, you’re back. You need something?","Έλα, γύρισες. Ήθελες κάτι;"
dialogue:1654,dialogue,,33,,Just getting in some zero-g time.,Κάνω απλώς λίγη ώρα σε μηδενική βαρύτητα.
dialogue:1655,dialogue,,17,,Give me the dirt.,Πες μου τα νέα.
dialogue:1656,dialogue,,28,,Guess where I’m going today.,Μάντεψε πού πάω σήμερα.
dialogue:1657,dialogue,,55,TAGS,So you’re going in <i>there</i>? In the cave? Hnnngh...,Δηλαδή πας <i>εκεί</i> μέσα; Στη σπηλιά; Χνννγκ...
dialogue:1658,dialogue,,42,,"What? No, I’m fine. Great. Great and fine.","Τι; Όχι, καλά είμαι. Τέλεια. Τέλεια και καλά."
dialogue:1659,dialogue,,29,TAGS,You don’t <i>look</i> fine...,Δεν <i>φαίνεσαι</i> καλά...
dialogue:1660,dialogue,,55,,"Yeah, I’m going to drift around down there for a while.","Ναι, θα αιωρούμαι εκεί κάτω για λίγη ώρα."
dialogue:1661,dialogue,,82,,Well you know I hate that cave so I don’t know why you’re making me talk about it.,"Ε, ξέρεις ότι μισώ αυτή τη σπηλιά, οπότε δεν ξέρω γιατί με βάζεις να μιλάω γι’ αυτήν."
dialogue:1662,dialogue,,33,,Fweh... Now I’ve got hand sweats.,Φφφ... Τώρα ίδρωσαν τα χέρια μου.
dialogue:1663,dialogue,,8,,Eurgh...,Μπλιαχ...
dialogue:1664,dialogue,,44,,Just going to float upside down and whatnot.,Απλώς θα επιπλέω ανάποδα και τα λοιπά.
dialogue:1665,dialogue,,20,,...Sorry. I’ll stop.,...Συγγνώμη. Θα σταματήσω.
dialogue:1666,dialogue,,73,,"I’m going to sit here and think about flat, motionless rocks for a while.","Θα κάτσω εδώ να σκέφτομαι επίπεδους, ακίνητους βράχους για λίγη ώρα."
dialogue:1667,dialogue,,9,,H-hurk...,Χ-χερκ...
dialogue:1668,dialogue,,76,,"Just, y’know, ricochet off the walls. Spin around a lot. That kind of thing.","Απλώς, ξέρεις, θα αναπηδώ από τοίχο σε τοίχο. Θα στριφογυρίζω πολύ. Τέτοια πράγματα."
dialogue:1669,dialogue,,28,,"That was too far, wasn’t it.","Το παρατράβηξα, έτσι;"
dialogue:1670,dialogue,,62,TAGS,You’re... <color=grey>Urp...</color><Pause/> You’re the worst.,Είσαι... <color=grey>Ουρπ...</color><Pause/> Είσαι ο χειρότερος.
dialogue:1671,dialogue,,6,,Sorry.,Συγγνώμη.
dialogue:1672,dialogue,,7,,I know.,Το ξέρω.
dialogue:1673,dialogue,,62,TAGS,You’re... <color=grey>Urp...</color><Pause/> You’re the worst.,Είσαι... <color=grey>Ουρπ...</color><Pause/> Είσαι ο χειρότερος.
dialogue:1674,dialogue,,7,,I know.,Το ξέρω.
dialogue:1675,dialogue,,41,TAGS,"Oh, no. Nooooo, no no no.<Pause/> No way.","Α, όχι. Όχιιιι, όχι όχι όχι.<Pause/> Με τίποτα."
dialogue:1676,dialogue,,105,TAGS,"You want to run off into space, that’s your business, but don’t make me, you know, <i>think</i> about it.","Θέλεις να το σκάσεις στο διάστημα, δική σου δουλειά, αλλά μη με βάζεις, ξέρεις, να το <i>σκέφτομαι</i>."
dialogue:1677,dialogue,,46,,Bad enough we got this weird cave down here...,Αρκετά άσχημα που έχουμε αυτή την περίεργη σπηλιά εδώ κάτω...
dialogue:1678,dialogue,,69,,Some fresh dirt? Not much happening down here lately. Let me think...,Φρέσκα νέα; Δεν γίνονται και πολλά εδώ κάτω τελευταία. Άσε με να σκεφτώ...
dialogue:1679,dialogue,,113,,"Come to think of it, Tektite saw something crash outside of the village crater earlier. That’s new and different.","Τώρα που το σκέφτομαι, ο Τέκτιτ είδε κάτι να πέφτει έξω από τον κρατήρα του χωριού νωρίτερα. Αυτό είναι καινούριο και διαφορετικό."
dialogue:1680,dialogue,,24,,"Oh, hey. How ’bout that.","Α, για δες."
dialogue:1681,dialogue,,20,,Is anything on fire?,Καίγεται τίποτα;
dialogue:1682,dialogue,,124,,"Yeah, they were on firewatch with the old scout launcher and saw smoke, so they went to check it out. ""Safety first,"" right?","Ναι, ήταν σε βάρδια πυρασφάλειας με τον παλιό εκτοξευτή ανιχνευτή και είδε καπνό, οπότε πήγε να ελέγξει. «Πρώτα η ασφάλεια», σωστά;"
dialogue:1683,dialogue,,102,,"...No, I'm kidding. I said that to Tektite once. Pretty rude how long they laughed for, if you ask me.","...Όχι, πλάκα κάνω. Το είπα μια φορά στον Τέκτιτ. Αρκετά αγενές πόση ώρα γελούσε, αν με ρωτάς."
dialogue:1684,dialogue,,164,,"Probably only a little. Tektite checked out the crash site with the old firewatch scout launcher and saw smoke, so they headed over to stamp out any leftover fires.","Μάλλον λίγο μόνο. Ο Τέκτιτ έλεγξε το σημείο της πτώσης με τον παλιό εκτοξευτή πυρασφάλειας και είδε καπνό, οπότε πήγε να σβήσει τυχόν υπολείμματα φωτιάς."
dialogue:1685,dialogue,,79,,"Well, I better get back to work. This ore’s not going to mine itself, you know.","Λοιπόν, καλύτερα να γυρίσω στη δουλειά. Αυτό το μετάλλευμα δεν θα εξορυχτεί μόνο του, ξέρεις."
dialogue:1686,dialogue,,8,,Hurgh...,Ουργκ...
dialogue:1687,dialogue,,53,,"Oh, I thought I heard you lift off. Change your mind?","Α, νόμιζα ότι σε άκουσα να απογειώνεσαι. Άλλαξες γνώμη;"
dialogue:1688,dialogue,,35,,I needed a little more zero-g time.,Χρειαζόμουν λίγη ακόμη ώρα σε μηδενική βαρύτητα.
dialogue:1689,dialogue,,17,,Give me the dirt.,Πες μου τα νέα.
dialogue:1690,dialogue,,6,,Arkose,Άρκοουζ
dialogue:1691,dialogue,,14,,"Hi, astronaut!","Γεια σου, αστροναύτη!"
dialogue:1692,dialogue,,146,,You know the patch of ghost matter inside this fence? Gossan said it used to be bigger when they were a hatchling. 'Cause ghost matter evaporates.,Ξέρεις τον θύλακα ύλης-φάντασμα μέσα σε αυτόν τον φράχτη; Ο Γκόσαν είπε ότι ήταν μεγαλύτερος όταν ήταν μικρός. Γιατί η ύλη-φάντασμα εξατμίζεται.
dialogue:1693,dialogue,,75,TAGS,It just takes a su-<Pause=1>u-<Pause=1>u-<Pause=1>per long time to go away.,Απλώς παίρνει πάαα-<Pause=1>α-<Pause=1>α-<Pause=1>ρα πολύ καιρό για να φύγει.
dialogue:1694,dialogue,,94,,I hope there's still ghost matter in the village when I'm a grown-up. Ghost matter is awesome!,Ελπίζω να υπάρχει ακόμη ύλη-φάντασμα στο χωριό όταν μεγαλώσω. Η ύλη-φάντασμα είναι τέλεια!
dialogue:1695,dialogue,,59,,Ghost matter is super cool. It'll burn the heck out of you!,Η ύλη-φάντασμα είναι πολύ κουλ. Σε καίει για τα καλά!
dialogue:1696,dialogue,,69,,You shouldn't be throwing rocks in there — ghost matter is dangerous.,Δεν πρέπει να πετάς πέτρες εκεί μέσα — η ύλη-φάντασμα είναι επικίνδυνη.
dialogue:1697,dialogue,,60,,"You know ghost matter is how Tektite lost their foot, right?","Ξέρεις ότι έτσι έχασε το πόδι του ο Τέκτιτ, έτσι;"
dialogue:1698,dialogue,,79,,Yeah! I heard touching it hurts so bad it feels like your whole hand's on fire!,Ναι! Άκουσα ότι το να την αγγίξεις πονάει τόσο πολύ που νιώθεις σαν να καίγεται όλο σου το χέρι!
dialogue:1699,dialogue,,69,,"Try not to walk into any in space, okay? That sounds bad and painful.","Προσπάθησε να μην μπεις σε καμία στο διάστημα, εντάξει; Ακούγεται άσχημο και επώδυνο."
dialogue:1700,dialogue,,102,TAGS,"Uhhh, obviously? That's what makes it so <i>awesome</i>? Geez, I'm not dumb enough to <i>touch</i> it.","Εμ, προφανώς; Αυτό δεν είναι που την κάνει τόσο <i>τέλεια</i>; Αμάν, δεν είμαι τόσο χαζός ώστε να την <i>αγγίξω</i>."
dialogue:1701,dialogue,,28,,"Ugh, you're such a grown-up.","Ουφ, είσαι τόσο μεγάλος."
dialogue:1702,dialogue,,50,TAGS,"Whoa, really?! <Pause=2>...That is <i>so cool</i>!","Πω πω, αλήθεια;! <Pause=2>...Αυτό είναι <i>τόσο κουλ</i>!"
dialogue:1703,dialogue,,187,TAGS,"It's cool that Little Scouts can detect ghost matter and all, but what would be <i>really</i> cool is if the Little Scout could, like, shoot ghost matter at stuff. All <i>pew pew pew</i>!","Είναι κουλ που οι Μικροί Ανιχνευτές μπορούν να εντοπίζουν ύλη-φάντασμα και τα λοιπά, αλλά αυτό που θα ήταν <i>πραγματικά</i> κουλ είναι αν ο Μικρός Ανιχνευτής μπορούσε, ξέρεις, να ρίχνει ύλη-φάντασμα σε πράγματα. Όλο <i>πίου πίου πίου</i>!"
dialogue:1704,dialogue,,189,,This anglerfish specimen was found attached to the landing gear of one of our ships that flew close to Dark Bramble. It appears well-suited to living in dark places with minimal atmosphere.,Αυτό το δείγμα βατραχόψαρου βρέθηκε κολλημένο στο σύστημα προσγείωσης ενός από τα σκάφη μας που πέταξε κοντά στον Νταρκ Μπραμπλ. Φαίνεται καλά προσαρμοσμένο στη ζωή σε σκοτεινά μέρη με ελάχιστη ατμόσφαιρα.
dialogue:1705,dialogue,,114,,"Of all the lifeforms who will perish in the oncoming death of the universe, we will miss the anglerfish the least.","Από όλες τις μορφές ζωής που θα χαθούν στον επερχόμενο θάνατο του σύμπαντος, τα βατραχόψαρα θα μας λείψουν λιγότερο."
dialogue:1706,dialogue,,132,,"Outer Wilds Ventures, Timber Hearth’s first and only space program, was founded to explore the farthest reaches of our solar system.","Η Outer Wilds Ventures, το πρώτο και μοναδικό διαστημικό πρόγραμμα του Τίμπερ Χαρθ, ιδρύθηκε για να εξερευνήσει τα πιο απομακρυσμένα σημεία του ηλιακού μας συστήματος."
dialogue:1707,dialogue,,209,,"Feldspar was the first Hearthian to be intentionally launched into space. They completed the first orbit around Timber Hearth and later made the first of what would be many landings on our moon, the Attlerock.","Ο Φέλντσπαρ ήταν ο πρώτος Χάρθιαν που εκτοξεύτηκε σκόπιμα στο διάστημα. Ολοκλήρωσε την πρώτη τροχιά γύρω από το Τίμπερ Χαρθ και αργότερα έκανε την πρώτη από πολλές προσγειώσεις στο φεγγάρι μας, το Άτλροκ."
dialogue:1708,dialogue,,127,,"Outer Wilds Ventures was founded by Feldspar, Gossan, Slate, and Hornfels to explore a solar system at the end of the universe.","Η Outer Wilds Ventures ιδρύθηκε από τον Φέλντσπαρ, τον Γκόσαν, τον Σλέιτ και τον Χόρνφελς, για να εξερευνήσουν ένα ηλιακό σύστημα στο τέλος του σύμπαντος."
dialogue:1709,dialogue,,6,,Galena,Γκαλίνα
dialogue:1710,dialogue,,19,TAGS,<size=20>...</size>,<size=20>...</size>
dialogue:1711,dialogue,,19,TAGS,<size=20>...</size>,<size=20>...</size>
dialogue:1712,dialogue,,35,TAGS,<size=20>Good luck in space.</size>,<size=20>Καλή τύχη στο διάστημα.</size>
dialogue:1713,dialogue,,19,TAGS,<size=20>...</size>,<size=20>...</size>
dialogue:1714,dialogue,,19,TAGS,<size=20>...</size>,<size=20>...</size>
dialogue:1715,dialogue,,31,TAGS,<size=20>You found me...</size>,<size=20>Με βρήκες...</size>
dialogue:1716,dialogue,,38,TAGS,<size=20>...I won? I’m happy...</size>,<size=20>...Κέρδισα; Χαίρομαι...</size>
dialogue:1717,dialogue,,46,TAGS,<size=20>Thanks... for playing with us.</size>,<size=20>Ευχαριστώ... που έπαιξες μαζί μας.</size>
dialogue:1718,dialogue,,19,TAGS,<size=20>...</size>,<size=20>...</size>
dialogue:1719,dialogue,,59,,This crystal was taken from a Nomai ruin on Brittle Hollow.,Αυτός ο κρύσταλλος πάρθηκε από ένα νομαϊκό ερείπιο στο Μπριτλ Χόλοου.
dialogue:1720,dialogue,,111,,"It seems to create a local gravity distortion, and was most likely used to traverse steep surfaces. Try it out!",Φαίνεται να δημιουργεί τοπική παραμόρφωση της βαρύτητας και πιθανότατα χρησιμοποιούνταν για τη διάσχιση απότομων επιφανειών. Δοκίμασέ τον!
dialogue:1721,dialogue,,4,,Mica,Μάικα
dialogue:1722,dialogue,,14,,"Hey, it’s you!","Έλα, εσύ είσαι!"
dialogue:1723,dialogue,,88,,Slate said you’re blasting off in your ship today. I’m really excited to see the launch!,Ο Σλέιτ είπε ότι απογειώνεσαι σήμερα με το σκάφος σου. Ενθουσιάζομαι πολύ που θα δω την εκτόξευση!
dialogue:1724,dialogue,,82,,Aren’t you gonna go into space? Aren’t you? You better not have changed your mind!,Δεν θα πας στο διάστημα; Δεν θα πας; Καλύτερα να μην άλλαξες γνώμη!
dialogue:1725,dialogue,,21,,"Hey, I’m still going!","Έλα, ακόμη πάω!"
dialogue:1726,dialogue,,45,,I want to practice with a pro before I leave.,Θέλω να εξασκηθώ με έναν επαγγελματία πριν φύγω.
dialogue:1727,dialogue,,60,,I hear you and Slate beefed up the model ship. Can I see it?,Άκουσα ότι εσύ κι ο Σλέιτ αναβαθμίσατε το μοντέλο του σκάφους. Μπορώ να το δω;
dialogue:1728,dialogue,,106,TAGS,"You better be! It’s been forever since anyone launched into space. I really, <i>really</i> want to see it.","Καλά θα κάνεις! Έχει περάσει αιώνας από την τελευταία εκτόξευση. Θέλω πάρα, <i>πάρα</i> πολύ να τη δω."
dialogue:1729,dialogue,,11,,Really bad.,Πολύ άσχημα.
dialogue:1730,dialogue,,115,,"Hey, you want to try out my model ship? Slate says it’s just like the real thing, only less likely to start a fire.","Έλα, θες να δοκιμάσεις το μοντέλο του σκάφους μου; Ο Σλέιτ λέει ότι είναι ακριβώς σαν το αληθινό, μόνο που έχει λιγότερες πιθανότητες να πάρει φωτιά."
dialogue:1731,dialogue,,136,TAGS,"Aww, you’re just saying that.<Pause> ...But if you <i>really</i> want to practice with me, I <i>guess</i> I could help you out a little.","Αχ, το λες έτσι για να με ευχαριστήσεις.<Pause> ...Αλλά αν θέλεις <i>πραγματικά</i> να εξασκηθείς μαζί μου, <i>μάλλον</i> μπορώ να σε βοηθήσω λιγάκι."
dialogue:1732,dialogue,,172,,"Yeah, we recalibrated the controls and installed better thrusters. Want to give it a test drive? Slate says it’s just like the real thing, only less likely to start a fire.","Ναι, βαθμονομήσαμε ξανά τα χειριστήρια και βάλαμε καλύτερους προωθητήρες. Θες να το δοκιμάσεις; Ο Σλέιτ λέει ότι είναι ακριβώς σαν το αληθινό, μόνο που έχει λιγότερες πιθανότητες να πάρει φωτιά."
dialogue:1733,dialogue,,86,TAGS,Try to land on one of the <color=orange>geyser pools</color>. Show me what you’ve got!,Προσπάθησε να προσγειωθείς σε μία από τις <color=orange>λιμνούλες των πιδάκων</color>. Δείξε μου τι μπορείς!
dialogue:1734,dialogue,,77,,"Wow, that was just like the time the external fuel tanks exploded on reentry!","Πω πω, αυτό ήταν ακριβώς σαν τη φορά που εξερράγησαν οι εξωτερικές δεξαμενές καυσίμου στην επανείσοδο!"
dialogue:1735,dialogue,,51,,"You’ll... you’ll be okay flying the big one, right?","Θα... θα είσαι εντάξει που θα πετάξεις το μεγάλο, έτσι;"
dialogue:1736,dialogue,,74,,"What a landing! I guess that’s why Slate lets you fly the real thing, huh?","Τι προσγείωση! Μάλλον γι’ αυτό σε αφήνει ο Σλέιτ να πετάς το αληθινό, ε;"
dialogue:1737,dialogue,,81,,"Someday, I want to design a ship that goes even faster than the ones Slate makes!",Κάποια μέρα θέλω να σχεδιάσω ένα σκάφος που θα πηγαίνει ακόμη πιο γρήγορα από αυτά που φτιάχνει ο Σλέιτ!
dialogue:1738,dialogue,,96,,Slate says they think I can do it. And Gossan says I should ask Slate to be my first test pilot.,Ο Σλέιτ λέει ότι πιστεύει πως μπορώ να το κάνω. Και ο Γκόσαν λέει ότι πρέπει να ζητήσω από τον Σλέιτ να γίνει ο πρώτος μου δοκιμαστικός πιλότος.
dialogue:1739,dialogue,,129,,"This remarkably intact statue was carved by the Nomai, an ancient species who dwelled in our solar system thousands of years ago.","Αυτό το αξιοσημείωτα ακέραιο άγαλμα σκαλίστηκε από τους Νομάι, ένα αρχαίο είδος που κατοικούσε στο ηλιακό μας σύστημα πριν από χιλιάδες χρόνια."
dialogue:1740,dialogue,,194,,"The statue provides us with our most detailed look yet at the Nomai, who appear to have been covered with a layer of fur. Note the decorative jewelry that has been carved as part of the antlers.","Το άγαλμα μάς προσφέρει την πιο λεπτομερή εικόνα που έχουμε ως τώρα για τους Νομάι, οι οποίοι φαίνεται πως καλύπτονταν από ένα στρώμα γούνας. Παρατηρήστε τα διακοσμητικά κοσμήματα που έχουν σκαλιστεί ως μέρος των κεράτων."
dialogue:1741,dialogue,,177,,"Although their artifacts and structures have been found on almost every planet in this solar system, we still have no idea where this species came from or what happened to them.","Αν και τεχνουργήματα και κατασκευές τους έχουν βρεθεί σχεδόν σε κάθε πλανήτη αυτού του ηλιακού συστήματος, ακόμη δεν έχουμε ιδέα από πού ήρθε αυτό το είδος ή τι του συνέβη."
dialogue:1742,dialogue,,111,,"This pilot seat, used by pioneering astronaut Feldspar, is all that remains of our inaugural flight into space.","Αυτό το κάθισμα πιλότου, που χρησιμοποίησε ο πρωτοπόρος αστροναύτης Φέλντσπαρ, είναι ό,τι απέμεινε από την παρθενική μας πτήση στο διάστημα."
dialogue:1743,dialogue,,196,,"Although it’s been argued such a distinction requires a breathtakingly liberal definition of flight, that day will nevertheless always be remembered as a landmark achievement in Hearthian history.","Αν και έχει υποστηριχθεί ότι ένας τέτοιος χαρακτηρισμός απαιτεί εκπληκτικά ελαστικό ορισμό της πτήσης, εκείνη η μέρα θα μένει πάντα στη μνήμη ως ορόσημο στην ιστορία των Χάρθιαν."
dialogue:1744,dialogue,,133,,"Aside from the dwellings and structures they built, the Nomai also made art. This decorated pottery was discovered on Brittle Hollow.","Πέρα από τις κατοικίες και τις κατασκευές που έχτισαν, οι Νομάι δημιουργούσαν και τέχνη. Αυτή η διακοσμημένη κεραμική ανακαλύφθηκε στο Μπριτλ Χόλοου."
dialogue:1745,dialogue,,247,,"Some ancient Nomai art depicts strange animals, foreign celestial objects, and other subjects that can’t be found in our solar system, which makes us wonder whether the Nomai originated elsewhere in the universe or simply had vibrant imaginations.","Ορισμένα αρχαία νομαϊκά έργα απεικονίζουν παράξενα ζώα, ξένα ουράνια σώματα και άλλα θέματα που δεν υπάρχουν στο ηλιακό μας σύστημα, πράγμα που μας κάνει να αναρωτιόμαστε αν οι Νομάι προέρχονταν από αλλού στο σύμπαν ή απλώς είχαν ζωηρή φαντασία."
dialogue:1746,dialogue,,140,,"Were the Nomai born in our solar system? Or were they born among other stars and planets - and if they were, how and why did they come here?","Γεννήθηκαν οι Νομάι στο ηλιακό μας σύστημα; Ή γεννήθηκαν ανάμεσα σε άλλα αστέρια και πλανήτες - κι αν ναι, πώς και γιατί ήρθαν εδώ;"
dialogue:1747,dialogue,,102,,These are just some of the questions we hope to answer through further xenoarchaeological expeditions.,Αυτά είναι μερικά μόνο από τα ερωτήματα που ελπίζουμε να απαντήσουμε μέσα από περαιτέρω ξενοαρχαιολογικές αποστολές.
dialogue:1748,dialogue,,176,,"The Nomai technology brought back from space by our astronauts has been a great boon to Outer Wilds Ventures, allowing us to modify expedition gear in exciting and useful ways.","Η νομαϊκή τεχνολογία που έφεραν πίσω από το διάστημα οι αστροναύτες μας υπήρξε μεγάλη ευλογία για την Outer Wilds Ventures, επιτρέποντάς μας να τροποποιήσουμε τον εξοπλισμό αποστολών με συναρπαστικούς και χρήσιμους τρόπους."
dialogue:1749,dialogue,,212,,"For example, the Little Scout now boasts a warp retrieval capability that allows astronauts to recall their scouts almost instantly. This has dramatically reduced the number of scouts lost to the depths of space.","Για παράδειγμα, ο Μικρός Ανιχνευτής διαθέτει πλέον δυνατότητα ανάκτησης με στρέβλωση, που επιτρέπει στους αστροναύτες να ανακαλούν τους ανιχνευτές τους σχεδόν ακαριαία. Αυτό μείωσε δραματικά τον αριθμό των ανιχνευτών που χάνονται στα βάθη του διαστήματος."
dialogue:1750,dialogue,,144,,"The Nomai never got to see it for themselves, but thanks to their efforts and technology, a Hearthian was able to reach the Eye of the universe.","Οι Νομάι δεν πρόλαβαν να το δουν οι ίδιοι, αλλά χάρη στις προσπάθειες και στην τεχνολογία τους, ένας Χάρθιαν κατάφερε να φτάσει στο Μάτι του σύμπαντος."
dialogue:1751,dialogue,,88,,The strange rock moving around in this grotto appears to react to conscious observation.,Ο παράξενος βράχος που μετακινείται μέσα σε αυτή τη σπηλιά φαίνεται να αντιδρά στη συνειδητή παρατήρηση.
dialogue:1752,dialogue,,189,,"The level-headed among us realize there must be some sort of optical illusion at play, but Gabbro claims the rock ""exists in all possible states until it is observed"" (whatever that means).","Οι ψύχραιμοι ανάμεσά μας αντιλαμβάνονται ότι πρέπει να πρόκειται για κάποιου είδους οπτική ψευδαίσθηση, αλλά ο Γκάμπρο ισχυρίζεται ότι ο βράχος «υπάρχει σε όλες τις πιθανές καταστάσεις μέχρι να τον παρατηρήσουν» (ό,τι κι αν σημαίνει αυτό)."
dialogue:1753,dialogue,,95,,"Whatever is actually happening, both sides of this debate agree the effect is extremely creepy.","Ό,τι κι αν συμβαίνει στην πραγματικότητα, και οι δύο πλευρές αυτής της διαφωνίας συμφωνούν ότι το φαινόμενο είναι εξαιρετικά ανατριχιαστικό."
dialogue:1754,dialogue,,7,,Riebeck,Ρίμπεκ
dialogue:1755,dialogue,,47,,"Oh, you launched! That’s great. Great job, you.","Α, εκτοξεύτηκες! Τέλεια. Μπράβο σου."
dialogue:1756,dialogue,,118,,"Wow, I guess that means I’ve been out here a while, huh. Well, um, this is Brittle Hollow. But you probably knew that.","Πω πω, μάλλον αυτό σημαίνει ότι είμαι εδώ έξω αρκετό καιρό, ε. Λοιπόν, εμ, αυτό είναι το Μπριτλ Χόλοου. Αλλά μάλλον το ήξερες."
dialogue:1757,dialogue,,35,,Lot of history here. ...It’s great.,Πολλή ιστορία εδώ. ...Είναι τέλεια.
dialogue:1758,dialogue,,24,,What are you doing here?,Τι κάνεις εδώ;
dialogue:1759,dialogue,,41,,I’m in a hurry — can I ask you something?,Βιάζομαι — μπορώ να σε ρωτήσω κάτι;
dialogue:1760,dialogue,,122,,"I’m here to see the Hanging City. It’s always been my dream to see it with my own four eyes, ever since I was a hatchling.","Ήρθα να δω την Κρεμαστή Πόλη. Πάντα ήταν το όνειρό μου να τη δω με τα ίδια μου τα τέσσερα μάτια, από τότε που ήμουν μικρός."
dialogue:1761,dialogue,,147,TAGS,An alien race lived in this solar system long before our species even existed! How could I <i>not</i> want to see what their civilization was like?,Μια εξωγήινη φυλή ζούσε σε αυτό το ηλιακό σύστημα πολύ πριν καν υπάρξει το είδος μας! Πώς θα μπορούσα να <i>μη</i> θέλω να δω πώς ήταν ο πολιτισμός τους;
dialogue:1762,dialogue,,7,,Only...,Μόνο που...
dialogue:1763,dialogue,,133,,"You’ve... probably heard the others say it, right? I’m afraid of space. Seriously, I’m more surprised than anybody that I’m out here.","Μάλλον... θα το έχεις ακούσει από τους άλλους, έτσι; Φοβάμαι το διάστημα. Σοβαρά, είμαι ο πιο έκπληκτος απ’ όλους που βρίσκομαι εδώ έξω."
dialogue:1764,dialogue,,211,TAGS,"Do you want to know how I even got this far? I fell. Tripped over a gravity crystal. It’s dumb luck I landed somewhere my Little Scout says is halfway stable, instead of being sucked into... <i>what’s below</i>.","Θέλεις να μάθεις πώς έφτασα καν ως εδώ; Έπεσα. Σκόνταψα σε έναν κρύσταλλο βαρύτητας. Είναι καθαρή τύχη που προσγειώθηκα κάπου που ο Μικρός μου Ανιχνευτής λέει ότι είναι κάπως σταθερό, αντί να ρουφηχτώ μέσα σε... <i>αυτό που είναι από κάτω</i>."
dialogue:1765,dialogue,,201,,"I’ve been gauging the stability of the ground around me using my Little Scout, and this seems to be the place with the best surface integrity, so I’m just going to stay here until I’m ready to move on.","Μετράω τη σταθερότητα του εδάφους γύρω μου με τον Μικρό μου Ανιχνευτή, και αυτό μοιάζει να είναι το σημείο με την καλύτερη ακεραιότητα επιφάνειας, οπότε θα μείνω εδώ μέχρι να είμαι έτοιμος να προχωρήσω."
dialogue:1766,dialogue,,133,,"...But that’s enough about me and my problems. You didn’t come all this way to listen to me blather, did you! Heh, that’d be... yeah.","...Αλλά αρκετά με εμένα και τα προβλήματά μου. Δεν ήρθες όλον αυτόν τον δρόμο για να με ακούς να φλυαρώ, έτσι; Χεχ, αυτό θα ήταν... ναι."
dialogue:1767,dialogue,,17,,Hi! ...What’s up?,Γεια! ...Τι λέει;
dialogue:1768,dialogue,,40,,"Um, sure — of course! Anything you want.","Εμ, βέβαια — φυσικά! Ό,τι θέλεις."
dialogue:1769,dialogue,,0,,,
dialogue:1770,dialogue,,20,,I learned something!,Έμαθα κάτι!
dialogue:1771,dialogue,,28,,Where should I explore here?,Πού να εξερευνήσω εδώ;
dialogue:1772,dialogue,,28,,What are you doing out here?,Τι κάνεις εδώ έξω;
dialogue:1773,dialogue,,14,,See you later.,Τα λέμε.
dialogue:1774,dialogue,,34,,"Me? I’m an archeologist, remember?","Εγώ; Είμαι αρχαιολόγος, θυμάσαι;"
dialogue:1775,dialogue,,90,TAGS,"Or, um, <i>the</i> archeologist, I guess. Seeing as I’m all Timber Hearth’s got right now.","Ή, εμ, <i>ο</i> αρχαιολόγος, υποθέτω. Μιας και είμαι ο μόνος που έχει το Τίμπερ Χαρθ αυτή τη στιγμή."
dialogue:1776,dialogue,,139,,"Brittle Hollow is rich with Nomai history. That’s why I’m here. This planet is an absolute treasure trove of culture, history, and science.","Το Μπριτλ Χόλοου είναι γεμάτο νομαϊκή ιστορία. Γι’ αυτό είμαι εδώ. Αυτός ο πλανήτης είναι απόλυτος θησαυρός πολιτισμού, ιστορίας και επιστήμης."
dialogue:1777,dialogue,,164,TAGS,"If you have any questions about the Brittle Hollow Nomai, I’m your Hearthian! Or, um... I have some knowledge of them, I mean. So. <size=20>Maybe I can help?</size>","Αν έχεις απορίες για τους Νομάι του Μπριτλ Χόλοου, εγώ είμαι ο Χάρθιαν σου! Ή, εμ... έχω κάποιες γνώσεις γι’ αυτούς, εννοώ. Οπότε. <size=20>Ίσως μπορώ να βοηθήσω;</size>"
dialogue:1778,dialogue,,124,TAGS,"Oh wow, where <i>shouldn’t</i> you explore here?<Pause> Um, not the <size=20>black hole</size>, actually. That’s... very no.","Α πω πω, πού <i>δεν</i> πρέπει να εξερευνήσεις εδώ;<Pause> Εμ, όχι στη <size=20>μαύρη τρύπα</size>, βασικά. Αυτό είναι... πολύ όχι."
dialogue:1779,dialogue,,190,TAGS,"Which is unfortunate, because uh, the most exciting stuff is all below the crust. Including the <color=orange>Hanging City</color> — that’s just to the north. You can kinda see it from here.","Που είναι κρίμα, γιατί, εμ, τα πιο συναρπαστικά είναι όλα κάτω από τον φλοιό. Μαζί και η <color=orange>Κρεμαστή Πόλη</color> — που είναι λίγο πιο βόρεια. Κάπως φαίνεται από εδώ."
dialogue:1780,dialogue,,274,TAGS,"There’s also this big dome on the south pole called the <color=orange>Southern Observatory</color>. You can’t get inside from the surface — trust me, I tried — but if it’s like the rest of the Nomai structures here, there’s probably a path to it beneath the crust somewhere.","Υπάρχει επίσης ένας μεγάλος θόλος στον νότιο πόλο που τον λένε <color=orange>Νότιο Παρατηρητήριο</color>. Δεν μπορείς να μπεις από την επιφάνεια — πίστεψέ με, το δοκίμασα — αλλά αν είναι σαν τις υπόλοιπες νομαϊκές κατασκευές εδώ, μάλλον υπάρχει κάπου μονοπάτι προς αυτό κάτω από τον φλοιό."
dialogue:1781,dialogue,,135,TAGS,"Good luck with exploring. Um, if you learn anything about the Nomai, I’d love to hear it, <size=20>if it’s not too much trouble?</size>","Καλή τύχη με την εξερεύνηση. Εμ, αν μάθεις τίποτα για τους Νομάι, θα χαιρόμουν πολύ να το ακούσω, <size=20>αν δεν σου είναι κόπος;</size>"
dialogue:1782,dialogue,,34,,"Oh, cool! <Pause />Um, what is it?","Α, τέλεια! <Pause />Εμ, τι είναι;"
dialogue:1783,dialogue,,47,,I found the Nomai escape pod on Brittle Hollow.,Βρήκα τη νομαϊκή κάψουλα διαφυγής στο Μπριτλ Χόλοου.
dialogue:1784,dialogue,,19,,I found the Vessel!,Βρήκα το Σκάφος!
dialogue:1785,dialogue,,25,,I saw the old settlement.,Είδα τον παλιό οικισμό.
dialogue:1786,dialogue,,41,,I saw the Hanging City on Brittle Hollow.,Είδα την Κρεμαστή Πόλη στο Μπριτλ Χόλοου.
dialogue:1787,dialogue,,37,,I saw the Sunless City on Ember Twin.,Είδα την Ανήλιαγη Πόλη στον Δίδυμο της Χόβολης.
dialogue:1788,dialogue,,49,,I found Nomai writing about a quantum pilgrimage.,Βρήκα νομαϊκή γραφή για ένα κβαντικό προσκύνημα.
dialogue:1789,dialogue,,27,,"I went to the comet, and...","Πήγα στον κομήτη, και..."
dialogue:1790,dialogue,,27,,I TALKED TO A LIVING NOMAI!,ΜΙΛΗΣΑ ΜΕ ΜΙΑ ΖΩΝΤΑΝΗ ΝΟΜΑΪ!
dialogue:1791,dialogue,,20,,"Actually, nevermind.","Τελικά, άσ’ το."
dialogue:1792,dialogue,,121,,"Oh, okay. If you do find learn something new about the Nomai, though, I’d love to hear it! Um, if you don’t mind, I mean.","Α, εντάξει. Αν πάντως μάθεις κάτι καινούριο για τους Νομάι, θα χαιρόμουν πολύ να το ακούσω! Εμ, αν δεν σε πειράζει, εννοώ."
dialogue:1793,dialogue,,183,,"Wow! So then, the Nomai probably came here from somewhere outside the solar system. And they must have been in trouble when they launched their escape pod... but what kind of trouble?",Πω πω! Άρα οι Νομάι μάλλον ήρθαν εδώ από κάπου έξω από το ηλιακό σύστημα. Και πρέπει να είχαν μπλέξει άσχημα όταν εκτόξευσαν την κάψουλα διαφυγής τους... αλλά τι είδους μπελάς;
dialogue:1794,dialogue,,57,,And where did the escape pod launch from? I’m so curious!,Και από πού εκτοξεύτηκε η κάψουλα διαφυγής; Έχω τόση περιέργεια!
dialogue:1795,dialogue,,99,,This is an amazing discovery. I hope we can find out more about how and why the Nomai arrived here!,Αυτή είναι καταπληκτική ανακάλυψη. Ελπίζω να μάθουμε περισσότερα για το πώς και το γιατί έφτασαν εδώ οι Νομάι!
dialogue:1796,dialogue,,51,,"You did?! That, that’s incredible, congratulations!","Το βρήκες;! Αυτό, αυτό είναι απίστευτο, συγχαρητήρια!"
dialogue:1797,dialogue,,98,TAGS,"That means they really <i>were</i> from far outside our solar system. Haha, <i>yes</i>! I knew it!","Αυτό σημαίνει ότι <i>όντως</i> ήταν από πολύ μακριά, έξω από το ηλιακό μας σύστημα. Χαχα, <i>ναι</i>! Το ήξερα!"
dialogue:1798,dialogue,,246,TAGS,"But that creates so many new questions! If they didn’t come from our solar system, where did they come from? Are they from our galaxy, or somewhere even farther? What were their lives like before they came here? And <i>why</i> did they come here?","Αλλά αυτό γεννά τόσες νέες ερωτήσεις! Αν δεν ήρθαν από το ηλιακό μας σύστημα, από πού ήρθαν; Είναι από τον γαλαξία μας ή από ακόμη πιο μακριά; Πώς ήταν η ζωή τους πριν έρθουν εδώ; Και <i>γιατί</i> ήρθαν εδώ;"
dialogue:1799,dialogue,,189,TAGS,"Hey, I... I might not be much of an astronaut, but I’m really glad I came out here to see the Nomai’s artifacts for myself. And, um, thanks for telling me. <Pause/>About the Vessel, I mean.","Άκου, εγώ... μπορεί να μην είμαι και σπουδαίος αστροναύτης, αλλά χαίρομαι πραγματικά που ήρθα εδώ να δω τα τεχνουργήματα των Νομάι με τα μάτια μου. Και, εμ, ευχαριστώ που μου το είπες. <Pause/>Για το Σκάφος, εννοώ."
dialogue:1800,dialogue,,84,,"Isn’t it amazing? Hard to believe the settlement is still standing, but there it is.","Δεν είναι καταπληκτικό; Δύσκολα το πιστεύεις ότι ο οικισμός στέκεται ακόμη, αλλά να τος."
dialogue:1801,dialogue,,159,,"It really makes you appreciate living somewhere like Timber Hearth. You know, somewhere that isn’t being constantly bombarded with meteors and rocks and stuff.","Σε κάνει πραγματικά να εκτιμάς το ότι ζεις κάπου σαν το Τίμπερ Χαρθ. Ξέρεις, κάπου που δεν βομβαρδίζεται συνέχεια με μετεωρίτες και βράχους και τα λοιπά."
dialogue:1802,dialogue,,101,,"You visited the Hanging City? Oh gosh, how was it? Was it amazing? Was it beautiful? ...Was it scary?","Επισκέφτηκες την Κρεμαστή Πόλη; Αμάν, πώς ήταν; Ήταν καταπληκτική; Ήταν όμορφη; ...Ήταν τρομακτική;"
dialogue:1803,dialogue,,118,,The Hanging City is where the Nomai settled permanently on Brittle Hollow. It was their most advanced settlement here!,Η Κρεμαστή Πόλη είναι εκεί όπου εγκαταστάθηκαν μόνιμα οι Νομάι στο Μπριτλ Χόλοου. Ήταν ο πιο προηγμένος οικισμός τους εδώ!
dialogue:1804,dialogue,,227,TAGS,"Why they chose to build their most advanced settlement so close to a <i>you-know-what</i> is beyond me. Maybe that kind of thing makes sense to a Nomai, though. ...Maybe they needed the <size=20>black hole</size> for something?",Το γιατί διάλεξαν να χτίσουν τον πιο προηγμένο οικισμό τους τόσο κοντά σε ένα <i>ξέρεις-τι</i> με ξεπερνάει. Ίσως όμως τέτοια πράγματα να βγάζουν νόημα για έναν Νομάι. ...Ίσως χρειάζονταν τη <size=20>μαύρη τρύπα</size> για κάτι;
dialogue:1805,dialogue,,142,TAGS,"You mean there’s another Nomai city <i>inside</i> of Ember Twin? That’s incredible! A whole city, and I had no idea it existed! This is great!","Εννοείς ότι υπάρχει άλλη μια νομαϊκή πόλη <i>μέσα</i> στον Δίδυμο της Χόβολης; Αυτό είναι απίστευτο! Ολόκληρη πόλη, και δεν είχα ιδέα ότι υπήρχε! Αυτό είναι τέλειο!"
dialogue:1806,dialogue,,230,,"How did they keep the sand out? If it were me, I’d be nervous about getting buried in the caves by that awful river of sand. Gosh, the Nomai sure were ingenious, building an entire settlement underground. The Sunless City! ...Wow!","Πώς κρατούσαν έξω την άμμο; Εγώ στη θέση τους θα αγχωνόμουν μη με θάψει στις σπηλιές εκείνο το απαίσιο ποτάμι άμμου. Αμάν, οι Νομάι ήταν όντως ευφυείς, να χτίζουν ολόκληρο οικισμό υπόγεια. Η Ανήλιαγη Πόλη! ...Πω πω!"
dialogue:1807,dialogue,,225,,"That means there were two groups of Nomai — one that lived on Ember Twin, and one that lived here on Brittle Hollow. But they must have traveled around the solar system, since Nomai writing can be found on other planets, too.","Αυτό σημαίνει ότι υπήρχαν δύο ομάδες Νομάι — μία που ζούσε στον Δίδυμο της Χόβολης και μία που ζούσε εδώ, στο Μπριτλ Χόλοου. Πρέπει όμως να ταξίδευαν σε όλο το ηλιακό σύστημα, αφού νομαϊκή γραφή βρίσκεται και σε άλλους πλανήτες."
dialogue:1808,dialogue,,191,,"A pilgrimage to the Quantum Moon? The Nomai mentioned the Quantum Moon in a lot of their writing, so it was clearly special to them. And um, special enough to make a trip there by themselves!","Προσκύνημα στην Κβαντική Σελήνη; Οι Νομάι ανέφεραν την Κβαντική Σελήνη σε πολλά κείμενά τους, οπότε ήταν σαφώς ξεχωριστή γι’ αυτούς. Και, εμ, αρκετά ξεχωριστή ώστε να κάνουν το ταξίδι μόνοι τους!"
dialogue:1809,dialogue,,132,,"It sounds like a coming-of-age ritual, like how hatchlings stay hatchlings until their stomachs are strong enough to drink sap wine.","Ακούγεται σαν τελετή ενηλικίωσης, όπως τα μικρά μένουν μικρά μέχρι να αντέξει το στομάχι τους το κρασί από χυμό δέντρου."
dialogue:1810,dialogue,,80,,"Maybe once a Nomai journeyed to the Quantum Moon, they were considered an adult?","Ίσως, μόλις ένας Νομάι ταξίδευε στην Κβαντική Σελήνη, να θεωρούνταν ενήλικας;"
dialogue:1811,dialogue,,50,TAGS,"Oh, wow. <i>Wow.</i> So that’s how the Nomai died?","Α, πω πω. <i>Πω πω.</i> Έτσι λοιπόν πέθαναν οι Νομάι;"
dialogue:1812,dialogue,,75,,"That’s... really sad, isn’t it? I know it was a long time ago, but still...","Αυτό είναι... πολύ λυπηρό, έτσι δεν είναι; Ξέρω ότι ήταν πριν από πολύ καιρό, αλλά και πάλι..."
dialogue:1813,dialogue,,62,,"Stars above, it’s lucky we hadn’t evolved to live on land yet.","Μα τ’ άστρα, είμαστε τυχεροί που δεν είχαμε ακόμη εξελιχθεί ώστε να ζούμε στη στεριά."
dialogue:1814,dialogue,,127,,"To think, if the comet hadn’t killed them, our species might have coexisted in this solar system. That would have been amazing.","Και να σκεφτείς, αν ο κομήτης δεν τους είχε σκοτώσει, τα είδη μας ίσως συνυπήρχαν σε αυτό το ηλιακό σύστημα. Αυτό θα ήταν καταπληκτικό."
dialogue:1815,dialogue,,6,,But...,Αλλά...
dialogue:1816,dialogue,,147,,"I guess if I hadn’t wanted to learn why the Nomai disappeared, I’d never have left Timber Hearth and come out here, or had any of these adventures.","Υποθέτω ότι αν δεν είχα θελήσει να μάθω γιατί εξαφανίστηκαν οι Νομάι, δεν θα είχα φύγει ποτέ από το Τίμπερ Χαρθ, ούτε θα είχα ζήσει καμία από αυτές τις περιπέτειες."
dialogue:1817,dialogue,,78,,"...Don’t get me wrong, space is terrifying! But, you know, it has its moments.","...Μην παρεξηγηθείς, το διάστημα είναι τρομακτικό! Αλλά, ξέρεις, έχει και τις στιγμές του."
dialogue:1818,dialogue,,112,,"AHHH! That doesn’t make any sense! I don’t understand! I am very excited for you, though! P-please stop yelling!",ΑΑΑΧ! Αυτό δεν βγάζει κανένα νόημα! Δεν καταλαβαίνω! Πάντως χαίρομαι πολύ για σένα! Σ-σε παρακαλώ σταμάτα να φωνάζεις!
dialogue:1819,dialogue,,99,TAGS,"...What? On the Quantum Moon, you said?<Pause> There’s a sort of-living Nomai on the Quantum Moon?!","...Τι; Στην Κβαντική Σελήνη, είπες;<Pause> Υπάρχει μια κάπως ζωντανή Νομάι στην Κβαντική Σελήνη;!"
dialogue:1820,dialogue,,29,,"WELL, WHY DIDN’T YOU SAY SO?!","ΚΑΛΑ, ΓΙΑΤΙ ΔΕΝ ΤΟ ΕΛΕΓΕΣ;!"
dialogue:1821,dialogue,,150,TAGS,Oh wow! <i>Wow</i>! This is the best thing that’s ever happened in the history of Outer Wilds Ventures! I can’t believe you talked to an actual Nomai!,Α πω πω! <i>Πω πω</i>! Αυτό είναι το καλύτερο πράγμα που έχει συμβεί ποτέ στην ιστορία της Outer Wilds Ventures! Δεν το πιστεύω ότι μίλησες με μια αληθινή Νομάι!
dialogue:1822,dialogue,,186,,"Great! So I just have to go back into space, fly to the Quantum Moon with zero visibility, find a spooky ruin, and travel through a few different types of dangerous terrain to get there.","Τέλεια! Άρα το μόνο που έχω να κάνω είναι να γυρίσω στο διάστημα, να πετάξω ως την Κβαντική Σελήνη με μηδενική ορατότητα, να βρω ένα ανατριχιαστικό ερείπιο και να διασχίσω μερικά διαφορετικά είδη επικίνδυνου εδάφους για να φτάσω εκεί."
dialogue:1823,dialogue,,89,TAGS,"Okay, yeah, that’s... that’s not so bad. <Pause><size=20>That’s probably doable...</size>","Εντάξει, ναι, αυτό... δεν είναι και τόσο άσχημο. <Pause><size=20>Μάλλον γίνεται...</size>"
dialogue:1824,dialogue,,79,,This piece of Nomai writing was essential to deciphering their unique language.,Αυτό το κομμάτι νομαϊκής γραφής ήταν καθοριστικό για την αποκρυπτογράφηση της μοναδικής τους γλώσσας.
dialogue:1825,dialogue,,151,,"Although this text is linear, Nomai text often branches off from a central point. Interestingly, each branch tends to be written by a different author.","Αν και αυτό το κείμενο είναι γραμμικό, τα νομαϊκά κείμενα συχνά διακλαδίζονται από ένα κεντρικό σημείο. Ενδιαφέρον είναι ότι κάθε κλάδος τείνει να γράφεται από διαφορετικό συγγραφέα."
dialogue:1826,dialogue,,147,,"What you see here are parts of the Nomai skeleton. We can tell from their skulls that they possessed antlers and, quite unusually, only three eyes.","Αυτό που βλέπετε εδώ είναι μέρη του σκελετού των Νομάι. Από τα κρανία τους καταλαβαίνουμε ότι είχαν κέρατα και, κάτι αρκετά ασυνήθιστο, μόνο τρία μάτια."
dialogue:1827,dialogue,,231,,"The Nomai body was most likely adapted for living exclusively on land. The differences in the Nomai’s anatomy, such as their shockingly fragile bone structure, show us that Hearthians couldn’t have descended from Nomaian ancestors.","Το σώμα των Νομάι ήταν πιθανότατα προσαρμοσμένο για ζωή αποκλειστικά στη στεριά. Οι διαφορές στην ανατομία τους, όπως η εντυπωσιακά εύθραυστη οστική τους δομή, μας δείχνουν ότι οι Χάρθιαν δεν θα μπορούσαν να έχουν προέλθει από αυτούς."
dialogue:1828,dialogue,,146,,"It’s not clear where the Nomai originated from, or why they disappeared. We hope to find more clues to this puzzle as we explore our solar system.","Δεν είναι σαφές από πού προέρχονταν οι Νομάι, ούτε γιατί εξαφανίστηκαν. Ελπίζουμε να βρούμε περισσότερα στοιχεία για αυτόν τον γρίφο καθώς εξερευνούμε το ηλιακό μας σύστημα."
dialogue:1829,dialogue,,92,,The Nomai who came to our solar system were following a signal from the Eye of the universe.,Οι Νομάι που ήρθαν στο ηλιακό μας σύστημα ακολουθούσαν ένα σήμα από το Μάτι του σύμπαντος.
dialogue:1830,dialogue,,178,,"They perished when the Interloper arrived, bringing with it the deadly substance we called ghost matter that flooded the entire solar system almost instantly and without warning.","Χάθηκαν όταν έφτασε το Ιντερλόουπερ, φέρνοντας μαζί του τη θανατηφόρα ουσία που ονομάσαμε ύλη-φάντασμα, η οποία πλημμύρισε ολόκληρο το ηλιακό σύστημα σχεδόν ακαριαία και χωρίς προειδοποίηση."
dialogue:1831,dialogue,,35,,We never figured out how they died.,Ποτέ δεν καταλάβαμε πώς πέθαναν.
dialogue:1832,dialogue,,74,,Stars like our sun generate light and heat by fusing hydrogen into helium.,Αστέρια σαν τον ήλιο μας παράγουν φως και θερμότητα συντήκοντας υδρογόνο σε ήλιο.
dialogue:1833,dialogue,,72,,"As it grows older, the star runs out of hydrogen and starts to contract.","Καθώς γερνάει, το αστέρι ξεμένει από υδρογόνο και αρχίζει να συστέλλεται."
dialogue:1834,dialogue,,114,,"As the star’s core contracts, it gets hotter, causing the outer layers to expand. The star has become a red giant.","Καθώς ο πυρήνας του αστεριού συστέλλεται, θερμαίνεται, κάνοντας τα εξωτερικά στρώματα να διαστέλλονται. Το αστέρι έχει γίνει ερυθρός γίγαντας."
dialogue:1835,dialogue,,66,,"When the core is hot enough, it starts to fuse helium into carbon.","Όταν ο πυρήνας ζεσταθεί αρκετά, αρχίζει να συντήκει ήλιο σε άνθρακα."
dialogue:1836,dialogue,,98,,"If a star is massive enough, it will continue to fuse carbon into even heavier elements like iron.","Αν ένα αστέρι είναι αρκετά μεγάλο, θα συνεχίσει να συντήκει άνθρακα σε ακόμη βαρύτερα στοιχεία, όπως ο σίδηρος."
dialogue:1837,dialogue,,112,,"Ultimately, the star will collapse under its own gravity and then explode in a violent event called a supernova.","Τελικά, το αστέρι θα καταρρεύσει υπό τη βαρύτητά του και μετά θα εκραγεί σε ένα βίαιο γεγονός που ονομάζεται σουπερνόβα."
dialogue:1838,dialogue,,76,,"Based on Chert's observations, this will one day be the fate of our own sun.","Με βάση τις παρατηρήσεις του Τσερτ, αυτή θα είναι κάποια μέρα η μοίρα και του δικού μας ήλιου."
dialogue:1839,dialogue,,109,,"At the end of its lifespan, our sun collapsed under its own gravity and then exploded in a violent supernova.","Στο τέλος της ζωής του, ο ήλιος μας κατέρρευσε υπό τη βαρύτητά του και μετά εξερράγη σε μια βίαιη σουπερνόβα."
dialogue:1840,dialogue,,47,,Watch closely... these balls move on their own!,Κοιτάξτε προσεκτικά... αυτές οι μπάλες κινούνται μόνες τους!
dialogue:1841,dialogue,,78,,"The ground is perfectly level, so what do you think causes this spooky motion?","Το έδαφος είναι απόλυτα επίπεδο, οπότε τι νομίζετε ότι προκαλεί αυτή την ανατριχιαστική κίνηση;"
dialogue:1842,dialogue,,156,,"The answer is the moon! As it orbits our planet, the Attlerock’s gravity pulls on objects from different directions. In fact, it’s pulling on you right now!","Η απάντηση είναι το φεγγάρι! Καθώς περιφέρεται γύρω από τον πλανήτη μας, η βαρύτητα του Άτλροκ τραβάει αντικείμενα από διαφορετικές κατευθύνσεις. Μάλιστα, τραβάει κι εσένα αυτή τη στιγμή!"
dialogue:1843,dialogue,ROOT,229,TAGS,"ROOT: I was hoping to deliver new ore data to Poke in her <color=orange>Black Hole Forge</color>, but the warp tower on the <color=orange>Twilight Twin</color> sent me to the wrong part of <color=lightblue>Brittle Hollow</color>.","ΡΟΥΤ: Ήλπιζα να παραδώσω νέα δεδομένα μεταλλεύματος στην Πόουκ, στο <color=orange>Σφυρηλατείο της Μαύρης Τρύπας</color>, αλλά ο πύργος στρέβλωσης στον <color=orange>Δίδυμο του Λυκόφωτος</color> με έστειλε σε λάθος σημείο του <color=lightblue>Μπριτλ Χόλοου</color>."
dialogue:1844,dialogue,ROOT,106,,ROOT: Could someone kindly remind me if there’s a way to warp directly to the forge or if I imagined this?,"ΡΟΥΤ: Θα μπορούσε κάποιος να μου θυμίσει αν υπάρχει τρόπος να κάνω στρέβλωση κατευθείαν στο σφυρηλατείο, ή μήπως το φαντάστηκα;"
dialogue:1845,dialogue,CLARY,250,TAGS,"CLARY: There is! The <color=lightblue>Brittle Hollow</color> warp tower that stands on the <color=orange>Twilight Twin</color> will take you to two different places, including the forge. Just make sure you start at the correct place within the tower.","ΚΛΑΡΥ: Υπάρχει! Ο πύργος στρέβλωσης του <color=lightblue>Μπριτλ Χόλοου</color> που στέκει στον <color=orange>Δίδυμο του Λυκόφωτος</color> σε πάει σε δύο διαφορετικά μέρη, μαζί και στο σφυρηλατείο. Απλώς φρόντισε να ξεκινήσεις από το σωστό σημείο μέσα στον πύργο."
dialogue:1846,dialogue,ROOT,121,TAGS,ROOT: Of personal note: Remember to give Clary my gratitude when next I visit the <color=orange>Black Hole Forge</color>.,ΡΟΥΤ: Προσωπική σημείωση: Να θυμηθώ να ευχαριστήσω την Κλάρυ την επόμενη φορά που θα επισκεφθώ το <color=orange>Σφυρηλατείο της Μαύρης Τρύπας</color>.
dialogue:1847,dialogue,,47,TAGS,<color=orange>Black Hole Forge controls</color>,<color=orange>Χειριστήρια Σφυρηλατείου Μαύρης Τρύπας</color>
dialogue:1848,dialogue,POKE,171,,"POKE: Clary and Root, kindly tune the alignments on each black hole core as I finish them. The schematic on the floor shows which warp tower aligns with which astral body.","ΠΟΟΥΚ: Κλάρυ και Ρουτ, ρυθμίστε τις ευθυγραμμίσεις σε κάθε πυρήνα μαύρης τρύπας καθώς τους τελειώνω. Το σχέδιο στο δάπεδο δείχνει ποιος πύργος στρέβλωσης ευθυγραμμίζεται με ποιο ουράνιο σώμα."
dialogue:1849,dialogue,CLARY,193,TAGS,"CLARY: To speed future deliveries to <color=lightblue>Ash Twin</color>, I’ve tuned the first black hole core to activate when its warp tower aligns with <color=lightblue>Brittle Hollow</color>.","ΚΛΑΡΥ: Για να επιταχύνω τις μελλοντικές παραδόσεις στον <color=lightblue>Δίδυμο της Στάχτης</color>, ρύθμισα τον πρώτο πυρήνα μαύρης τρύπας να ενεργοποιείται όταν ο πύργος του ευθυγραμμίζεται με το <color=lightblue>Μπριτλ Χόλοου</color>."
dialogue:1850,dialogue,CLARY,106,TAGS,"CLARY: And before anyone comments, <i>yes</i>, I am aware this reduces the distance between Yarrow and me.","ΚΛΑΡΥ: Και πριν σχολιάσει κανείς, <i>ναι</i>, το γνωρίζω ότι αυτό μειώνει την απόσταση ανάμεσα σε μένα και στον Γιάροου."
dialogue:1851,dialogue,ROOT,137,TAGS,ROOT: The schematic shows the six towers on <color=lightblue>Ash Twin</color> are being tuned to only five alignments. Is that a mistake?,ΡΟΥΤ: Το σχέδιο δείχνει ότι οι έξι πύργοι στον <color=lightblue>Δίδυμο της Στάχτης</color> ρυθμίζονται σε μόνο πέντε ευθυγραμμίσεις. Είναι λάθος;
dialogue:1852,dialogue,POKE,139,TAGS,"POKE: No, that’s correct. For these alignments we've decided to treat the <color=lightblue>Hourglass Twins</color> as a single astral body.","ΠΟΟΥΚ: Όχι, είναι σωστό. Γι’ αυτές τις ευθυγραμμίσεις αποφασίσαμε να αντιμετωπίζουμε τους <color=lightblue>Διδύμους της Κλεψύδρας</color> ως ένα ενιαίο ουράνιο σώμα."
dialogue:1853,dialogue,POKE,170,TAGS,POKE: Have you seen Phlox’s tower designs in the <color=orange>High Energy Lab</color> on <color=lightblue>Ember Twin</color>? They clarify each tower’s warp destination.,ΠΟΟΥΚ: Είδατε τα σχέδια των πύργων του Φλοξ στο <color=orange>Εργαστήριο Υψηλών Ενεργειών</color> στον <color=lightblue>Δίδυμο της Χόβολης</color>; Ξεκαθαρίζουν τον προορισμό στρέβλωσης κάθε πύργου.
dialogue:1854,dialogue,POKE,108,TAGS,"POKE: If it helps, you can imagine the <color=lightblue>Hourglass Twins</color> as aligning with themselves.","ΠΟΟΥΚ: Αν βοηθάει, μπορείτε να φαντάζεστε ότι οι <color=lightblue>Δίδυμοι της Κλεψύδρας</color> ευθυγραμμίζονται με τον εαυτό τους."
dialogue:1855,dialogue,THATCH,155,TAGS,THATCH: This knowledge is too dear to lose: Here is everything we can recall about the signal we encountered while aboard the <color=orange>Vessel</color>.,"ΘΑΤΣ: Αυτή η γνώση είναι πολύ πολύτιμη για να χαθεί: Να ό,τι μπορούμε να θυμηθούμε για το σήμα που συναντήσαμε όσο ήμασταν πάνω στο <color=orange>Σκάφος</color>."
dialogue:1856,dialogue,FILIX,139,,"FILIX: The signal looked like an eye: round, with a circle at the center much like a pupil. (Suppose the signal was looking for something.)","ΦΙΛΙΞ: Το σήμα έμοιαζε με μάτι: στρογγυλό, με έναν κύκλο στο κέντρο σαν κόρη. (Ας υποθέσουμε ότι το σήμα έψαχνε κάτι.)"
dialogue:1857,dialogue,FILIX,90,,FILIX: The signal was older than the universe itself! This is the most significant detail.,ΦΙΛΙΞ: Το σήμα ήταν αρχαιότερο από το ίδιο το σύμπαν! Αυτή είναι η πιο σημαντική λεπτομέρεια.
dialogue:1858,dialogue,PLUME,128,,PLUME: No Nomai clan has ever encountered anything like it! How can anything in this universe be older than the universe itself?,ΠΛΟΥΜ: Καμία φυλή Νομάι δεν έχει συναντήσει ποτέ κάτι τέτοιο! Πώς μπορεί οτιδήποτε σε αυτό το σύμπαν να είναι αρχαιότερο από το ίδιο το σύμπαν;
dialogue:1859,dialogue,THATCH,135,TAGS,THATCH: Imagine what rare and profound knowledge it might offer. We <i>must</i> find this <color=lightblue>Eye of the universe</color>.,ΘΑΤΣ: Φαντάσου τι σπάνια και βαθιά γνώση μπορεί να προσφέρει. <i>Πρέπει</i> να βρούμε αυτό το <color=lightblue>Μάτι του σύμπαντος</color>.
dialogue:1860,dialogue,,47,TAGS,<color=orange>Black Hole Forge District</color>,<color=orange>Συνοικία του Σφυρηλατείου της Μαύρης Τρύπας</color>
dialogue:1861,dialogue,,50,TAGS NL,The <color=orange>Crossroads</color>\\n(west 350m),Το <color=orange>Σταυροδρόμι</color>\\n(δυτικά 350μ)
dialogue:1862,dialogue,,61,TAGS NL,The <color=orange>Southern Observatory</color>\\n(south 550m),Το <color=orange>Νότιο Παρατηρητήριο</color>\\n(νότια 550μ)
dialogue:1863,dialogue,,61,TAGS NL,<color=orange>Gravity Crystal Workshop</color>\\n(above 140m),<color=orange>Εργαστήρι Κρυστάλλων Βαρύτητας</color>\\n(πάνω 140μ)
dialogue:1864,dialogue,,50,TAGS NL,<color=orange>Gravity Cannon</color>\\n(east 400m),<color=orange>Κανόνι Βαρύτητας</color>\\n(ανατολικά 400μ)
dialogue:1865,dialogue,,53,TAGS NL,The <color=orange>Hanging City</color>\\n(north 250m),Η <color=orange>Κρεμαστή Πόλη</color>\\n(βόρεια 250μ)
dialogue:1866,dialogue,,66,TAGS NL,The <color=orange>Tower of Quantum Knowledge</color>\\n(west 190m),Ο <color=orange>Πύργος της Κβαντικής Γνώσης</color>\\n(δυτικά 190μ)
dialogue:1867,dialogue,,52,TAGS NL,<color=orange>Lower Crossroads</color>\\n(below 56m),<color=orange>Κάτω Σταυροδρόμι</color>\\n(κάτω 56μ)
dialogue:1868,dialogue,,52,TAGS NL,The <color=orange>Hanging City</color>\\n(below 50m),Η <color=orange>Κρεμαστή Πόλη</color>\\n(κάτω 50μ)
dialogue:1869,dialogue,,41,TAGS,<color=orange>Eye Shrine District</color>,<color=orange>Συνοικία του Ιερού του Ματιού</color>
dialogue:1870,dialogue,,40,TAGS,<color=orange>Meltwater District</color>,<color=orange>Συνοικία του Λιωμένου Πάγου</color>
dialogue:1871,dialogue,,51,TAGS NL,<color=orange>Black Hole Forge</color>\\n(left 30m),<color=orange>Σφυρηλατείο της Μαύρης Τρύπας</color>\\n(αριστερά 30μ)
dialogue:1872,dialogue,,50,TAGS NL,The <color=orange>Crossroads</color>\\n(east 190m),Το <color=orange>Σταυροδρόμι</color>\\n(ανατολικά 190μ)
dialogue:1873,dialogue,,37,TAGS,<color=orange>School District</color>,<color=orange>Σχολική Συνοικία</color>
dialogue:1874,dialogue,,53,TAGS NL,<color=orange>Gravity Cannon</color> Controls\\n(90m),Χειριστήρια <color=orange>Κανονιού Βαρύτητας</color>\\n(90μ)
dialogue:1875,dialogue,,78,TAGS NL,Entrance to the <color=orange>Tower of Quantum Knowledge</color>\\n(below 90m),Είσοδος στον <color=orange>Πύργο της Κβαντικής Γνώσης</color>\\n(κάτω 90μ)
dialogue:1876,dialogue,,93,TAGS,The <color=orange>shuttle</color> is currently resting at the <color=lightblue>comet</color>.,Η <color=orange>άκατος</color> βρίσκεται αυτή τη στιγμή στον <color=lightblue>κομήτη</color>.
dialogue:1877,dialogue,,237,TAGS,"Who’s been computing shuttle trajectories to the <color=orange>Sun Station</color>? Don’t worry; the station is in such a low stellar orbit, we’ve constructed a different, safer way to travel there from <color=lightblue>Ash Twin</color>.","Ποιος υπολογίζει τροχιές ακάτου προς τον <color=orange>Ηλιακό Σταθμό</color>; Μην ανησυχείτε· ο σταθμός βρίσκεται σε τόσο χαμηλή αστρική τροχιά που κατασκευάσαμε έναν διαφορετικό, ασφαλέστερο τρόπο να ταξιδεύει κανείς εκεί από τον <color=lightblue>Δίδυμο της Στάχτης</color>."
dialogue:1878,dialogue,IDAEA,204,TAGS,"IDAEA: That would be Pye. I told her we wouldn’t be traveling there by <color=orange>shuttle</color>, and that the <color=orange>Sun Station</color> doesn’t even have a landing pad, but she said she knew.","ΙΔΑΙΑ: Αυτή θα είναι η Πάι. Της είπα ότι δεν θα ταξιδεύαμε εκεί με <color=orange>άκατο</color> και ότι ο <color=orange>Ηλιακός Σταθμός</color> δεν έχει καν πλατφόρμα προσγείωσης, αλλά είπε ότι το ήξερε."
dialogue:1879,dialogue,PYE,131,,"PYE: It’s a purely theoretical exercise on my part, Yarrow. Who doesn’t love computing a good low stellar orbit shuttle trajectory!","ΠΑΪ: Είναι καθαρά θεωρητική άσκηση από μέρους μου, Γιάροου. Ποιος δεν αγαπά τον υπολογισμό μιας ωραίας τροχιάς ακάτου σε χαμηλή αστρική τροχιά!"
dialogue:1880,dialogue,IDAEA,143,TAGS,"IDAEA: Pye, I look forward to working with you, but I’m also relieved it will be easy to return to <color=lightblue>Ash Twin</color> regularly.","ΙΔΑΙΑ: Πάι, ανυπομονώ να δουλέψω μαζί σου, αλλά ανακουφίζομαι κιόλας που θα είναι εύκολο να επιστρέφω τακτικά στον <color=lightblue>Δίδυμο της Στάχτης</color>."
dialogue:1881,dialogue,MELORAE,161,,"MELORAE: This rock is very familiar! Did you travel here, my sedimentary friend? Because your unique color and texture appears identical to a rock I met earlier.","ΜΕΛΟΡΕ: Αυτός ο βράχος μού είναι πολύ οικείος! Ταξίδεψες ως εδώ, ιζηματογενή μου φίλε; Γιατί το μοναδικό σου χρώμα και η υφή σου φαίνονται πανομοιότυπα με έναν βράχο που γνώρισα νωρίτερα."
dialogue:1882,dialogue,MELORAE,114,,MELORAE: Wasn’t this same rock fragment in the cave we found at the bottom of the dry lakebed (at the north pole)?,ΜΕΛΟΡΕ: Δεν ήταν το ίδιο θραύσμα βράχου στη σπηλιά που βρήκαμε στον πάτο της στεγνής λίμνης (στον βόρειο πόλο);
dialogue:1883,dialogue,COLEUS,160,TAGS,"COLEUS: An update: Melorae and I went back to the <color=orange>Lakebed Cave</color> and observed this rock again. Sometimes it’s there, and sometimes it isn’t.",ΚΟΛΕΟΥΣ: Ενημέρωση: Η Μελόρε κι εγώ γυρίσαμε στη <color=orange>Σπηλιά του Βυθού της Λίμνης</color> και παρατηρήσαμε ξανά αυτόν τον βράχο. Άλλοτε είναι εκεί κι άλλοτε όχι.
dialogue:1884,dialogue,MELORAE,103,TAGS,MELORAE: That means this rock wanders like the <color=lightblue>Quantum Moon</color> does. How curious!,ΜΕΛΟΡΕ: Αυτό σημαίνει ότι αυτός ο βράχος περιπλανιέται όπως η <color=lightblue>Κβαντική Σελήνη</color>. Πόσο περίεργο!
dialogue:1885,dialogue,COLEUS,128,TAGS,COLEUS: We plan to reexamine the northern <color=orange>Lakebed Cave</color>. (Maybe our friendly rock will meet us down there!),ΚΟΛΕΟΥΣ: Σκοπεύουμε να επανεξετάσουμε τη βόρεια <color=orange>Σπηλιά του Βυθού της Λίμνης</color>. (Ίσως ο φιλικός μας βράχος μάς συναντήσει εκεί κάτω!)
dialogue:1886,dialogue,,47,TAGS NL,The <color=orange>Sunless City</color>\\n(120m),Η <color=orange>Ανήλιαγη Πόλη</color>\\n(120μ)
dialogue:1887,dialogue,,45,TAGS NL,<color=orange>Gravity Cannon</color>\\n(120m),<color=orange>Κανόνι Βαρύτητας</color>\\n(120μ)
dialogue:1888,dialogue,,50,TAGS NL,The <color=orange>High Energy Lab</color>\\n(400m),Το <color=orange>Εργαστήριο Υψηλών Ενεργειών</color>\\n(400μ)
dialogue:1889,dialogue,,56,TAGS NL,<color=orange>Anglerfish Fossil Overlook</color>\\n(40m),<color=orange>Πανοραμική Θέα Απολιθώματος Βατραχόψαρου</color>\\n(40μ)
dialogue:1890,dialogue,,49,TAGS NL,<color=orange>Stepping Stone Cave</color>\\n(20m),<color=orange>Σπηλιά των Σκαλοπατιών</color>\\n(20μ)
dialogue:1891,dialogue,,47,TAGS NL,The <color=orange>Sunless City</color>\\n(120m),Η <color=orange>Ανήλιαγη Πόλη</color>\\n(120μ)
dialogue:1892,dialogue,,46,TAGS NL,<color=orange>Crash Site Caves</color>\\n(60m),<color=orange>Σπηλιές Σημείου Συντριβής</color>\\n(60μ)
dialogue:1893,dialogue,,50,TAGS NL,The <color=orange>High Energy Lab</color>\\n(300m),Το <color=orange>Εργαστήριο Υψηλών Ενεργειών</color>\\n(300μ)
dialogue:1894,dialogue,,47,TAGS NL,The <color=orange>Sunless City</color>\\n(300m),Η <color=orange>Ανήλιαγη Πόλη</color>\\n(300μ)
dialogue:1895,dialogue,,141,TAGS,"<TimeMinutes> MINUTES, <TimeSeconds> SECONDS AGO: Long-range probe successfully launched from the <color=orange>Orbital Probe Cannon</color>.","ΠΡΙΝ ΑΠΟ <TimeMinutes> ΛΕΠΤΑ, <TimeSeconds> ΔΕΥΤΕΡΟΛΕΠΤΑ: Επιτυχής εκτόξευση βολίδας μεγάλης εμβέλειας από το <color=orange>Τροχιακό Κανόνι Βολίδας</color>."
dialogue:1896,dialogue,,147,,We offer our congratulations! You’ve learned the rule of quantum imaging. Take this knowledge with you on the remainder of your quantum pilgrimage.,Σου δίνουμε τα συγχαρητήριά μας! Έμαθες τον κανόνα της κβαντικής απεικόνισης. Πάρε αυτή τη γνώση μαζί σου στο υπόλοιπο κβαντικό σου προσκύνημα.
dialogue:1897,dialogue,,63,,"Remember, the other quantum shards have other lessons to teach.","Θυμήσου, τα άλλα κβαντικά θραύσματα έχουν άλλα μαθήματα να διδάξουν."
dialogue:1898,dialogue,,150,,"Our curiosity goes with you on your journey. You walk in the footsteps of those who came before you, and your path guides those who will follow later.","Η περιέργειά μας σε συνοδεύει στο ταξίδι σου. Βαδίζεις στα βήματα εκείνων που ήρθαν πριν από σένα, και το μονοπάτι σου καθοδηγεί εκείνους που θα ακολουθήσουν."
dialogue:1899,dialogue,PHLOX,144,,"PHLOX: Yarrow, would you kindly step back so Daz is closest to the statue? When pairing, the statue will choose whoever is in closest proximity.","ΦΛΟΞ: Γιάροου, θα έκανες την καλοσύνη να κάνεις πίσω, ώστε ο Νταζ να είναι πιο κοντά στο άγαλμα; Κατά τη σύζευξη, το άγαλμα θα επιλέξει όποιον βρίσκεται πλησιέστερα."
dialogue:1900,dialogue,PHLOX,232,TAGS,"PHLOX: ...See how its eyes have opened? That tells us the statue has paired with Daz. Now, no matter where he is in this star system, Daz’s statue will record his memories and send them to the <color=orange>Ash Twin Project</color>.","ΦΛΟΞ: ...Βλέπετε πώς άνοιξαν τα μάτια του; Αυτό μας λέει ότι το άγαλμα συζεύχθηκε με τον Νταζ. Τώρα, όπου κι αν βρίσκεται σε αυτό το αστρικό σύστημα, το άγαλμα του Νταζ θα καταγράφει τις αναμνήσεις του και θα τις στέλνει στο <color=orange>Πρότζεκτ του Διδύμου της Στάχτης</color>."
dialogue:1901,dialogue,YARROW,52,,"YARROW: This is extraordinary sculpting work, Phlox!","ΓΙΑΡΟΟΥ: Αυτή είναι εξαιρετική δουλειά γλυπτικής, Φλοξ!"
dialogue:1902,dialogue,DAZ,137,,"DAZ: He has outdone himself again, hasn’t he? And now that we have our first successful pairing, we can test my memory storage prototype.","ΝΤΑΖ: Ξεπέρασε πάλι τον εαυτό του, έτσι; Και τώρα που έχουμε την πρώτη επιτυχημένη σύζευξη, μπορούμε να δοκιμάσουμε το πρωτότυπο αποθήκευσης αναμνήσεων που έφτιαξα."
dialogue:1903,dialogue,DAZ,125,TAGS,DAZ: Each statue will send a single Nomai’s memories to his or her own storage unit within <color=lightblue>Ash Twin</color>.,ΝΤΑΖ: Κάθε άγαλμα θα στέλνει τις αναμνήσεις ενός μόνο Νομάι στη δική του μονάδα αποθήκευσης μέσα στον <color=lightblue>Δίδυμο της Στάχτης</color>.
dialogue:1904,dialogue,PHLOX,162,,"PHLOX: Each storage unit will be equipped with a mask, the statue’s counterpart, which will be able to send those stored memories back to the corresponding Nomai.","ΦΛΟΞ: Κάθε μονάδα αποθήκευσης θα είναι εξοπλισμένη με μια μάσκα, το αντίστοιχο του αγάλματος, που θα μπορεί να στέλνει αυτές τις αποθηκευμένες αναμνήσεις πίσω στον αντίστοιχο Νομάι."
dialogue:1905,dialogue,,127,TAGS,"<TimeMinutes> MINUTES, <TimeSeconds> SECONDS AGO: Request to launch probe received from <color=orange>Ash Twin Project</color>.","ΠΡΙΝ ΑΠΟ <TimeMinutes> ΛΕΠΤΑ, <TimeSeconds> ΔΕΥΤΕΡΟΛΕΠΤΑ: Ελήφθη αίτημα εκτόξευσης βολίδας από το <color=orange>Πρότζεκτ του Διδύμου της Στάχτης</color>."
dialogue:1906,dialogue,,80,,Cannon aligned with randomly selected probe trajectory. Gravity field activated.,Το κανόνι ευθυγραμμίστηκε με τυχαία επιλεγμένη τροχιά βολίδας. Το πεδίο βαρύτητας ενεργοποιήθηκε.
dialogue:1907,dialogue,,36,TAGS,<color=orange>Control Module</color>,<color=orange>Μονάδα Ελέγχου</color>
dialogue:1908,dialogue,,35,TAGS,<color=orange>Launch Module</color>,<color=orange>Μονάδα Εκτόξευσης</color>
dialogue:1909,dialogue,,40,,Receiving data from probe <NbTimeloops>.,Λήψη δεδομένων από τη βολίδα <NbTimeloops>.
dialogue:1910,dialogue,,54,,Visualizing current trajectory of probe <NbTimeloops>.,Απεικόνιση τρέχουσας τροχιάς της βολίδας <NbTimeloops>.
dialogue:1911,dialogue,SOLANUM,238,TAGS,"SOLANUM: There is fundamental uncertainty throughout the universe. Normally, this uncertainty is only observable on a very small scale. As one approaches the <color=lightblue>Eye</color>, however, that uncertainty grows <i>enormously</i>.","ΣΟΛΑΝΟΥΜ: Υπάρχει θεμελιώδης αβεβαιότητα σε όλο το σύμπαν. Κανονικά, αυτή η αβεβαιότητα είναι παρατηρήσιμη μόνο σε πολύ μικρή κλίμακα. Όσο όμως πλησιάζει κανείς στο <color=lightblue>Μάτι</color>, αυτή η αβεβαιότητα μεγαλώνει <i>τεράστια</i>."
dialogue:1912,dialogue,SOLANUM,307,TAGS,"SOLANUM: The <color=lightblue>Quantum Moon</color> probably exhibits macroscopic quantum behavior because of its proximity to the <color=lightblue>Eye</color>. Shards that broke off from the <color=lightblue>Quantum Moon</color> have a similar effect, as I imagine you’ve seen elsewhere in this star system.","ΣΟΛΑΝΟΥΜ: Η <color=lightblue>Κβαντική Σελήνη</color> πιθανότατα εμφανίζει μακροσκοπική κβαντική συμπεριφορά λόγω της εγγύτητάς της στο <color=lightblue>Μάτι</color>. Τα θραύσματα που αποκόπηκαν από την <color=lightblue>Κβαντική Σελήνη</color> έχουν παρόμοιο αποτέλεσμα, όπως φαντάζομαι ότι έχεις δει αλλού σε αυτό το αστρικό σύστημα."
dialogue:1913,dialogue,SOLANUM,194,TAGS,SOLANUM: Conscious observation forces a quantum object to collapse to a single possibility. But what would happen if a conscious observer somehow entered the <color=lightblue>Eye</color> itself?,ΣΟΛΑΝΟΥΜ: Η συνειδητή παρατήρηση αναγκάζει ένα κβαντικό αντικείμενο να καταρρεύσει σε μία μόνο πιθανότητα. Τι θα συνέβαινε όμως αν ένας συνειδητός παρατηρητής έμπαινε με κάποιον τρόπο μέσα στο ίδιο το <color=lightblue>Μάτι</color>;
dialogue:1914,dialogue,SOLANUM,64,,"SOLANUM: Over time, this has become my clan’s greatest question.","ΣΟΛΑΝΟΥΜ: Με τον καιρό, αυτό έγινε το μεγαλύτερο ερώτημα της φυλής μου."
dialogue:1915,dialogue,SOLANUM,134,TAGS,SOLANUM: I imagine your purpose here is the same as mine: to learn about and to find the <color=lightblue>Eye of the universe</color>.,ΣΟΛΑΝΟΥΜ: Φαντάζομαι ότι ο σκοπός σου εδώ είναι ο ίδιος με τον δικό μου: να μάθεις για το <color=lightblue>Μάτι του σύμπαντος</color> και να το βρεις.
dialogue:1916,dialogue,SOLANUM,120,,"SOLANUM: I’m unsure how you arrived here, however. Perhaps you came from another star system, as my clan originally did?","ΣΟΛΑΝΟΥΜ: Δεν είμαι σίγουρη όμως πώς έφτασες εδώ. Ίσως ήρθες από άλλο αστρικό σύστημα, όπως ήρθε αρχικά και η φυλή μου;"
dialogue:1917,dialogue,SOLANUM,197,TAGS,"SOLANUM: Have you encountered a quantum shard on another planet? The shards look the same as the <color=lightblue>Quantum Moon</color>’s surface does now, while at the <color=lightblue>Eye</color>.","ΣΟΛΑΝΟΥΜ: Έχεις συναντήσει κβαντικό θραύσμα σε άλλον πλανήτη; Τα θραύσματα μοιάζουν με την επιφάνεια της <color=lightblue>Κβαντικής Σελήνης</color> όπως είναι τώρα, εδώ στο <color=lightblue>Μάτι</color>."
dialogue:1918,dialogue,SOLANUM,164,TAGS,"SOLANUM: From this, we can reasonably infer the <color=lightblue>Quantum Moon</color>’s natural state is as we see it now, and that the Eye is its primary location.","ΣΟΛΑΝΟΥΜ: Από αυτό μπορούμε εύλογα να συμπεράνουμε ότι η φυσική κατάσταση της <color=lightblue>Κβαντικής Σελήνης</color> είναι όπως τη βλέπουμε τώρα, και ότι το Μάτι είναι η κύρια τοποθεσία της."
dialogue:1919,dialogue,SOLANUM,341,TAGS,"SOLANUM: Given the <color=lightblue>Quantum Moon</color> is the <color=lightblue>Eye</color>’s moon, it’s likely that any characteristics the moon exhibits are also exhibited by the Eye itself. The <color=lightblue>Quantum Moon</color> and its shards, for instance, are quantum; thus, the <color=lightblue>Eye</color> is likely also quantum.","ΣΟΛΑΝΟΥΜ: Δεδομένου ότι η <color=lightblue>Κβαντική Σελήνη</color> είναι το φεγγάρι του <color=lightblue>Ματιού</color>, είναι πιθανό όποια χαρακτηριστικά εμφανίζει η σελήνη να τα εμφανίζει και το ίδιο το Μάτι. Η <color=lightblue>Κβαντική Σελήνη</color> και τα θραύσματά της, για παράδειγμα, είναι κβαντικά· άρα και το <color=lightblue>Μάτι</color> είναι πιθανότατα κβαντικό."
dialogue:1920,dialogue,SOLANUM,233,TAGS,"SOLANUM: In fact, this moon is probably quantum because its proximity to the <color=lightblue>Eye</color> made it quantum, the same way the areas surrounding quantum shards that landed on other planets eventually became quantum, too.","ΣΟΛΑΝΟΥΜ: Στην πραγματικότητα, αυτή η σελήνη είναι μάλλον κβαντική επειδή η εγγύτητά της στο <color=lightblue>Μάτι</color> την έκανε κβαντική, όπως ακριβώς και οι περιοχές γύρω από τα κβαντικά θραύσματα που έπεσαν σε άλλους πλανήτες έγιναν τελικά κι αυτές κβαντικές."
dialogue:1921,dialogue,SOLANUM,142,TAGS,SOLANUM: I am on my first pilgrimage to the <color=lightblue>Quantum Moon</color>. All Nomai in my clan make this journey when we come of age.,ΣΟΛΑΝΟΥΜ: Είμαι στο πρώτο μου προσκύνημα στην <color=lightblue>Κβαντική Σελήνη</color>. Όλοι οι Νομάι της φυλής μου κάνουν αυτό το ταξίδι όταν ενηλικιώνονται.
dialogue:1922,dialogue,SOLANUM,237,TAGS,"SOLANUM: Even though the <color=lightblue>Eye</color> cannot be reached from here, the <color=lightblue>Quantum Moon</color> remains special to us, as it carries us nearer to the <color=lightblue>Eye</color> than any other place we know.","ΣΟΛΑΝΟΥΜ: Παρόλο που το <color=lightblue>Μάτι</color> δεν μπορεί να προσεγγιστεί από εδώ, η <color=lightblue>Κβαντική Σελήνη</color> παραμένει ξεχωριστή για εμάς, γιατί μας φέρνει πιο κοντά στο <color=lightblue>Μάτι</color> από κάθε άλλο μέρος που γνωρίζουμε."
dialogue:1923,dialogue,SOLANUM,267,TAGS,"SOLANUM: I’ve journeyed here to be close to the <color=lightblue>Eye</color>. While the <color=lightblue>Eye</color> is obscured from our sight, we can see the <color=lightblue>Quantum Moon</color>’s reflection of the <color=lightblue>Eye</color> in the sky above us.","ΣΟΛΑΝΟΥΜ: Ταξίδεψα εδώ για να είμαι κοντά στο <color=lightblue>Μάτι</color>. Ενώ το <color=lightblue>Μάτι</color> είναι κρυμμένο από τα μάτια μας, μπορούμε να δούμε την αντανάκλαση του <color=lightblue>Ματιού</color> από την <color=lightblue>Κβαντική Σελήνη</color> στον ουρανό από πάνω μας."
dialogue:1924,dialogue,SOLANUM,109,TAGS,SOLANUM: Suppose you could reach the <color=lightblue>Eye of the universe</color>: Would you try to enter it?,ΣΟΛΑΝΟΥΜ: Ας υποθέσουμε ότι μπορούσες να φτάσεις στο <color=lightblue>Μάτι του σύμπαντος</color>: Θα προσπαθούσες να μπεις μέσα του;
dialogue:1925,dialogue,SOLANUM,74,,SOLANUM: What do you imagine the effects of a conscious observer might be?,ΣΟΛΑΝΟΥΜ: Τι φαντάζεσαι ότι θα ήταν οι συνέπειες ενός συνειδητού παρατηρητή;
dialogue:1926,dialogue,SOLANUM,322,TAGS,"SOLANUM: I imagine you’ve noticed the <color=lightblue>Quantum Moon</color> changes in appearance depending on which location it is currently orbiting (for instance, the moon looks quite different when orbiting <color=lightblue>Giant's Deep</color> than it does when orbiting the <color=lightblue>Hourglass Twins</color>).","ΣΟΛΑΝΟΥΜ: Φαντάζομαι ότι έχεις προσέξει πως η <color=lightblue>Κβαντική Σελήνη</color> αλλάζει όψη ανάλογα με το πού βρίσκεται σε τροχιά κάθε φορά (για παράδειγμα, η σελήνη φαίνεται αρκετά διαφορετική όταν περιφέρεται γύρω από τον <color=lightblue>Τζάιαντς Ντιπ</color> απ’ ό,τι όταν περιφέρεται γύρω από τους <color=lightblue>Διδύμους της Κλεψύδρας</color>)."
dialogue:1927,dialogue,SOLANUM,197,TAGS,"SOLANUM: Because the <color=lightblue>Quantum Moon</color> clearly changes in its different forms, the <color=lightblue>Eye</color> (being this moon’s primary location) must be similarly malleable.","ΣΟΛΑΝΟΥΜ: Επειδή η <color=lightblue>Κβαντική Σελήνη</color> αλλάζει σαφώς στις διάφορες μορφές της, το <color=lightblue>Μάτι</color> (ως η κύρια τοποθεσία αυτής της σελήνης) πρέπει να είναι εξίσου μεταβλητό."
dialogue:1928,dialogue,SOLANUM,92,TAGS,"SOLANUM: From this, we can hypothesize that <i>the Eye represents extreme changeability</i>.",ΣΟΛΑΝΟΥΜ: Από αυτό μπορούμε να υποθέσουμε ότι <i>το Μάτι αντιπροσωπεύει την ακραία μεταβλητότητα</i>.
dialogue:1929,dialogue,SOLANUM,173,TAGS,"SOLANUM: That said, despite its malleable nature, the <color=lightblue>Quantum Moon</color> becomes locked to one specific version of itself when it is consciously observed.","ΣΟΛΑΝΟΥΜ: Παρ’ όλα αυτά, παρά τη μεταβλητή της φύση, η <color=lightblue>Κβαντική Σελήνη</color> κλειδώνει σε μία συγκεκριμένη εκδοχή του εαυτού της όταν την παρατηρεί συνειδητά κάποιος."
dialogue:1930,dialogue,SOLANUM,84,TAGS,SOLANUM: But what would happen if a conscious observer were to enter the <i>Eye</i>?,ΣΟΛΑΝΟΥΜ: Τι θα συνέβαινε όμως αν ένας συνειδητός παρατηρητής έμπαινε μέσα στο <i>Μάτι</i>;
dialogue:1931,dialogue,SOLANUM,110,TAGS,SOLANUM: Many in my clan have believed the <color=lightblue>Eye</color> called to us for a particular purpose.,ΣΟΛΑΝΟΥΜ: Πολλοί στη φυλή μου πίστευαν ότι το <color=lightblue>Μάτι</color> μάς κάλεσε για κάποιον συγκεκριμένο σκοπό.
dialogue:1932,dialogue,SOLANUM,182,TAGS,"SOLANUM: When I was a child, I used to believe the <color=lightblue>Eye</color> was malevolent, to have lured my clan to this star system only to then vanish from them so completely.","ΣΟΛΑΝΟΥΜ: Όταν ήμουν παιδί, πίστευα ότι το <color=lightblue>Μάτι</color> ήταν κακόβουλο, που δελέασε τη φυλή μου σε αυτό το αστρικό σύστημα μόνο και μόνο για να εξαφανιστεί ύστερα τόσο απόλυτα από αυτούς."
dialogue:1933,dialogue,SOLANUM,200,TAGS,"SOLANUM: But I don’t fear the <color=lightblue>Eye</color>, anymore. In fact, it became my fondest hope to see the <color=lightblue>Eye</color> itself, someday, but I fear this may be beyond my reach.","ΣΟΛΑΝΟΥΜ: Αλλά δεν φοβάμαι πια το <color=lightblue>Μάτι</color>. Μάλιστα, έγινε η πιο γλυκιά μου ελπίδα να δω κάποτε το ίδιο το <color=lightblue>Μάτι</color>, αλλά φοβάμαι ότι αυτό ίσως είναι πέρα από τις δυνάμεις μου."
dialogue:1934,dialogue,SOLANUM,133,,"SOLANUM: You may think I’m strange, but I have a hypothesis that I may not be entirely alive. Perhaps my journey has reached its end.","ΣΟΛΑΝΟΥΜ: Μπορεί να με θεωρήσεις παράξενη, αλλά έχω την υπόθεση ότι ίσως δεν είμαι εντελώς ζωντανή. Ίσως το ταξίδι μου έφτασε στο τέλος του."
dialogue:1935,dialogue,SOLANUM,106,,SOLANUM: These are the two tenets of Nomai philosophy; to seek out and to understand is our way of living.,ΣΟΛΑΝΟΥΜ: Αυτές είναι οι δύο αρχές της νομαϊκής φιλοσοφίας· η αναζήτηση και η κατανόηση είναι ο τρόπος ζωής μας.
dialogue:1936,dialogue,SOLANUM,327,TAGS,"SOLANUM: We are orbiting the <color=lightblue>Eye of the universe</color> now, although we cannot see it (only the <color=lightblue>Quantum Moon</color>’s reflection of it). The <color=lightblue>Eye</color> is older than the universe itself, and my clan believes it dwells in an extremely distant orbit around this star system.","ΣΟΛΑΝΟΥΜ: Βρισκόμαστε σε τροχιά γύρω από το <color=lightblue>Μάτι του σύμπαντος</color> τώρα, αν και δεν μπορούμε να το δούμε (μόνο την αντανάκλασή του από την <color=lightblue>Κβαντική Σελήνη</color>). Το <color=lightblue>Μάτι</color> είναι αρχαιότερο από το ίδιο το σύμπαν, και η φυλή μου πιστεύει ότι κατοικεί σε εξαιρετικά μακρινή τροχιά γύρω από αυτό το αστρικό σύστημα."
dialogue:1937,dialogue,SOLANUM,119,,SOLANUM: I’ve never met one of your kind before. It’s an honor to speak with you! I particularly admire your four eyes.,ΣΟΛΑΝΟΥΜ: Δεν έχω ξανασυναντήσει κάποιον από το είδος σου. Είναι τιμή μου να σου μιλάω! Θαυμάζω ιδιαίτερα τα τέσσερα μάτια σου.
dialogue:1938,dialogue,SOLANUM,129,,"SOLANUM: There are many questions I would ask, if I could comprehend your language. You have my gratitude for understanding mine.","ΣΟΛΑΝΟΥΜ: Υπάρχουν πολλά που θα ρωτούσα, αν μπορούσα να καταλάβω τη γλώσσα σου. Έχεις την ευγνωμοσύνη μου που καταλαβαίνεις τη δική μου."
dialogue:1939,dialogue,SOLANUM,87,TAGS,"SOLANUM: This is the <color=lightblue>Quantum Moon</color>, where we both are standing.","ΣΟΛΑΝΟΥΜ: Αυτή είναι η <color=lightblue>Κβαντική Σελήνη</color>, όπου στεκόμαστε και οι δυο μας."
dialogue:1940,dialogue,SOLANUM,156,TAGS,"SOLANUM: Despite also orbiting other celestial bodies, the <color=lightblue>Quantum Moon</color> is the <color=lightblue>Eye of the universe</color>’s moon.","ΣΟΛΑΝΟΥΜ: Παρόλο που περιφέρεται και γύρω από άλλα ουράνια σώματα, η <color=lightblue>Κβαντική Σελήνη</color> είναι το φεγγάρι του <color=lightblue>Ματιού του σύμπαντος</color>."
dialogue:1941,dialogue,SOLANUM,109,,"SOLANUM: I am Solanum, a Nomai. My clan arrived in this star system before my birth, and we now call it home.","ΣΟΛΑΝΟΥΜ: Είμαι η Σολάνουμ, μια Νομάι. Η φυλή μου έφτασε σε αυτό το αστρικό σύστημα πριν από τη γέννησή μου, και τώρα το λέμε πατρίδα."
dialogue:1942,dialogue,SOLANUM,103,TAGS,SOLANUM: Is this your first time on the <color=lightblue>Quantum Moon</color>? It’s my first time here.,ΣΟΛΑΝΟΥΜ: Είναι η πρώτη σου φορά στην <color=lightblue>Κβαντική Σελήνη</color>; Για μένα είναι η πρώτη φορά εδώ.
dialogue:1943,dialogue,SOLANUM,71,,"SOLANUM: If you’ve come here looking for answers, I hope you find them.","ΣΟΛΑΝΟΥΜ: Αν ήρθες εδώ ψάχνοντας απαντήσεις, ελπίζω να τις βρεις."
dialogue:1944,dialogue,SOLANUM,247,TAGS,"SOLANUM: Like many of my clan before me, I journeyed here to see the <color=lightblue>Quantum Moon</color>’s reflection of the <color=lightblue>Eye</color>. This is the closest any of us have come to seeing the <color=lightblue>Eye</color> itself.","ΣΟΛΑΝΟΥΜ: Όπως πολλοί από τη φυλή μου πριν από εμένα, ταξίδεψα εδώ για να δω την αντανάκλαση του <color=lightblue>Ματιού</color> από την <color=lightblue>Κβαντική Σελήνη</color>. Αυτό είναι το πιο κοντινό που έχει φτάσει κανείς μας στο να δει το ίδιο το <color=lightblue>Μάτι</color>."
dialogue:1945,dialogue,SOLANUM,51,,"SOLANUM: We do not have much connection, you and I.","ΣΟΛΑΝΟΥΜ: Δεν έχουμε και πολλή επαφή, εσύ κι εγώ."
dialogue:1946,dialogue,SOLANUM,98,,"SOLANUM: Still, this encounter feels special. I hope you won’t mind if I think of you as a friend.","ΣΟΛΑΝΟΥΜ: Κι όμως, αυτή η συνάντηση μοιάζει ξεχωριστή. Ελπίζω να μη σε πειράζει αν σε σκέφτομαι ως φίλο."
dialogue:1947,dialogue,RAMIE,161,TAGS,"RAMIE: I’ve installed the masks inside the <color=orange>Ash Twin Project</color>, Phlox. They look beautiful (although I do feel as though I’m being observed!).","ΡΑΜΙ: Εγκατέστησα τις μάσκες μέσα στο <color=orange>Πρότζεκτ του Διδύμου της Στάχτης</color>, Φλοξ. Είναι πανέμορφες (αν και νιώθω σαν να με παρατηρούν!)."
dialogue:1948,dialogue,RAMIE,145,,"RAMIE: It’s comforting to know the statues will not pair until the project succeeds. Otherwise, I imagine the experience would be hard to endure!","ΡΑΜΙ: Είναι παρήγορο να ξέρω ότι τα αγάλματα δεν θα συζευχθούν παρά μόνο όταν το εγχείρημα πετύχει. Αλλιώς, φαντάζομαι ότι η εμπειρία θα ήταν δύσκολο να την αντέξεις!"
dialogue:1949,dialogue,PHLOX,168,,"PHLOX: Ideally, they’ll only need to activate once the project succeeds; as a safety measure, however, the statues will also activate in the event of equipment failure.","ΦΛΟΞ: Ιδανικά, θα χρειαστεί να ενεργοποιηθούν μόνο όταν πετύχει το εγχείρημα· ως μέτρο ασφαλείας, ωστόσο, τα αγάλματα θα ενεργοποιηθούν και σε περίπτωση βλάβης του εξοπλισμού."
dialogue:1950,dialogue,RAMIE,30,,RAMIE: They will? Why is that?,ΡΑΜΙ: Θα ενεργοποιηθούν; Γιατί;
dialogue:1951,dialogue,PHLOX,254,TAGS,"PHLOX: If anything goes wrong with the <color=orange>Ash Twin Project</color>, the statues (and their masks) will make us aware of the situation and enable us to fix it. Otherwise, it would be possible for us to remain permanently unaware of the problem.","ΦΛΟΞ: Αν κάτι πάει στραβά με το <color=orange>Πρότζεκτ του Διδύμου της Στάχτης</color>, τα αγάλματα (και οι μάσκες τους) θα μας κάνουν να αντιληφθούμε την κατάσταση και θα μας επιτρέψουν να τη διορθώσουμε. Αλλιώς, θα ήταν δυνατόν να μείνουμε για πάντα ανίδεοι για το πρόβλημα."
dialogue:1952,dialogue,RAMIE,79,,RAMIE: I hadn’t thought of that! What a profoundly horrific fate that would be.,ΡΑΜΙ: Δεν το είχα σκεφτεί αυτό! Τι βαθιά φρικτή μοίρα θα ήταν αυτή.
dialogue:1953,dialogue,ROOT,133,TAGS,"ROOT: Friends in the <color=orange>Timber Hearth Mines</color>, the last type of ore you sent us survives the longest in direct heat.","ΡΟΥΤ: Φίλοι στα <color=orange>Ορυχεία του Τίμπερ Χαρθ</color>, ο τελευταίος τύπος μεταλλεύματος που μας στείλατε αντέχει περισσότερο σε άμεση θερμότητα."
dialogue:1954,dialogue,ROOT,168,,"ROOT: Can you send us more of the same for additional testing? We’re attempting to improve its durability, and our forge has already burned through everything you sent!","ΡΟΥΤ: Μπορείτε να μας στείλετε κι άλλο από το ίδιο για επιπλέον δοκιμές; Προσπαθούμε να βελτιώσουμε την αντοχή του, και το σφυρηλατείο μας έχει ήδη κάψει ό,τι μας στείλατε!"
dialogue:1955,dialogue,OENO,185,TAGS,OENO: We’ll deliver more ore to <color=lightblue>Hollow’s Lantern</color> immediately. You must be fired up about crafting the <color=orange>Ash Twin Project</color>’s protective shell!,ΟΙΝΩ: Θα παραδώσουμε αμέσως κι άλλο μετάλλευμα στο <color=lightblue>Φανάρι του Μπριτλ Χόλοου</color>. Θα σου έχει ανάψει το κέφι με την κατασκευή του προστατευτικού κελύφους του <color=orange>Πρότζεκτ του Διδύμου της Στάχτης</color>!
dialogue:1956,dialogue,ROOT,103,,"ROOT: Yes, the idea of an encasement that’s supernova-proof, however briefly, has kindled my curiosity!","ΡΟΥΤ: Ναι, η ιδέα ενός περιβλήματος ανθεκτικού σε σουπερνόβα, έστω και για λίγο, άναψε την περιέργειά μου!"
dialogue:1957,dialogue,ROOT,152,TAGS,ROOT: My gratitude! I imagine we’ll also have an updated estimate soon of how much ore is needed to seal off the <color=orange>Ash Twin Project</color>.,ΡΟΥΤ: Ευγνωμοσύνη! Φαντάζομαι ότι σύντομα θα έχουμε και επικαιροποιημένη εκτίμηση για το πόσο μετάλλευμα χρειάζεται για να σφραγιστεί το <color=orange>Πρότζεκτ του Διδύμου της Στάχτης</color>.
dialogue:1958,dialogue,OENO,48,,OENO: Will it be more than we initially thought?,"ΟΙΝΩ: Θα είναι περισσότερο απ’ ό,τι νομίζαμε αρχικά;"
dialogue:1959,dialogue,ROOT,123,TAGS,ROOT: It will be <i>significantly</i> more. The smallest crack or opening in the protective shell would destroy everything.,ΡΟΥΤ: Θα είναι <i>σημαντικά</i> περισσότερο. Η παραμικρή ρωγμή ή άνοιγμα στο προστατευτικό κέλυφος θα κατέστρεφε τα πάντα.
dialogue:1960,dialogue,,7,,Solanum,Σολάνουμ
dialogue:1961,dialogue,,12,,Who are you?,Ποια είσαι;
dialogue:1962,dialogue,,13,,Where are we?,Πού βρισκόμαστε;
dialogue:1963,dialogue,,88,,"281,042 YEARS AGO: No user commands received for 10 minutes. All systems entering sleep.",ΠΡΙΝ ΑΠΟ 281.042 ΧΡΟΝΙΑ: Δεν ελήφθησαν εντολές χρήστη για 10 λεπτά. Όλα τα συστήματα τίθενται σε αναστολή.
dialogue:1964,dialogue,,187,TAGS,"<TimeMinutes> MINUTES, <TimeSeconds> SECONDS AGO: Increased solar activity detected. <color=orange>Sun Station</color> hull integrity approaching critical levels. Closing emergency doors.","ΠΡΙΝ ΑΠΟ <TimeMinutes> ΛΕΠΤΑ, <TimeSeconds> ΔΕΥΤΕΡΟΛΕΠΤΑ: Εντοπίστηκε αυξημένη ηλιακή δραστηριότητα. Η ακεραιότητα του κύτους του <color=orange>Ηλιακού Σταθμού</color> πλησιάζει κρίσιμα επίπεδα. Κλείσιμο θυρών έκτακτης ανάγκης."
dialogue:1965,dialogue,,85,,"<TimeMinutes> MINUTES, <TimeSeconds> SECONDS AGO: Received data from previous cycles.","ΠΡΙΝ ΑΠΟ <TimeMinutes> ΛΕΠΤΑ, <TimeSeconds> ΔΕΥΤΕΡΟΛΕΠΤΑ: Ελήφθησαν δεδομένα από προηγούμενους κύκλους."
dialogue:1966,dialogue,,181,TAGS NL,MASKS RECEIVING DATA FROM:\\n<color=orange>Probe Tracking Module</color>\\n<color=lightblue>Giant's Deep</color> memory statue\\n<color=lightblue>Timber Hearth</color> memory statue,ΜΑΣΚΕΣ ΠΟΥ ΛΑΜΒΑΝΟΥΝ ΔΕΔΟΜΕΝΑ ΑΠΟ:\\n<color=orange>Μονάδα Παρακολούθησης Βολίδας</color>\\nάγαλμα μνήμης <color=lightblue>Τζάιαντς Ντιπ</color>\\nάγαλμα μνήμης <color=lightblue>Τίμπερ Χαρθ</color>
dialogue:1967,dialogue,,62,,<TimeMinutesRemaining> MINUTES UNTIL END-OF-CYCLE TRANSMISSION,<TimeMinutesRemaining> ΛΕΠΤΑ ΜΕΧΡΙ ΤΗ ΜΕΤΑΔΟΣΗ ΤΕΛΟΥΣ ΚΥΚΛΟΥ
dialogue:1968,dialogue,YARROW,146,TAGS,"YARROW: Some time has passed since I checked in with you, Pye. How are you and Idaea progressing with the <color=orange>Sun Station</color> plans?","ΓΙΑΡΟΟΥ: Πέρασε καιρός από την τελευταία φορά που μίλησα μαζί σου, Πάι. Πώς προχωράτε εσύ και η Ιδαία με τα σχέδια του <color=orange>Ηλιακού Σταθμού</color>;"
dialogue:1969,dialogue,PYE,99,,"PYE: Presently, my assessment is that our plan will either fail explosively or succeed explosively.","ΠΑΪ: Προς το παρόν, η εκτίμησή μου είναι ότι το σχέδιό μας ή θα αποτύχει εκρηκτικά ή θα πετύχει εκρηκτικά."
dialogue:1970,dialogue,IDAEA,45,,"IDAEA: Pye, you know I don’t find that funny.","ΙΔΑΙΑ: Πάι, ξέρεις ότι δεν το βρίσκω αστείο αυτό."
dialogue:1971,dialogue,PYE,114,,"PYE: How curious; Ramie thinks I’m a gas. And I don’t recall requesting that you monitor this conversation, Idaea.","ΠΑΪ: Πόσο περίεργο· η Ράμι με θεωρεί αέρα. Και δεν θυμάμαι να ζήτησα να παρακολουθείς αυτή τη συνομιλία, Ιδαία."
dialogue:1972,dialogue,IDAEA,169,TAGS,"IDAEA: I don’t see what state of matter you are has to do with this. And I don’t recall supporting the <color=orange>Sun Station</color>’s construction, but here we are.","ΙΔΑΙΑ: Δεν βλέπω τι σχέση έχει με αυτό η κατάσταση της ύλης σου. Και δεν θυμάμαι να στήριξα την κατασκευή του <color=orange>Ηλιακού Σταθμού</color>, κι όμως να μαστε."
dialogue:1973,dialogue,YARROW,85,,YARROW: Hypothesis: Time spent away from the station would be beneficial to you both.,ΓΙΑΡΟΟΥ: Υπόθεση: Λίγος χρόνος μακριά από τον σταθμό θα ωφελούσε και τις δυο σας.
dialogue:1974,dialogue,PYE,65,,"PYE: I’m immensely interested in testing your hypothesis, Yarrow.","ΠΑΪ: Με ενδιαφέρει τρομερά να δοκιμάσω την υπόθεσή σου, Γιάροου."
dialogue:1975,dialogue,IDAEA,39,,"IDAEA: That, at least, we can agree on.","ΙΔΑΙΑ: Σε αυτό, τουλάχιστον, μπορούμε να συμφωνήσουμε."
dialogue:1976,dialogue,,5,,Chert,Τσερτ
dialogue:1977,dialogue,,132,TAGS,"Goodness, it’s you! Hello! I take it your first launch went well, then? Welcome to the Hourglass Twins. <Pause=2>Mind the sand, now.","Πω πω, εσύ είσαι! Γεια σου! Υποθέτω ότι η πρώτη σου εκτόξευση πήγε καλά, λοιπόν; Καλώς ήρθες στους Διδύμους της Κλεψύδρας. <Pause=2>Πρόσεχε την άμμο, τώρα."
dialogue:1978,dialogue,,26,,I have a question for you.,Έχω μια ερώτηση για σένα.
dialogue:1979,dialogue,,19,,What are you up to?,Τι κάνεις;
dialogue:1980,dialogue,,161,,"Hornfels asked me to update our star charts, so I’m out here observing. This is one of the best places in the solar system to spot astronomical events, you know.","Ο Χόρνφελς μού ζήτησε να ενημερώσω τους αστρικούς μας χάρτες, οπότε είμαι εδώ έξω και παρατηρώ. Αυτό είναι από τα καλύτερα μέρη στο ηλιακό σύστημα για να εντοπίσεις αστρονομικά γεγονότα, ξέρεις."
dialogue:1981,dialogue,,177,,"What’s weird is I’ve actually seen a couple of supernovae today. Usually, I’d be fortunate to see just one. Keep an eye or four on the stars, and maybe you’ll spot one yourself!","Το περίεργο είναι ότι έχω δει δύο σουπερνόβα σήμερα. Κανονικά, θα ήμουν τυχερός να δω έστω μία. Κράτα ένα μάτι — ή τέσσερα — στα αστέρια, και ίσως εντοπίσεις κι εσύ καμιά!"
dialogue:1982,dialogue,,31,,"Tell me, what can I do for you?","Πες μου, τι μπορώ να κάνω για σένα;"
dialogue:1983,dialogue,,18,,I found something!,Βρήκα κάτι!
dialogue:1984,dialogue,,42,,How do I know if I've spotted a supernova?,Πώς ξέρω αν έχω εντοπίσει σουπερνόβα;
dialogue:1985,dialogue,,28,,What are you doing out here?,Τι κάνεις εδώ έξω;
dialogue:1986,dialogue,,28,,Where should I explore here?,Πού να εξερευνήσω εδώ;
dialogue:1987,dialogue,,49,,How dangerous is that big column of falling sand?,Πόσο επικίνδυνη είναι εκείνη η μεγάλη στήλη άμμου που πέφτει;
dialogue:1988,dialogue,,15,,Just saying hi.,Ήρθα απλώς να πω ένα γεια.
dialogue:1989,dialogue,,115,,"Right now I’m documenting stars. Hornfels noticed our star charts are out of date, so they asked me to update them.","Αυτή τη στιγμή καταγράφω αστέρια. Ο Χόρνφελς πρόσεξε ότι οι αστρικοί μας χάρτες είναι ξεπερασμένοι, οπότε μου ζήτησε να τους ενημερώσω."
dialogue:1990,dialogue,,134,,"Please don’t tell the others I said this, but sometimes I think I’m the only traveler out here interested in doing any science at all.","Σε παρακαλώ μην το πεις στους άλλους, αλλά καμιά φορά νομίζω ότι είμαι ο μόνος ταξιδιώτης εδώ έξω που ενδιαφέρεται καθόλου να κάνει επιστήμη."
dialogue:1991,dialogue,,80,,"...Er, maybe don’t tell Hornfels, either. I think they’re pretty deep in denial.","...Εμ, μην το πεις ούτε στον Χόρνφελς. Νομίζω ότι το αρνείται βαθιά μέσα του."
dialogue:1992,dialogue,,188,,"To be honest, I haven’t left this lakebed. I don’t mean to brag, but I’m really quite good with the Little Scout, so I’ve been taking pictures of everything from right here in my campsite.","Για να είμαι ειλικρινής, δεν έχω φύγει από αυτόν τον βυθό λίμνης. Δεν θέλω να καυχηθώ, αλλά είμαι πραγματικά πολύ καλός με τον Μικρό Ανιχνευτή, οπότε βγάζω φωτογραφίες τα πάντα από εδώ, από την κατασκήνωσή μου."
dialogue:1993,dialogue,,207,,"Have you seen the old shipwreck site on Ember Twin’s southern hemisphere, the one shooting a bright beam of light into the sky? It’s not one of our own crashes, surprisingly enough - this one’s a Nomai ship.","Είδες το παλιό σημείο ναυαγίου στο νότιο ημισφαίριο του Διδύμου της Χόβολης, εκείνο που ρίχνει μια λαμπερή δέσμη φωτός στον ουρανό; Δεν είναι μία από τις δικές μας συντριβές, παραδόξως - αυτό είναι νομαϊκό σκάφος."
dialogue:1994,dialogue,,158,,"You’ll find Nomai ruins across the Twins, but, strangely, not a single settlement! Believe me, if there was one to see, I’d have seen it with my Little Scout.","Θα βρεις νομαϊκά ερείπια σε όλους τους Διδύμους, αλλά, παραδόξως, ούτε έναν οικισμό! Πίστεψέ με, αν υπήρχε κάποιος να δω, θα τον είχα δει με τον Μικρό μου Ανιχνευτή."
dialogue:1995,dialogue,,132,,"So where did they live? Not on the surface, clearly. Ember Twin is full of cave systems, though - maybe the answer lies underground?","Πού ζούσαν λοιπόν; Όχι στην επιφάνεια, προφανώς. Ο Δίδυμος της Χόβολης είναι όμως γεμάτος συστήματα σπηλαίων - μήπως η απάντηση βρίσκεται υπόγεια;"
dialogue:1996,dialogue,,80,,"On a scale of one to dead, I’d give it a seven or eight. Awfully pretty, though.","Σε κλίμακα από το ένα ως το νεκρός, θα της έδινα ένα εφτά ή οχτώ. Πολύ όμορφη, πάντως."
dialogue:1997,dialogue,,223,,"Right now sand is flowing from Ash Twin to Ember Twin, but did you know the process eventually reverses? We're not completely sure why the sand flows back and forth between the Twins, but it seems to be a natural phenomena.","Αυτή τη στιγμή η άμμος ρέει από τον Δίδυμο της Στάχτης προς τον Δίδυμο της Χόβολης, αλλά ήξερες ότι η διαδικασία τελικά αντιστρέφεται; Δεν είμαστε εντελώς σίγουροι γιατί η άμμος πηγαινοέρχεται ανάμεσα στους Διδύμους, αλλά φαίνεται να είναι φυσικό φαινόμενο."
dialogue:1998,dialogue,,152,,"Oh, if you’d like to see something interesting, check out the other Twin once a little more of its sand drains off. I promise you won’t be disappointed.","Α, αν θέλεις να δεις κάτι ενδιαφέρον, ρίξε μια ματιά στον άλλο Δίδυμο μόλις αδειάσει λίγη ακόμη άμμος από πάνω του. Σου υπόσχομαι ότι δεν θα απογοητευτείς."
dialogue:1999,dialogue,,154,,"Supernovae look like extra bright stars to the naked eye, but if you zoom in with your signalscope you can tell that they're actually enormous explosions.","Οι σουπερνόβα μοιάζουν με πολύ λαμπερά αστέρια με γυμνό μάτι, αλλά αν κάνεις ζουμ με το σηματοσκόπιό σου, καταλαβαίνεις ότι στην πραγματικότητα είναι τεράστιες εκρήξεις."
dialogue:2000,dialogue,,120,,"Massive stars go supernova at the very end of their life spans, which is why it's so unusual to see two in a single day.","Τα τεράστια αστέρια γίνονται σουπερνόβα στο τέλος της ζωής τους, γι’ αυτό είναι τόσο ασυνήθιστο να δεις δύο μέσα σε μία μέρα."
dialogue:2001,dialogue,,59,,I wonder if some of these stars are older than we realized?,"Αναρωτιέμαι μήπως κάποια από αυτά τα αστέρια είναι παλαιότερα απ’ ό,τι νομίζαμε;"
dialogue:2002,dialogue,,116,,"Watch out for falling sand, okay? I’ve had to dig myself out once or twice, and that’s not half as fun as it sounds.","Πρόσεχε την άμμο που πέφτει, εντάξει; Χρειάστηκε να ξεθαφτώ μια δυο φορές, και αυτό δεν είναι ούτε κατά το ήμισυ τόσο διασκεδαστικό όσο ακούγεται."
dialogue:2003,dialogue,,12,,Hello again!,Γεια σου ξανά!
dialogue:2004,dialogue,,16,,"Please, do tell!","Πες μου, σε παρακαλώ!"
dialogue:2005,dialogue,,45,,I found out the sun is about to go supernova.,Έμαθα ότι ο ήλιος πρόκειται να γίνει σουπερνόβα.
dialogue:2006,dialogue,,53,,I found your notes about the Attlerock’s main crater.,Βρήκα τις σημειώσεις σου για τον κύριο κρατήρα του Άτλροκ.
dialogue:2007,dialogue,,44,,I found Nomai writing about a hidden planet.,Βρήκα νομαϊκή γραφή για έναν κρυμμένο πλανήτη.
dialogue:2008,dialogue,,45,,I found Nomai writing about the Quantum Moon.,Βρήκα νομαϊκή γραφή για την Κβαντική Σελήνη.
dialogue:2009,dialogue,,44,,I found Nomai writing about the Sun Station.,Βρήκα νομαϊκή γραφή για τον Ηλιακό Σταθμό.
dialogue:2010,dialogue,,64,,I found modern Nomai transmissions saying the universe is dying.,Βρήκα σύγχρονες νομαϊκές μεταδόσεις που λένε ότι το σύμπαν πεθαίνει.
dialogue:2011,dialogue,,20,,"Actually, nevermind.","Τελικά, άσ’ το."
dialogue:2012,dialogue,,32,,What? What makes you think that?,Τι; Τι σε κάνει να το πιστεύεις αυτό;
dialogue:2013,dialogue,,141,TAGS,"It’s true the sun has... <i>changed</i>, lately, but I’ve not seen any evidence suggesting the approaching death of our sun! Stars above, no!","Είναι αλήθεια ότι ο ήλιος έχει... <i>αλλάξει</i> τελευταία, αλλά δεν έχω δει καμία ένδειξη που να υποδηλώνει επικείμενο θάνατο του ήλιου μας! Μα τ’ άστρα, όχι!"
dialogue:2014,dialogue,,147,,"I’ll tell you what, though - I’ll keep my eyes on the sun, and if I find any suggestion the its core is collapsing, you shall be the first to know.","Να σου πω, όμως - θα κρατάω τα μάτια μου στον ήλιο, και αν βρω οποιαδήποτε ένδειξη ότι ο πυρήνας του καταρρέει, θα το μάθεις πρώτος."
dialogue:2015,dialogue,,35,,I hope that puts your mind at ease.,Ελπίζω αυτό να σε ησυχάζει.
dialogue:2016,dialogue,,33,,Did you! I hope they were useful?,Τις βρήκες! Ελπίζω να ήταν χρήσιμες;
dialogue:2017,dialogue,,185,,"The planet I mentioned may have been frozen solid, or just partially made of ice, like a much colder Giant’s Deep - it’s hard to say. It used to be the fifth planet in our solar system.","Ο πλανήτης που ανέφερα μπορεί να ήταν εντελώς παγωμένος, ή εν μέρει φτιαγμένος από πάγο, σαν ένας πολύ πιο κρύος Τζάιαντς Ντιπ - δύσκολο να πω. Ήταν κάποτε ο πέμπτος πλανήτης του ηλιακού μας συστήματος."
dialogue:2018,dialogue,,167,,"You’ll notice, of course, that there’s no such planet now. In its place is Dark Bramble, which - how to put this - grew into the space the fifth planet used to occupy.","Θα προσέξεις, φυσικά, ότι δεν υπάρχει πια τέτοιος πλανήτης. Στη θέση του βρίσκεται ο Νταρκ Μπραμπλ, ο οποίος - πώς να το πω - μεγάλωσε μέσα στον χώρο που κατείχε ο πέμπτος πλανήτης."
dialogue:2019,dialogue,,210,,"That is, Dark Bramble quite literally appeared at the center of the fifth planet and began destroying it from the inside-out. Eventually, the planet shattered completely, and its shards were flung across space.","Δηλαδή, ο Νταρκ Μπραμπλ εμφανίστηκε κυριολεκτικά στο κέντρο του πέμπτου πλανήτη και άρχισε να τον καταστρέφει από μέσα προς τα έξω. Τελικά, ο πλανήτης διαλύθηκε εντελώς και τα θραύσματά του σκορπίστηκαν στο διάστημα."
dialogue:2020,dialogue,,153,,"Some of these shards collided with the celestial bodies in our solar system, such as the Attlerock, which I believe is how its biggest crater was formed.","Κάποια από αυτά τα θραύσματα συγκρούστηκαν με τα ουράνια σώματα του ηλιακού μας συστήματος, όπως το Άτλροκ, και έτσι πιστεύω ότι σχηματίστηκε ο μεγαλύτερος κρατήρας του."
dialogue:2021,dialogue,,261,,"How fascinating! It might interest you to know the existence of an additional planet is entirely plausible, if you look at the physics of our solar system. It would just have to be incredibly far out there - farther than Hearthian ships would be able to travel.","Πόσο συναρπαστικό! Ίσως σε ενδιαφέρει να ξέρεις ότι η ύπαρξη επιπλέον πλανήτη είναι απολύτως εύλογη, αν κοιτάξεις τη φυσική του ηλιακού μας συστήματος. Απλώς θα έπρεπε να βρίσκεται απίστευτα μακριά."
dialogue:2022,dialogue,,176,,"And honestly, we don’t know all that much about what’s out there. The farther you go, the less we know! As such, it’s well within the realm of possibility such a planet exists.","Και ειλικρινά, δεν ξέρουμε και πολλά για το τι υπάρχει εκεί έξω. Όσο πιο μακριά πας, τόσο λιγότερα ξέρουμε! Οπότε είναι απόλυτα πιθανό να υπάρχει τέτοιος πλανήτης."
dialogue:2023,dialogue,,125,,"Oh yes, everyone loves a good mystery, don’t they? Who wouldn’t wonder about a moon that’s sometimes there and sometimes not!","Α, ναι, όλοι αγαπούν ένα καλό μυστήριο, έτσι δεν είναι; Ποιος δεν θα αναρωτιόταν για ένα φεγγάρι που άλλοτε είναι εκεί κι άλλοτε όχι!"
dialogue:2024,dialogue,,175,,"I’ve observed the Quantum Moon orbiting each of the five planets, but sometimes, it quite simply disappears from the sky altogether. Maybe there’s another place it travels to!","Έχω παρατηρήσει την Κβαντική Σελήνη να περιφέρεται γύρω από καθέναν από τους πέντε πλανήτες, αλλά μερικές φορές εξαφανίζεται απλώς εντελώς από τον ουρανό. Ίσως υπάρχει κι άλλο μέρος όπου ταξιδεύει!"
dialogue:2025,dialogue,,103,,"Unfortunately, if there is, I’ve never seen it. Perhaps if I take a closer look at these star charts...","Δυστυχώς, αν υπάρχει, δεν το έχω δει ποτέ. Ίσως αν ρίξω μια πιο προσεκτική ματιά σε αυτούς τους αστρικούς χάρτες..."
dialogue:2026,dialogue,,80,,"Is that what’s in orbit around the sun, then, do you think? This... Sun Station?","Αυτό είναι λοιπόν που βρίσκεται σε τροχιά γύρω από τον ήλιο, νομίζεις; Αυτός ο... Ηλιακός Σταθμός;"
dialogue:2027,dialogue,,175,,Quite clever of the Nomai to devise a way to study the sun up close and personal! It must have been tremendously difficult to construct. ...And hot inside. I can only imagine!,Πολύ έξυπνο από τους Νομάι να επινοήσουν τρόπο να μελετούν τον ήλιο από τόσο κοντά! Πρέπει να ήταν τρομερά δύσκολο να κατασκευαστεί. ...Και ζεστά μέσα. Μόνο να το φανταστώ μπορώ!
dialogue:2028,dialogue,,157,,"I wonder how were they able to travel back and forth from the Sun Station and the Hourglass Twins, when the slightest slip up would have meant a fiery death.","Αναρωτιέμαι πώς μπορούσαν να πηγαινοέρχονται ανάμεσα στον Ηλιακό Σταθμό και στους Διδύμους της Κλεψύδρας, όταν το παραμικρό λάθος θα σήμαινε φλεγόμενο θάνατο."
dialogue:2029,dialogue,,32,,You - what? I don’t... um. What?,Εσύ - τι; Δεν... εμ. Τι;
dialogue:2030,dialogue,,179,TAGS,"You mean to say there are modern Nomai out in other parts of space? And they believe the universe - all of it, the whole thing - is dying? <Pause/>Currently? <Pause/>...Right now?","Θέλεις να πεις ότι υπάρχουν σύγχρονοι Νομάι σε άλλα μέρη του διαστήματος; Και πιστεύουν ότι το σύμπαν - όλο, ολόκληρο - πεθαίνει; <Pause/>Τώρα; <Pause/>...Αυτή τη στιγμή;"
dialogue:2031,dialogue,,173,,"If... if that’s true, how could I have missed so many signs? The supernovae were there, but I, but, I’ve been studying the stars for... well, what does it matter if... oh...","Αν... αν αυτό είναι αλήθεια, πώς μου ξέφυγαν τόσα σημάδια; Οι σουπερνόβα ήταν εκεί, αλλά εγώ, αλλά, μελετώ τα αστέρια εδώ και... τέλος πάντων, τι σημασία έχει αν... αχ..."
dialogue:2032,dialogue,,83,,"I’m very sorry, b-but I have to look over my charts. I h-h-hope you don’t m-mind...","Λυπάμαι πολύ, α-αλλά πρέπει να ξαναδώ τους χάρτες μου. Ε-ε-ελπίζω να μη σε π-πειράζει..."
dialogue:2033,dialogue,,95,,"B-b-but surely, I would have seen some kind of other sign than the supernovae, so p-perhaps...?","Μ-μ-μα σίγουρα, θα είχα δει κάποιο άλλο σημάδι πέρα από τις σουπερνόβα, οπότε ί-ίσως...;"
dialogue:2034,dialogue,,137,,"Nothing you’d like to discuss at the moment? That’s no trouble! If you do discover anything you want to talk about, I’d be happy to help!","Τίποτα που θα ήθελες να συζητήσουμε αυτή τη στιγμή; Κανένα πρόβλημα! Αν ανακαλύψεις κάτι που θέλεις να συζητήσουμε, θα χαρώ να βοηθήσω!"
dialogue:2035,dialogue,,123,TAGS,"Hm? Oh, it’s you! I take it your first launch went well, then? Welcome to the Hourglass Twins. <Pause=2>Mind the sand, now.","Χμ; Α, εσύ είσαι! Υποθέτω ότι η πρώτη σου εκτόξευση πήγε καλά, λοιπόν; Καλώς ήρθες στους Διδύμους της Κλεψύδρας. <Pause=2>Πρόσεχε την άμμο, τώρα."
dialogue:2036,dialogue,,153,TAGS,"Hornfels noticed our star charts are out of date, so I came out here to update them. But something seems... <Pause=0.5>how to put this... <Pause=0.5>off.","Ο Χόρνφελς πρόσεξε ότι οι αστρικοί μας χάρτες είναι ξεπερασμένοι, οπότε ήρθα εδώ να τους ενημερώσω. Αλλά κάτι μου φαίνεται... <Pause=0.5>πώς να το πω... <Pause=0.5>στραβό."
dialogue:2037,dialogue,,136,,"I’ve seen, what, ten supernovae by now? Twelve? They’re in the double digits now, and that’s, you know, not normal. Not normal at all...","Έχω δει, τι, δέκα σουπερνόβα μέχρι τώρα; Δώδεκα; Είναι πλέον διψήφιος αριθμός, και αυτό, ξέρεις, δεν είναι φυσιολογικό. Καθόλου φυσιολογικό..."
dialogue:2038,dialogue,,20,,"Hm? Oh, you’re back.","Χμ; Α, γύρισες."
dialogue:2039,dialogue,,127,TAGS,"Say, have you noticed anything unusual about the stars lately? Something seems...<Pause=0.5> how to put this... <Pause=0.5>off.","Πες μου, πρόσεξες τίποτα ασυνήθιστο στα αστέρια τελευταία; Κάτι μου φαίνεται...<Pause=0.5> πώς να το πω... <Pause=0.5>στραβό."
dialogue:2040,dialogue,,137,,"I’ve seen, what, ten supernovae already? Twelve? They’re in the double digits now, and that’s, you know, not normal. Not normal at all...","Έχω δει, τι, δέκα σουπερνόβα ήδη; Δώδεκα; Είναι πλέον διψήφιος αριθμός, και αυτό, ξέρεις, δεν είναι φυσιολογικό. Καθόλου φυσιολογικό..."
dialogue:2041,dialogue,,12,,Hello again.,Γεια σου ξανά.
dialogue:2042,dialogue,,31,,Was there something you needed?,Ήθελες κάτι;
dialogue:2043,dialogue,,39,,Why are so many stars going supernovae?,Γιατί τόσα αστέρια γίνονται σουπερνόβα;
dialogue:2044,dialogue,,194,TAGS,"Well, I was - that is, I originally came out here to update our star charts. Now, though, I’m trying to figure out what’s going on with the stars. There are so many - <i>too</i> many supernovae.","Λοιπόν, ήμουν - δηλαδή, αρχικά ήρθα εδώ για να ενημερώσω τους αστρικούς μας χάρτες. Τώρα όμως προσπαθώ να καταλάβω τι συμβαίνει με τα αστέρια. Είναι τόσες πολλές - <i>πάρα</i> πολλές σουπερνόβα."
dialogue:2045,dialogue,,68,,Why are so many stars dying out? I’ve never seen anything like this.,Γιατί σβήνουν τόσα αστέρια; Δεν έχω ξαναδεί κάτι τέτοιο.
dialogue:2046,dialogue,,42,,"Frankly, I’m worried. And a little scared.","Ειλικρινά, ανησυχώ. Και φοβάμαι λιγάκι."
dialogue:2047,dialogue,,188,,"To be honest, I haven’t left this lakebed. I don’t mean to brag, but I’m really quite good with the Little Scout, so I’ve been taking pictures of everything from right here in my campsite.","Για να είμαι ειλικρινής, δεν έχω φύγει από αυτόν τον βυθό λίμνης. Δεν θέλω να καυχηθώ, αλλά είμαι πραγματικά πολύ καλός με τον Μικρό Ανιχνευτή, οπότε βγάζω φωτογραφίες τα πάντα από εδώ, από την κατασκήνωσή μου."
dialogue:2048,dialogue,,207,,"Have you seen the old shipwreck site on Ember Twin’s southern hemisphere, the one shooting a bright beam of light into the sky? It’s not one of our own crashes, surprisingly enough - this one’s a Nomai ship.","Είδες το παλιό σημείο ναυαγίου στο νότιο ημισφαίριο του Διδύμου της Χόβολης, εκείνο που ρίχνει μια λαμπερή δέσμη φωτός στον ουρανό; Δεν είναι μία από τις δικές μας συντριβές, παραδόξως - αυτό είναι νομαϊκό σκάφος."
dialogue:2049,dialogue,,158,,"You’ll find Nomai ruins across the Twins, but, strangely, not a single settlement! Believe me, if there was one to see, I’d have seen it with my Little Scout.","Θα βρεις νομαϊκά ερείπια σε όλους τους Διδύμους, αλλά, παραδόξως, ούτε έναν οικισμό! Πίστεψέ με, αν υπήρχε κάποιος να δω, θα τον είχα δει με τον Μικρό μου Ανιχνευτή."
dialogue:2050,dialogue,,132,,"So where did they live? Not on the surface, clearly. Ember Twin is full of cave systems, though - maybe the answer lies underground?","Πού ζούσαν λοιπόν; Όχι στην επιφάνεια, προφανώς. Ο Δίδυμος της Χόβολης είναι όμως γεμάτος συστήματα σπηλαίων - μήπως η απάντηση βρίσκεται υπόγεια;"
dialogue:2051,dialogue,,80,,"On a scale of one to dead, I’d give it a seven or eight. Awfully pretty, though.","Σε κλίμακα από το ένα ως το νεκρός, θα της έδινα ένα εφτά ή οχτώ. Πολύ όμορφη, πάντως."
dialogue:2052,dialogue,,223,,"Right now sand is flowing from Ash Twin to Ember Twin, but did you know the process eventually reverses? We're not completely sure why the sand flows back and forth between the Twins, but it seems to be a natural phenomena.","Αυτή τη στιγμή η άμμος ρέει από τον Δίδυμο της Στάχτης προς τον Δίδυμο της Χόβολης, αλλά ήξερες ότι η διαδικασία τελικά αντιστρέφεται; Δεν είμαστε εντελώς σίγουροι γιατί η άμμος πηγαινοέρχεται ανάμεσα στους Διδύμους, αλλά φαίνεται να είναι φυσικό φαινόμενο."
dialogue:2053,dialogue,,152,,"Oh, if you’d like to see something interesting, check out the other Twin once a little more of its sand drains off. I promise you won’t be disappointed.","Α, αν θέλεις να δεις κάτι ενδιαφέρον, ρίξε μια ματιά στον άλλο Δίδυμο μόλις αδειάσει λίγη ακόμη άμμος από πάνω του. Σου υπόσχομαι ότι δεν θα απογοητευτείς."
dialogue:2054,dialogue,,221,,"I have no idea! Massive stars go supernova when they reach the end of their life spans, so it's possible that the stars are older than we realized. Or maybe our models are wrong and they don't live as long as we expected.","Δεν έχω ιδέα! Τα τεράστια αστέρια γίνονται σουπερνόβα όταν φτάνουν στο τέλος της ζωής τους, οπότε είναι πιθανό τα αστέρια να είναι παλαιότερα απ’ ό,τι νομίζαμε. Ή ίσως τα μοντέλα μας να είναι λάθος και να μη ζουν τόσο όσο πιστεύαμε."
dialogue:2055,dialogue,,100,,"Honestly, I'm not fond of either option! If our charts are wrong, what else is wrong? And our sun...","Ειλικρινά, δεν μου αρέσει καμία από τις δύο εκδοχές! Αν οι χάρτες μας είναι λάθος, τι άλλο είναι λάθος; Και ο ήλιος μας..."
dialogue:2056,dialogue,,120,,"No, I shouldn't jump to conclusions. I- I'm probably overlooking something. That's it, I just need to collect more data.","Όχι, δεν πρέπει να βγάζω βιαστικά συμπεράσματα. Μ- μάλλον κάτι μου διαφεύγει. Αυτό είναι, απλώς χρειάζομαι περισσότερα δεδομένα."
dialogue:2057,dialogue,,38,,"Watch out for the stars. I mean, sand.","Πρόσεχε τα αστέρια. Δηλαδή, την άμμο."
dialogue:2058,dialogue,,32,,What? What makes you think that?,Τι; Τι σε κάνει να το πιστεύεις αυτό;
dialogue:2059,dialogue,,141,TAGS,"It’s true the sun has... <i>changed</i>, lately, but I’ve not seen any evidence suggesting the approaching death of our sun! Stars above, no!","Είναι αλήθεια ότι ο ήλιος έχει... <i>αλλάξει</i> τελευταία, αλλά δεν έχω δει καμία ένδειξη που να υποδηλώνει επικείμενο θάνατο του ήλιου μας! Μα τ’ άστρα, όχι!"
dialogue:2060,dialogue,,147,,"I’ll tell you what, though - I’ll keep my eyes on the sun, and if I find any suggestion the its core is collapsing, you shall be the first to know.","Να σου πω, όμως - θα κρατάω τα μάτια μου στον ήλιο, και αν βρω οποιαδήποτε ένδειξη ότι ο πυρήνας του καταρρέει, θα το μάθεις πρώτος."
dialogue:2061,dialogue,,35,,I hope that puts your mind at ease.,Ελπίζω αυτό να σε ησυχάζει.
dialogue:2062,dialogue,,33,,Did you! I hope they were useful?,Τις βρήκες! Ελπίζω να ήταν χρήσιμες;
dialogue:2063,dialogue,,185,,"The planet I mentioned may have been frozen solid, or just partially made of ice, like a much colder Giant’s Deep - it’s hard to say. It used to be the fifth planet in our solar system.","Ο πλανήτης που ανέφερα μπορεί να ήταν εντελώς παγωμένος, ή εν μέρει φτιαγμένος από πάγο, σαν ένας πολύ πιο κρύος Τζάιαντς Ντιπ - δύσκολο να πω. Ήταν κάποτε ο πέμπτος πλανήτης του ηλιακού μας συστήματος."
dialogue:2064,dialogue,,167,,"You’ll notice, of course, that there’s no such planet now. In its place is Dark Bramble, which - how to put this - grew into the space the fifth planet used to occupy.","Θα προσέξεις, φυσικά, ότι δεν υπάρχει πια τέτοιος πλανήτης. Στη θέση του βρίσκεται ο Νταρκ Μπραμπλ, ο οποίος - πώς να το πω - μεγάλωσε μέσα στον χώρο που κατείχε ο πέμπτος πλανήτης."
dialogue:2065,dialogue,,210,,"That is, Dark Bramble quite literally appeared at the center of the fifth planet and began destroying it from the inside-out. Eventually, the planet shattered completely, and its shards were flung across space.","Δηλαδή, ο Νταρκ Μπραμπλ εμφανίστηκε κυριολεκτικά στο κέντρο του πέμπτου πλανήτη και άρχισε να τον καταστρέφει από μέσα προς τα έξω. Τελικά, ο πλανήτης διαλύθηκε εντελώς και τα θραύσματά του σκορπίστηκαν στο διάστημα."
dialogue:2066,dialogue,,153,,"Some of these shards collided with the celestial bodies in our solar system, such as the Attlerock, which I believe is how its biggest crater was formed.","Κάποια από αυτά τα θραύσματα συγκρούστηκαν με τα ουράνια σώματα του ηλιακού μας συστήματος, όπως το Άτλροκ, και έτσι πιστεύω ότι σχηματίστηκε ο μεγαλύτερος κρατήρας του."
dialogue:2067,dialogue,,261,,"How fascinating! It might interest you to know the existence of an additional planet is entirely plausible, if you look at the physics of our solar system. It would just have to be incredibly far out there - farther than Hearthian ships would be able to travel.","Πόσο συναρπαστικό! Ίσως σε ενδιαφέρει να ξέρεις ότι η ύπαρξη επιπλέον πλανήτη είναι απολύτως εύλογη, αν κοιτάξεις τη φυσική του ηλιακού μας συστήματος. Απλώς θα έπρεπε να βρίσκεται απίστευτα μακριά."
dialogue:2068,dialogue,,180,,"And honestly, we don’t know all that much about what’s all out there. The farther you go, the less we know! As such, it’s well within the realm of possibility such a planet exists.","Και ειλικρινά, δεν ξέρουμε και πολλά για το τι υπάρχει εκεί έξω. Όσο πιο μακριά πας, τόσο λιγότερα ξέρουμε! Οπότε είναι απόλυτα πιθανό να υπάρχει τέτοιος πλανήτης."
dialogue:2069,dialogue,,125,,"Oh yes, everyone loves a good mystery, don’t they? Who wouldn’t wonder about a moon that’s sometimes there and sometimes not!","Α, ναι, όλοι αγαπούν ένα καλό μυστήριο, έτσι δεν είναι; Ποιος δεν θα αναρωτιόταν για ένα φεγγάρι που άλλοτε είναι εκεί κι άλλοτε όχι!"
dialogue:2070,dialogue,,175,,"I’ve observed the Quantum Moon orbiting each of the five planets, but sometimes, it quite simply disappears from the sky altogether. Maybe there’s another place it travels to!","Έχω παρατηρήσει την Κβαντική Σελήνη να περιφέρεται γύρω από καθέναν από τους πέντε πλανήτες, αλλά μερικές φορές εξαφανίζεται απλώς εντελώς από τον ουρανό. Ίσως υπάρχει κι άλλο μέρος όπου ταξιδεύει!"
dialogue:2071,dialogue,,103,,"Unfortunately, if there is, I’ve never seen it. Perhaps if I take a closer look at these star charts...","Δυστυχώς, αν υπάρχει, δεν το έχω δει ποτέ. Ίσως αν ρίξω μια πιο προσεκτική ματιά σε αυτούς τους αστρικούς χάρτες..."
dialogue:2072,dialogue,,80,,"Is that what’s in orbit around the sun, then, do you think? This... Sun Station?","Αυτό είναι λοιπόν που βρίσκεται σε τροχιά γύρω από τον ήλιο, νομίζεις; Αυτός ο... Ηλιακός Σταθμός;"
dialogue:2073,dialogue,,175,,Quite clever of the Nomai to devise a way to study the sun up close and personal! It must have been tremendously difficult to construct. ...And hot inside. I can only imagine!,Πολύ έξυπνο από τους Νομάι να επινοήσουν τρόπο να μελετούν τον ήλιο από τόσο κοντά! Πρέπει να ήταν τρομερά δύσκολο να κατασκευαστεί. ...Και ζεστά μέσα. Μόνο να το φανταστώ μπορώ!
dialogue:2074,dialogue,,157,,"I wonder how were they able to travel back and forth from the Sun Station and the Hourglass Twins, when the slightest slip up would have meant a fiery death.","Αναρωτιέμαι πώς μπορούσαν να πηγαινοέρχονται ανάμεσα στον Ηλιακό Σταθμό και στους Διδύμους της Κλεψύδρας, όταν το παραμικρό λάθος θα σήμαινε φλεγόμενο θάνατο."
dialogue:2075,dialogue,,32,,You - what? I don’t... um. What?,Εσύ - τι; Δεν... εμ. Τι;
dialogue:2076,dialogue,,179,TAGS,"You mean to say there are modern Nomai out in other parts of space? And they believe the universe - all of it, the whole thing - is dying? <Pause/>Currently? <Pause/>...Right now?","Θέλεις να πεις ότι υπάρχουν σύγχρονοι Νομάι σε άλλα μέρη του διαστήματος; Και πιστεύουν ότι το σύμπαν - όλο, ολόκληρο - πεθαίνει; <Pause/>Τώρα; <Pause/>...Αυτή τη στιγμή;"
dialogue:2077,dialogue,,173,,"If... if that’s true, how could I have missed so many signs? The supernovae were there, but I, but, I’ve been studying the stars for... well, what does it matter if... oh...","Αν... αν αυτό είναι αλήθεια, πώς μου ξέφυγαν τόσα σημάδια; Οι σουπερνόβα ήταν εκεί, αλλά εγώ, αλλά, μελετώ τα αστέρια εδώ και... τέλος πάντων, τι σημασία έχει αν... αχ..."
dialogue:2078,dialogue,,83,,"I’m very sorry, b-but I have to look over my charts. I h-h-hope you don’t m-mind...","Λυπάμαι πολύ, α-αλλά πρέπει να ξαναδώ τους χάρτες μου. Ε-ε-ελπίζω να μη σε π-πειράζει..."
dialogue:2079,dialogue,,95,,"B-b-but surely, I would have seen some kind of other sign than the supernovae, so p-perhaps...?","Μ-μ-μα σίγουρα, θα είχα δει κάποιο άλλο σημάδι πέρα από τις σουπερνόβα, οπότε ί-ίσως...;"
dialogue:2080,dialogue,,180,,"Nothing you’d like to discuss at the moment? That’s no trouble! If you do find something you wish to discuss, please, come find me! I’ll be here studying the stars for a while yet.","Τίποτα που θα ήθελες να συζητήσουμε αυτή τη στιγμή; Κανένα πρόβλημα! Αν βρεις κάτι που θέλεις να συζητήσεις, σε παρακαλώ, έλα να με βρεις! Θα είμαι εδώ και θα μελετάω τα αστέρια για αρκετή ώρα ακόμη."
dialogue:2081,dialogue,,91,,The stars! They're all dying! There’ve been too many supernovae for it to be anything else!,Τα αστέρια! Πεθαίνουν όλα! Έχουν γίνει πάρα πολλές σουπερνόβα για να είναι οτιδήποτε άλλο!
dialogue:2082,dialogue,,77,TAGS,"We’re next, do you understand?! Our sun! By Hearth’s name, <i>we’re next</i>!","Είμαστε οι επόμενοι, καταλαβαίνεις;! Ο ήλιος μας! Στο όνομα του Χαρθ, <i>είμαστε οι επόμενοι</i>!"
dialogue:2083,dialogue,,42,,"Please, just... Leave me alone, won’t you?","Σε παρακαλώ, απλώς... Άσε με ήσυχο, εντάξει;"
dialogue:2084,dialogue,,31,,"What do you mean, ""we’re next""?",Τι εννοείς «είμαστε οι επόμενοι»;
dialogue:2085,dialogue,,24,,Why are the stars dying?,Γιατί πεθαίνουν τα αστέρια;
dialogue:2086,dialogue,,137,,"It’s the stars, you see. All the other stars are dying out. Oh, why did we have to be born at the end of the universe? And our sun, it...","Είναι τα αστέρια, βλέπεις. Όλα τα άλλα αστέρια σβήνουν. Αχ, γιατί έπρεπε να γεννηθούμε στο τέλος του σύμπαντος; Και ο ήλιος μας, αυτός..."
dialogue:2087,dialogue,,230,,"The star charts! Why? Why did I want to update them so badly? I didn’t have to know, but no, oh no, I had to update the star charts! I had to go looking for things I shouldn’t have! And now our sun is about to... about to... oh...","Οι αστρικοί χάρτες! Γιατί; Γιατί ήθελα τόσο πολύ να τους ενημερώσω; Δεν χρειαζόταν να ξέρω, αλλά όχι, α όχι, έπρεπε να ενημερώσω τους αστρικούς χάρτες! Έπρεπε να πάω να ψάξω πράγματα που δεν έπρεπε! Και τώρα ο ήλιος μας πρόκειται να."
dialogue:2088,dialogue,,51,,"...I don’t feel well. I’d like to be alone, please.","...Δεν αισθάνομαι καλά. Θα ήθελα να μείνω μόνος, σε παρακαλώ."
dialogue:2089,dialogue,,120,,"Why, isn’t that great! Do you know what, I’ve found a few things myself! Most of them have to do with the sun exploding!","Μπα, τι ωραία! Ξέρεις κάτι, βρήκα κι εγώ μερικά πράγματα! Τα περισσότερα έχουν να κάνουν με το ότι ο ήλιος εκρήγνυται!"
dialogue:2090,dialogue,,159,TAGS,"Oh, who <i>cares</i>?! What does it matter?! <i>Nothing</i> matters anymore! The sun is about to go supernova! And me, all my research, my life’s work, wasted!","Α, ποιον <i>νοιάζει</i>;! Τι σημασία έχει;! <i>Τίποτα</i> δεν έχει πια σημασία! Ο ήλιος πρόκειται να γίνει σουπερνόβα! Κι εγώ, όλη μου η έρευνα, το έργο της ζωής μου, χαμένο!"
dialogue:2091,dialogue,,40,TAGS,"<size=50>Wasted, you understand?!</size>","<size=50>Χαμένο, καταλαβαίνεις;!</size>"
dialogue:2092,dialogue,,218,,"The star charts! It’s all the star charts’ fault! I didn’t have to know, but no, oh no, I had to update the star charts! I had to go looking for things I shouldn’t have! And now our sun is about to... about to... oh...","Οι αστρικοί χάρτες! Όλα φταίνε οι αστρικοί χάρτες! Δεν χρειαζόταν να ξέρω, αλλά όχι, α όχι, έπρεπε να ενημερώσω τους αστρικούς χάρτες! Έπρεπε να πάω να ψάξω πράγματα που δεν έπρεπε! Και τώρα ο ήλιος μας πρόκειται να... πρόκειται να."
dialogue:2093,dialogue,,51,,"...I don’t feel well. I’d like to be alone, please.","...Δεν αισθάνομαι καλά. Θα ήθελα να μείνω μόνος, σε παρακαλώ."
dialogue:2094,dialogue,,81,TAGS,Where should you <i>go</i>? Where can anyone go? Can’t you see it’s too late now?,Πού να <i>πας</i>; Πού μπορεί να πάει κανείς; Δεν βλέπεις ότι είναι πια πολύ αργά;
dialogue:2095,dialogue,,186,TAGS,"Oh, who <i>cares</i>?! What does it matter?! <i>Nothing</i> matters anymore! The sun will probably blow up before you can even get there! And me, all my research, my life’s work, wasted!","Α, ποιον <i>νοιάζει</i>;! Τι σημασία έχει;! <i>Τίποτα</i> δεν έχει πια σημασία! Ο ήλιος μάλλον θα εκραγεί πριν προλάβεις καν να φτάσεις εκεί! Κι εγώ, όλη μου η έρευνα, το έργο της ζωής μου, χαμένο!"
dialogue:2096,dialogue,,40,TAGS,"<size=50>Wasted, you understand?!</size>","<size=50>Χαμένο, καταλαβαίνεις;!</size>"
dialogue:2097,dialogue,,70,,Not as dangerous as what’s about to happen to our entire solar system!,Όχι τόσο επικίνδυνη όσο αυτό που πρόκειται να συμβεί σε ολόκληρο το ηλιακό μας σύστημα!
dialogue:2098,dialogue,,77,,"I... I don’t feel well. I’d like to be alone, please. I can’t believe this...","Ε... εγώ δεν αισθάνομαι καλά. Θα ήθελα να μείνω μόνος, σε παρακαλώ. Δεν το πιστεύω αυτό..."
dialogue:2099,dialogue,,85,,I don't know — they're old! Far older than we realized and now all of them are dying!,"Δεν ξέρω — είναι παλιά! Πολύ παλαιότερα απ’ ό,τι νομίζαμε, και τώρα πεθαίνουν όλα!"
dialogue:2100,dialogue,,132,TAGS,"What does it matter?! It doesn’t! It doesn’t matter at all! <i>Nothing</i> matters anymore! All my research, my life’s work, wasted!","Τι σημασία έχει;! Καμία! Δεν έχει καμία απολύτως σημασία! <i>Τίποτα</i> δεν έχει πια σημασία! Όλη μου η έρευνα, το έργο της ζωής μου, χαμένο!"
dialogue:2101,dialogue,,40,TAGS,"<size=50>Wasted, you understand?!</size>","<size=50>Χαμένο, καταλαβαίνεις;!</size>"
dialogue:2102,dialogue,,103,TAGS,I can’t believe this. I can’t believe this is happening. I can’t... I won’t! I <i>won’t</i> believe it!,Δεν το πιστεύω αυτό. Δεν πιστεύω ότι συμβαίνει. Δεν μπορώ... Δεν θα το πιστέψω! <i>Δεν θα</i> το πιστέψω!
dialogue:2103,dialogue,,12,,"Oh, hello...","Α, γεια σου..."
dialogue:2104,dialogue,,82,,"Come, sit with me, my fellow traveler. Let’s sit together and watch the stars die.","Έλα, κάτσε μαζί μου, συνταξιδιώτη μου. Ας καθίσουμε μαζί να δούμε τα αστέρια να πεθαίνουν."
dialogue:2105,dialogue,,14,,"Sure, why not.","Βέβαια, γιατί όχι."
dialogue:2106,dialogue,,58,,"If it helps, we’re in a time loop, so we won’t really die.","Αν βοηθάει, είμαστε σε χρονικό βρόχο, οπότε δεν θα πεθάνουμε στ’ αλήθεια."
dialogue:2107,dialogue,,11,,"No, thanks.","Όχι, ευχαριστώ."
dialogue:2108,dialogue,,78,,"We only get so much time, don’t we? Ah, there was still more I wanted to do...","Τόσο λίγο χρόνο έχουμε, έτσι δεν είναι; Αχ, υπήρχαν κι άλλα που ήθελα να κάνω..."
dialogue:2109,dialogue,,57,,How unlucky to have been born at the end of the universe.,Τι ατυχία να έχεις γεννηθεί στο τέλος του σύμπαντος.
dialogue:2110,dialogue,,65,,"Ah, that’s a lovely thought. Is that how you’re coping with this?","Αχ, τι όμορφη σκέψη. Έτσι το αντέχεις εσύ αυτό;"
dialogue:2111,dialogue,,13,,Does it help?,Βοηθάει;
dialogue:2112,dialogue,,72,,"Perhaps you’re right. ...Yes, we should face this alone. That’s the way.","Ίσως έχεις δίκιο. ...Ναι, πρέπει να το αντιμετωπίσουμε μόνοι. Έτσι πρέπει."
dialogue:2113,dialogue,,51,,"We enter this world alone, and we leave it alone...","Ερχόμαστε μόνοι σε αυτόν τον κόσμο, και φεύγουμε μόνοι..."
dialogue:2114,dialogue,,17,,Any minute now...,Από στιγμή σε στιγμή...
dialogue:2115,dialogue,,42,,"A time loop, you said? I like that idea...","Χρονικός βρόχος, είπες; Μου αρέσει αυτή η ιδέα..."
dialogue:2116,dialogue,,86,,"The stars were beautiful, weren’t they? Even if our star is what ultimately killed us.","Τα αστέρια ήταν όμορφα, έτσι δεν είναι; Ακόμη κι αν το δικό μας αστέρι είναι αυτό που τελικά μας σκότωσε."
dialogue:2117,dialogue,,60,,I’ll wait here and remember them while you gather everybody.,Θα περιμένω εδώ και θα τα θυμάμαι όσο εσύ μαζεύεις τους υπόλοιπους.
dialogue:2118,dialogue,,14,,Shall I begin?,Να ξεκινήσω;
dialogue:2119,dialogue,,4,,Yes.,Ναι.
dialogue:2120,dialogue,,8,,Not yet.,Όχι ακόμη.
dialogue:2121,dialogue,,22,,"Well, then, here I go!","Λοιπόν, πάμε!"
dialogue:2122,dialogue,,68,,Take your time! I don’t think there’s anything left to go supernova.,Με την ησυχία σου! Δεν νομίζω ότι έχει μείνει τίποτα για να γίνει σουπερνόβα.
dialogue:2123,dialogue,,50,,"Even if it’s over now, I had a good time learning.","Ακόμη κι αν τελείωσε τώρα, πέρασα ωραία μαθαίνοντας."
dialogue:2124,dialogue,,42,,But I think the rules are about to change.,Αλλά νομίζω ότι οι κανόνες πρόκειται να αλλάξουν.
dialogue:2125,dialogue,,25,,NEW EXHIBITS COMING SOON!,ΝΕΑ ΕΚΘΕΜΑΤΑ ΠΡΟΣΕΧΩΣ!
dialogue:2126,dialogue,,5,,Esker,Έσκερ
dialogue:2127,dialogue,,18,,"Oh, hey, it’s you!","Α, έλα, εσύ είσαι!"
dialogue:2128,dialogue,,67,,Ground control didn’t tell me you were launching. Long time no see!,Ο επίγειος έλεγχος δεν μου είπε ότι θα εκτοξευόσουν. Χρόνια και ζαμάνια!
dialogue:2129,dialogue,,63,,Actually. I guess it’s been a long time since I’ve seen anyone.,Βασικά. Μάλλον έχει περάσει πολύς καιρός από τότε που είδα οποιονδήποτε.
dialogue:2130,dialogue,,34,,Don’t the other travelers come by?,Δεν περνούν οι άλλοι ταξιδιώτες;
dialogue:2131,dialogue,,23,,Was that you whistling?,Εσύ σφύριζες;
dialogue:2132,dialogue,,21,,Seems lonely up here.,Φαίνεται μοναχικά εδώ πάνω.
dialogue:2133,dialogue,,19,,What is this place?,Τι είναι αυτό το μέρος;
dialogue:2134,dialogue,,13,,Marl says hi.,Ο Μαρλ σού λέει ένα γεια.
dialogue:2135,dialogue,,18,,Talk to you later.,Τα λέμε αργότερα.
dialogue:2136,dialogue,,54,,"Don’t go! Uh, I mean, anything else you wanted to ask?","Μη φεύγεις! Εμ, εννοώ, ήθελες να ρωτήσεις κάτι άλλο;"
dialogue:2137,dialogue,,34,,Don’t the other travelers come by?,Δεν περνούν οι άλλοι ταξιδιώτες;
dialogue:2138,dialogue,,21,,Seems lonely up here.,Φαίνεται μοναχικά εδώ πάνω.
dialogue:2139,dialogue,,23,,Was that you whistling?,Εσύ σφύριζες;
dialogue:2140,dialogue,,19,,What is this place?,Τι είναι αυτό το μέρος;
dialogue:2141,dialogue,,13,,Marl says hi.,Ο Μαρλ σού λέει ένα γεια.
dialogue:2142,dialogue,,18,,Talk to you later.,Τα λέμε αργότερα.
dialogue:2143,dialogue,,172,,"The Lunar Outpost saw more traffic back when our ships were less sophisticated and needed more frequent repairs. Nowadays, it’s mostly used to keep a set of eyes on things.",Ο Σεληνιακός Σταθμός είχε περισσότερη κίνηση τότε που τα σκάφη μας ήταν λιγότερο εξελιγμένα και χρειάζονταν συχνότερες επισκευές. Σήμερα χρησιμοποιείται κυρίως για να έχει κάποιος τα μάτια του ανοιχτά.
dialogue:2144,dialogue,,121,,"Sometimes Chert comes by to say hi, but Gabbro is Gabbro, and you know how Riebeck feels about “unnecessary spaceflight.”","Καμιά φορά περνάει ο Τσερτ να πει ένα γεια, αλλά ο Γκάμπρο είναι ο Γκάμπρο, και ξέρεις πώς νιώθει ο Ρίμπεκ για τις «περιττές διαστημικές πτήσεις»."
dialogue:2145,dialogue,,114,,"A little. I’m in touch with ground control – Hornfels and Gossan, mostly – and they radio up to chat now and then.","Λιγάκι. Έχω επαφή με τον επίγειο έλεγχο – τον Χόρνφελς και τον Γκόσαν, κυρίως – και μου μιλούν στον ασύρματο πού και πού."
dialogue:2146,dialogue,,121,TAGS,"And when ground control forgets I’m up here <size=20>and they usually do</size>, I launch my Little Scout at the village.","Και όταν ο επίγειος έλεγχος ξεχνάει ότι είμαι εδώ πάνω <size=20>και συνήθως ξεχνάει</size>, εκτοξεύω τον Μικρό μου Ανιχνευτή προς το χωριό."
dialogue:2147,dialogue,,22,,They forget about you?,Σε ξεχνάνε;
dialogue:2148,dialogue,,21,TAGS,You <i>spy</i> on us?,Μας <i>κατασκοπεύεις</i>;
dialogue:2149,dialogue,,109,,"I don’t blame them. For one, I don’t check in as often as the other travelers, since I’m always in one place.","Δεν τους κατηγορώ. Καταρχάς, δεν επικοινωνώ τόσο συχνά όσο οι άλλοι ταξιδιώτες, αφού είμαι πάντα στο ίδιο μέρος."
dialogue:2150,dialogue,,117,,"And it’s not so bad up here, really. At least it’s peaceful and quiet. You don’t always get that in our solar system.","Και δεν είναι και τόσο άσχημα εδώ πάνω, αλήθεια. Τουλάχιστον είναι ήσυχα και ειρηνικά. Δεν το βρίσκεις πάντα αυτό στο ηλιακό μας σύστημα."
dialogue:2151,dialogue,,25,,Let alone in our village.,Πόσο μάλλον στο χωριό μας.
dialogue:2152,dialogue,,34,,"What? No! It’s not spying, it’s...","Τι; Όχι! Δεν είναι κατασκοπεία, είναι..."
dialogue:2153,dialogue,,112,TAGS,It’s one-way communication. That none of the villagers know about. <size=20>Because I’ve never told them</size>.,Είναι μονόδρομη επικοινωνία. Που κανένας από τους χωριανούς δεν ξέρει. <size=20>Επειδή δεν τους το έχω πει ποτέ</size>.
dialogue:2154,dialogue,,105,,"Probably. Or actually, definitely. The other travelers carry instruments, so they don’t bother whistling.","Μάλλον. Ή μάλλον, σίγουρα. Οι άλλοι ταξιδιώτες κουβαλούν όργανα, οπότε δεν μπαίνουν στον κόπο να σφυρίζουν."
dialogue:2155,dialogue,,134,TAGS,"You can pick up their music with a signalscope, you know. Best spot for that is the <color=orange>north pole</color>. Great reception.","Μπορείς να πιάσεις τη μουσική τους με σηματοσκόπιο, ξέρεις. Το καλύτερο σημείο γι’ αυτό είναι ο <color=orange>βόρειος πόλος</color>. Εξαιρετική λήψη."
dialogue:2156,dialogue,,155,TAGS,"The north pole is marked in red on your <color=orange>mini map</color>, but the Attlerock is a pretty small moon, really. Just go north. You can’t miss it.","Ο βόρειος πόλος είναι σημειωμένος με κόκκινο στον <color=orange>μίνι χάρτη</color> σου, αλλά το Άτλροκ είναι αρκετά μικρό φεγγάρι, βασικά. Απλώς πήγαινε βόρεια. Δεν γίνεται να το χάσεις."
dialogue:2157,dialogue,,98,TAGS,"Ha ha, very funny. <Pause/>...Oh, stars above, you’re serious, aren’t you? That’s just depressing.","Χα χα, πολύ αστείο. <Pause/>...Α, μα τ’ άστρα, σοβαρολογείς, έτσι; Αυτό είναι απλώς θλιβερό."
dialogue:2158,dialogue,,139,TAGS,"<color=grey>Sigh...</color><Pause/>Welcome to the Lunar Outpost, which apparently the space program doesn’t bother to teach anyone anymore.","<color=grey>Αναστεναγμός...</color><Pause/>Καλώς ήρθες στον Σεληνιακό Σταθμό, τον οποίο προφανώς το διαστημικό πρόγραμμα δεν μπαίνει πια στον κόπο να διδάσκει σε κανέναν."
dialogue:2159,dialogue,,241,,"When we first started Outer Wilds, travelers used to bring their ships here all the time for repairs. Our spacefaring technology has improved loads since then, but the older ships tended to, uh, fall apart a lot. Like, more than they do now.","Όταν ξεκινήσαμε το Outer Wilds, οι ταξιδιώτες έφερναν συνέχεια τα σκάφη τους εδώ για επισκευές. Η διαστημική μας τεχνολογία έχει βελτιωθεί πάρα πολύ από τότε, αλλά τα παλιότερα σκάφη είχαν την τάση, εμ, να διαλύονται αρκετά."
dialogue:2160,dialogue,,235,,"Using the outpost cut down on the number of launches and landings taking place in the village and also the number of fires. Nowadays, though, it’s mostly just me up here raising saplings from Timber Hearth and keeping an eye on things.","Η χρήση του σταθμού μείωσε τον αριθμό των εκτοξεύσεων και προσγειώσεων μέσα στο χωριό, καθώς και τον αριθμό των πυρκαγιών. Σήμερα, όμως, είμαι κυρίως εγώ εδώ πάνω και μεγαλώνω δεντράκια από το Τίμπερ Χαρθ."
dialogue:2161,dialogue,,95,,"Heh, Marl is probably the only one who remembers I’m up here. I should go see the big lug soon.","Χεχ, ο Μαρλ είναι μάλλον ο μόνος που θυμάται ότι είμαι εδώ πάνω. Πρέπει να πάω να δω τον μεγαλόσωμο σύντομα."
dialogue:2162,dialogue,,189,,"Don’t tell them about this, but sometimes I throw my Little Scout down to make sure Marl isn’t doing anything stupid. I worry that big tree in the village wouldn’t stand a chance otherwise.","Μην του το πεις, αλλά καμιά φορά ρίχνω κάτω τον Μικρό μου Ανιχνευτή για να βεβαιωθώ ότι ο Μαρλ δεν κάνει καμιά βλακεία. Ανησυχώ ότι εκείνο το μεγάλο δέντρο στο χωριό δεν θα είχε ελπίδα αλλιώς."
dialogue:2163,dialogue,,55,,Hi again. Can’t get enough of the moon? ...I’m kidding.,Γεια σου ξανά. Δεν χορταίνεις το φεγγάρι; ...Πλάκα κάνω.
dialogue:2164,dialogue,,18,,Do you hear music?,Ακούς μουσική;
dialogue:2165,dialogue,,30,,Aren’t you forgetting someone?,Δεν ξεχνάς κάποιον;
dialogue:2166,dialogue,,61,,I can’t wait to play with the whole group again. Can I start?,Ανυπομονώ να ξαναπαίξω με όλη την παρέα. Να ξεκινήσω;
dialogue:2167,dialogue,,4,,Yes.,Ναι.
dialogue:2168,dialogue,,8,,Not yet.,Όχι ακόμη.
dialogue:2169,dialogue,,25,,"Ok, I won’t let you down!","Εντάξει, δεν θα σε απογοητεύσω!"
dialogue:2170,dialogue,,50,,"Oh, ok. I’ll– I’ll get to play soon though, right?","Α, εντάξει. Θα– θα παίξω σύντομα όμως, έτσι;"
dialogue:2171,dialogue,,86,,Wow... How long has it been since I got to make music with everyone around a campfire?,Πω πω... Πόσος καιρός πέρασε από τότε που έπαιξα μουσική με όλους γύρω από μια φωτιά;
dialogue:2172,dialogue,,32,,I’m really happy we’re all here.,Χαίρομαι πραγματικά που είμαστε όλοι εδώ.
dialogue:2173,dialogue,,24,,Hatchling! You found me!,Μικρούλη! Με βρήκες!
dialogue:2174,dialogue,,106,,"Nice to have company around a campfire, isn’t it? Go on, go get the others. Wouldn’t want ’em to miss out!","Ωραίο να έχεις παρέα γύρω από μια φωτιά, έτσι; Άντε, πήγαινε να φέρεις και τους άλλους. Δεν θα θέλαμε να το χάσουν!"
dialogue:2175,dialogue,,55,,"Whaddya say, then — should I get out the ol’ harmonica?","Τι λες, λοιπόν — να βγάλω την παλιά φυσαρμόνικα;"
dialogue:2176,dialogue,,4,,Yes.,Ναι.
dialogue:2177,dialogue,,8,,Not yet.,Όχι ακόμη.
dialogue:2178,dialogue,,32,TAGS,Ha <i>ha</i>! Here goes nothing!,Χα <i>χα</i>! Πάμε!
dialogue:2179,dialogue,,59,,"You got it hatchling. When you’re ready, just say the word.","Έγινε, μικρούλη. Όποτε είσαι έτοιμος, μια κουβέντα να μου πεις."
dialogue:2180,dialogue,,43,,"You cut it a little close, don’t you think?",Λίγο στο τσακ δεν το άφησες;
dialogue:2181,dialogue,,52,,"Well, it worked out all right in the end, I suppose.","Ε, μάλλον βγήκε σε καλό στο τέλος."
dialogue:2182,dialogue,,47,,"Ahh, I hope there are beasties in the next one.","Αχ, ελπίζω να έχει θηρία στην επόμενη."
dialogue:2183,dialogue,,101,NL,"Trip 4(?), entry #... I’m gonna say “not 1.”  \\n Crashes: 3 \\n Boring crashes: 0 (a personal best!)","Ταξίδι 4(;), καταχώριση #... ας πούμε «όχι 1».  \\n Συντριβές: 3 \\n Βαρετές συντριβές: 0 (προσωπικό ρεκόρ!)"
dialogue:2184,dialogue,,167,TAGS,"Whoa <i>ho</i>! Never thought I’d see one of these beasties outside of Giant’s Deep! They were awfully useful back there — maybe a jellyfish could be useful here, too?",Πω <i>πω</i>! Ποτέ δεν φανταζόμουν ότι θα έβλεπα ένα από αυτά τα θηρία έξω από τον Τζάιαντς Ντιπ! Ήταν πολύ χρήσιμα εκεί — ίσως μια μέδουσα να φανεί χρήσιμη κι εδώ;
dialogue:2185,dialogue,,170,,BLEARGH. This thing tastes terrible! The outside is all rubbery and tough -- maybe that’s because it insulates the jellyfish’s insides from getting zapped by electricity?,ΜΠΛΙΑΧ. Αυτό το πράγμα έχει απαίσια γεύση! Η εξωτερική επιφάνεια είναι λαστιχένια και σκληρή -- ίσως επειδή μονώνει το εσωτερικό της μέδουσας από τον ηλεκτρισμό;
dialogue:2186,dialogue,,104,,"Right, I’m going inside of this jellyfish’s interior cavity to see if what’s in there tastes any better.","Ωραία, μπαίνω μέσα στην εσωτερική κοιλότητα αυτής της μέδουσας να δω αν αυτό που υπάρχει εκεί έχει καλύτερη γεύση."
dialogue:2187,dialogue,,131,,Note to Feldspar: DO NOT EAT THIS EVEN IF YOU ARE DYING. It would be too sad if this were the last thing you ever ate in this life.,Σημείωση προς Φέλντσπαρ: ΜΗΝ ΤΟ ΦΑΣ ΑΚΟΜΗ ΚΙ ΑΝ ΠΕΘΑΙΝΕΙΣ. Θα ήταν πολύ θλιβερό να είναι αυτό το τελευταίο πράγμα που έφαγες σε αυτή τη ζωή.
dialogue:2188,dialogue,,108,,"I guess these jellyfish are only useful for insulation from electricity. Again, DO NOT EAT. (Love, Feldspar)","Μάλλον αυτές οι μέδουσες χρησιμεύουν μόνο ως μόνωση από τον ηλεκτρισμό. Ξανά, ΜΗΝ ΤΟ ΦΑΣ. (Με αγάπη, Φέλντσπαρ)"
dialogue:2189,dialogue,,102,,"Nice, it’s you. Good to see you made it here in one piece. The first solo launch is a doozy, isn’t it?","Ωραίος, εσύ είσαι. Χαίρομαι που έφτασες εδώ σώος. Η πρώτη μοναχική εκτόξευση είναι κάτι άλλο, έτσι;"
dialogue:2190,dialogue,,115,,"So hey, don’t laugh, but I think I might have had some kind of spiritual experience with a rock shaped like a face.","Λοιπόν, μη γελάσεις, αλλά νομίζω ότι είχα κάποιου είδους πνευματική εμπειρία με έναν βράχο σε σχήμα προσώπου."
dialogue:2191,dialogue,,8,,...What?,...Τι;
dialogue:2192,dialogue,,7,,Me too!,Κι εγώ!
dialogue:2193,dialogue,,219,,"One of the islands on Giant’s Deep has a Nomai statue on the beach - ever seen one? I brought one back to Timber Hearth with me. Big stone sculpture of a Nomai’s head, three eyes and everything. Beautifully carved, too.","Ένα από τα νησιά του Τζάιαντς Ντιπ έχει ένα άγαλμα των Νομάι στην παραλία - το έχεις δει ποτέ; Έφερα ένα πίσω στο Τίμπερ Χαρθ μαζί μου. Μεγάλο πέτρινο γλυπτό κεφαλιού Νομάι, με τρία μάτια και τα λοιπά. Πανέμορφα σκαλισμένο."
dialogue:2194,dialogue,,143,,"So one minute I’m standing on an island looking at a Nomai sculpture on the beach, and the next thing I know, it’s looking back at me, glowing.","Οπότε τη μια στιγμή στέκομαι σε ένα νησί και κοιτάζω ένα νομαϊκό γλυπτό στην παραλία, και την επόμενη με κοιτάζει κι αυτό, λάμποντας."
dialogue:2195,dialogue,,164,,"The sculpture replays everything I’ve just done, like it’s been watching me through my own eyes, you know? And then suddenly it stops and everything’s normal again.","Το γλυπτό αναπαράγει όλα όσα μόλις έκανα, σαν να με παρακολουθούσε μέσα από τα ίδια μου τα μάτια, ξέρεις; Και μετά ξαφνικά σταματά και όλα είναι πάλι φυσιολογικά."
dialogue:2196,dialogue,,39,,That happened to me at the observatory.,Αυτό μου συνέβη στο παρατηρητήριο.
dialogue:2197,dialogue,,13,,"You too, huh?","Κι εσένα, ε;"
dialogue:2198,dialogue,,98,,"You’re saying the statue I brought to the museum started glowing at you? Yeah, sounds about right.","Λες ότι το άγαλμα που έφερα στο μουσείο άρχισε να λάμπει σε σένα; Ναι, ακούγεται λογικό."
dialogue:2199,dialogue,,140,,"One minute I’m standing on an island looking at a Nomai sculpture on the beach, and the next thing I know, it’s looking back at me, glowing.","Τη μια στιγμή στέκομαι σε ένα νησί και κοιτάζω ένα νομαϊκό γλυπτό στην παραλία, και την επόμενη με κοιτάζει κι αυτό, λάμποντας."
dialogue:2200,dialogue,,153,,"It replays everything I’ve just done, like it’s been watching me through my own eyes, you know? And then suddenly it stops and everything’s normal again.","Αναπαράγει όλα όσα μόλις έκανα, σαν να με παρακολουθούσε μέσα από τα ίδια μου τα μάτια, ξέρεις; Και μετά ξαφνικά σταματά και όλα είναι πάλι φυσιολογικά."
dialogue:2201,dialogue,,77,,"It didn’t seem bad, just... weird? Were we the only ones who saw that happen?","Δεν φαινόταν κακό, απλώς... περίεργο; Ήμασταν οι μόνοι που το είδαμε να συμβαίνει;"
dialogue:2202,dialogue,,126,,"I tried radioing Hornfels and asking them about it, but they told me I must have just nodded off out here and gotten confused.","Δοκίμασα να καλέσω τον Χόρνφελς στον ασύρματο και να τον ρωτήσω, αλλά μου είπε ότι μάλλον με πήρε ο ύπνος εδώ έξω και μπερδεύτηκα."
dialogue:2203,dialogue,,111,,Then we talked about dreams until Hornfels told me to go refill my oxygen tank before I talked myself to death.,Μετά μιλήσαμε για όνειρα μέχρι που ο Χόρνφελς μού είπε να πάω να ξαναγεμίσω τη δεξαμενή οξυγόνου μου πριν αυτοκτονήσω από πολυλογία.
dialogue:2204,dialogue,,102,,"So that’s what’s new with me. But hey, this is your first solo voyage! Let’s talk about you, you know?","Αυτά είναι τα νέα μου, λοιπόν. Αλλά έλα, αυτό είναι το πρώτο σου μοναχικό ταξίδι! Ας μιλήσουμε για σένα, ε;"
dialogue:2205,dialogue,,155,,"Have you ever stared at a cyclone for so long, it started to hypnotize you? I’m telling you, they’ll pull you into a trance if you look at ’em long enough.","Έχεις κοιτάξει ποτέ έναν κυκλώνα τόση ώρα που άρχισε να σε υπνωτίζει; Σου λέω, σε βάζουν σε έκσταση αν τους κοιτάς αρκετά."
dialogue:2206,dialogue,,50,,I found a photo of you inside the old radio tower.,Βρήκα μια φωτογραφία σου μέσα στον παλιό πύργο ασυρμάτου.
dialogue:2207,dialogue,,44,,"Well, what are any of us doing here, really?","Ε, τι κάνει ο καθένας μας εδώ, στ’ αλήθεια;"
dialogue:2208,dialogue,,79,,"...Nah, I’m just kidding. I’m out here exploring our solar system, same as you.","...Καλά, πλάκα κάνω. Εξερευνώ το ηλιακό μας σύστημα, όπως κι εσύ."
dialogue:2209,dialogue,,98,,"But I tell you what, outer space really gives you room to think. It’s quiet and peaceful out here.",Αλλά να σου πω κάτι: το διάστημα σου δίνει χώρο να σκεφτείς. Είναι ήσυχα και ειρηνικά εδώ πέρα.
dialogue:2210,dialogue,,150,,"I mean, it’s usually quiet and peaceful. Sometimes a cyclone comes by and lifts my little island paradise clean out of the water. Then: less peaceful.","Δηλαδή, συνήθως είναι ήσυχα και ειρηνικά. Καμιά φορά περνάει ένας κυκλώνας και σηκώνει τον μικρό μου νησιωτικό παράδεισο κατευθείαν έξω από το νερό. Τότε: λιγότερο ειρηνικά."
dialogue:2211,dialogue,,149,,Here’s something you might like — I saw a bright flash in the sky not too long ago. Something must have happened up there in orbit around the planet.,"Να κάτι που ίσως σου αρέσει — είδα μια έντονη λάμψη στον ουρανό πριν από λίγο. Κάτι πρέπει να συνέβη εκεί πάνω, σε τροχιά γύρω από τον πλανήτη."
dialogue:2212,dialogue,,187,TAGS,"What else, what else... Have you been to Statue Island? That’s what I’ve been calling it, seeing as it’s the <i>island</i> where I found the glowing Nomai <i>statue</i>.<Pause> ...Get it?","Τι άλλο, τι άλλο... Έχεις πάει στο Νησί του Αγάλματος; Έτσι το λέω εγώ, μιας και είναι το <i>νησί</i> όπου βρήκα το λαμπερό <i>άγαλμα</i> των Νομάι.<Pause> ...Το ’πιασες;"
dialogue:2213,dialogue,,191,,"I was on the beach on Statue Island when the whole glowy business happened, by the way. It’s a nice beach for that kind of thing. I give it a solid 7 out of 10 on the Gabbro Relaxation Scale.","Παρεμπιπτόντως, ήμουν στην παραλία στο Νησί του Αγάλματος όταν έγινε όλη αυτή η λαμπερή ιστορία. Ωραία παραλία για τέτοια πράγματα. Της βάζω ένα γερό 7 στα 10 στην Κλίμακα Χαλάρωσης Γκάμπρο."
dialogue:2214,dialogue,,154,,"If you feel like checking out Statue Island, it’s the one with two islands connected by a natural rock arch. Well... mostly connected, anyway. You’ll see.","Αν σου κάνει κέφι να δεις το Νησί του Αγάλματος, είναι εκείνο με τα δύο νησιά που ενώνονται με μια φυσική βραχώδη αψίδα. Ε... κυρίως ενώνονται, τέλος πάντων. Θα δεις."
dialogue:2215,dialogue,,20,,"Haha, I know, right?","Χαχα, ε;"
dialogue:2216,dialogue,,126,,"...Oh, you meant, like, tell you more about it? I gotcha. Well, Giant’s Deep is massive, and mostly water. No surprises there.","...Α, εννοούσες να σου πω περισσότερα γι’ αυτόν; Κατάλαβα. Λοιπόν, ο Τζάιαντς Ντιπ είναι τεράστιος και ως επί το πλείστον νερό. Καμία έκπληξη εκεί."
dialogue:2217,dialogue,,195,,"There’s a strong current a ways beneath the surface that prevents anything from sinking below it. Seriously, I tried everything I could think of to get past that current, and neither idea worked.","Υπάρχει ένα ισχυρό ρεύμα αρκετά κάτω από την επιφάνεια που εμποδίζει οτιδήποτε να βυθιστεί πιο κάτω. Σοβαρά, δοκίμασα ό,τι μπορούσα να σκεφτώ για να περάσω αυτό το ρεύμα, και καμία από τις δύο ιδέες δεν δούλεψε."
dialogue:2218,dialogue,,130,,"As for land masses, I’ve counted four islands, including this one. There’s also the one with that Nomai statue I saw on the beach.","Όσο για στεριές, έχω μετρήσει τέσσερα νησιά, μαζί με αυτό. Υπάρχει και εκείνο με το άγαλμα των Νομάι που είδα στην παραλία."
dialogue:2219,dialogue,,195,,"You’ve seen the cyclones? Yeah, they’re hard to miss. They’ll toss up everything in their path, islands included. Little tip — if you get picked up, try to land in water. Less likely to kill you.","Είδες τους κυκλώνες; Ναι, δύσκολα τους προσπερνάς. Πετάνε ψηλά ό,τι βρουν μπροστά τους, μαζί και τα νησιά. Μια μικρή συμβουλή — αν σε σηκώσουν, προσπάθησε να προσγειωθείς στο νερό. Λιγότερες πιθανότητες να σε σκοτώσει."
dialogue:2220,dialogue,,102,,"Nice, it’s you. Good to see you made it here in one piece. The first solo launch is a doozy, isn’t it?","Ωραίος, εσύ είσαι. Χαίρομαι που έφτασες εδώ σώος. Η πρώτη μοναχική εκτόξευση είναι κάτι άλλο, έτσι;"
dialogue:2221,dialogue,,72,,"So hey, don’t laugh, but I think I might have just, like, died? Somehow?","Λοιπόν, μη γελάσεις, αλλά νομίζω ότι μόλις, ξέρεις, πέθανα; Κάπως;"
dialogue:2222,dialogue,,56,,"Do you remember, y’know, dying a few minutes ago? Maybe?","Θυμάσαι, ξέρεις, να πεθαίνεις πριν από λίγα λεπτά; Ίσως;"
dialogue:2223,dialogue,,28,,"Oh yeah, we definitely died.","Α ναι, σίγουρα πεθάναμε."
dialogue:2224,dialogue,,37,,I think we’re the only ones who know.,Νομίζω ότι είμαστε οι μόνοι που το ξέρουμε.
dialogue:2225,dialogue,,74,,"Okay, cool, that’s what I thought. It was all way too vivid to be a dream.","Εντάξει, ωραία, αυτό σκεφτόμουν. Ήταν όλα πολύ ζωντανά για να είναι όνειρο."
dialogue:2226,dialogue,,107,,"I tried radioing Hornfels and asking them if they had died, too, but they thought I was being metaphorical.","Δοκίμασα να καλέσω τον Χόρνφελς στον ασύρματο και να τον ρωτήσω αν πέθανε κι αυτός, αλλά νόμιζε ότι μιλούσα μεταφορικά."
dialogue:2227,dialogue,,126,,"Yeah, I tried radioing Hornfels and asking them if they had died, too, but they thought I was being metaphorical or something.","Ναι, δοκίμασα να καλέσω τον Χόρνφελς στον ασύρματο και να τον ρωτήσω αν πέθανε κι αυτός, αλλά νόμιζε ότι μιλούσα μεταφορικά ή κάτι τέτοιο."
dialogue:2228,dialogue,,155,,"Well, if you remember dying, then I guess I didn’t just fall asleep and have a bad dream or something. I dunno what’s going on, though. Today’s been weird.","Ε, αν θυμάσαι ότι πέθανες, τότε μάλλον δεν αποκοιμήθηκα απλώς και είδα κάποιο κακό όνειρο. Δεν ξέρω όμως τι συμβαίνει. Η σημερινή μέρα ήταν περίεργη."
dialogue:2229,dialogue,,188,,"Like, I was on a different island earlier, right? I was on the beach looking at one of those big stone statues of a Nomai head, and the next thing I know, it’s looking back at me, glowing.","Δηλαδή, ήμουν σε άλλο νησί νωρίτερα, σωστά; Ήμουν στην παραλία και κοιτούσα ένα από εκείνα τα μεγάλα πέτρινα αγάλματα κεφαλιού Νομάι, και το επόμενο πράγμα που ξέρω είναι ότι με κοιτάζει κι αυτό, λάμποντας."
dialogue:2230,dialogue,,161,,"The statue replays everything I’ve just done, like it’s been watching me through my own eyes, you know? And then suddenly it stops and everything’s normal again.","Το άγαλμα αναπαράγει όλα όσα μόλις έκανα, σαν να με παρακολουθούσε μέσα από τα ίδια μου τα μάτια, ξέρεις; Και μετά ξαφνικά σταματά και όλα είναι πάλι φυσιολογικά."
dialogue:2231,dialogue,,39,,That happened to me at the observatory.,Αυτό μου συνέβη στο παρατηρητήριο.
dialogue:2232,dialogue,,194,,"Come to think of it, when I died, I saw what I’m pretty sure were my memories going backward, just like that time with the statue. Do you think the Nomai statues are related to us dying somehow?","Τώρα που το σκέφτομαι, όταν πέθανα, είδα κάτι που είμαι αρκετά σίγουρος ότι ήταν οι αναμνήσεις μου να πηγαίνουν ανάποδα, ακριβώς όπως τότε με το άγαλμα. Λες τα αγάλματα των Νομάι να σχετίζονται κάπως με το ότι πεθαίνουμε;"
dialogue:2233,dialogue,,86,,"And another thing - we died, but we aren’t dead? That’s pretty unusual for Hearthians.","Και κάτι ακόμη - πεθάναμε, αλλά δεν είμαστε νεκροί; Αυτό είναι αρκετά ασυνήθιστο για Χάρθιαν."
dialogue:2234,dialogue,,105,,"Well, that’s what’s new with me. But hey, this is your first solo voyage! Let’s talk about you, you know?","Αυτά είναι τα νέα μου, λοιπόν. Αλλά έλα, αυτό είναι το πρώτο σου μοναχικό ταξίδι! Ας μιλήσουμε για σένα, ε;"
dialogue:2235,dialogue,,152,,"Have you ever stared at a cyclone for so long, it started to hypnotize you? I’m telling you, they’ll put you in a trance if you look at ’em long enough.","Έχεις κοιτάξει ποτέ έναν κυκλώνα τόση ώρα που άρχισε να σε υπνωτίζει; Σου λέω, σε βάζουν σε έκσταση αν τους κοιτάς αρκετά."
dialogue:2236,dialogue,,44,,"Well, what are any of us doing here, really?","Ε, τι κάνει ο καθένας μας εδώ, στ’ αλήθεια;"
dialogue:2237,dialogue,,79,,"...Nah, I’m just kidding. I’m out here exploring our solar system, same as you.","...Καλά, πλάκα κάνω. Εξερευνώ το ηλιακό μας σύστημα, όπως κι εσύ."
dialogue:2238,dialogue,,98,,"But I tell you what, outer space really gives you room to think. It’s quiet and peaceful out here.",Αλλά να σου πω κάτι: το διάστημα σου δίνει χώρο να σκεφτείς. Είναι ήσυχα και ειρηνικά εδώ πέρα.
dialogue:2239,dialogue,,150,,"I mean, it’s usually quiet and peaceful. Sometimes a cyclone comes by and lifts my little island paradise clean out of the water. Then: less peaceful.","Δηλαδή, συνήθως είναι ήσυχα και ειρηνικά. Καμιά φορά περνάει ένας κυκλώνας και σηκώνει τον μικρό μου νησιωτικό παράδεισο κατευθείαν έξω από το νερό. Τότε: λιγότερο ειρηνικά."
dialogue:2240,dialogue,,158,,"Well actually, after waking up from, you know, dying, I saw the same bright flash in the sky. Something must be happening up there in orbit around the planet.","Βασικά, αφού ξύπνησα από το, ξέρεις, θάνατο, είδα την ίδια έντονη λάμψη στον ουρανό. Κάτι πρέπει να συμβαίνει εκεί πάνω, σε τροχιά γύρω από τον πλανήτη."
dialogue:2241,dialogue,,187,TAGS,"What else, what else... Have you been to Statue Island? That’s what I’ve been calling it, seeing as it’s the <i>island</i> where I found the glowing Nomai <i>statue</i>.<Pause> ...Get it?","Τι άλλο, τι άλλο... Έχεις πάει στο Νησί του Αγάλματος; Έτσι το λέω εγώ, μιας και είναι το <i>νησί</i> όπου βρήκα το λαμπερό <i>άγαλμα</i> των Νομάι.<Pause> ...Το ’πιασες;"
dialogue:2242,dialogue,,191,,"I was on the beach on Statue Island when the whole glowy business happened, by the way. It’s a nice beach for that kind of thing. I give it a solid 7 out of 10 on the Gabbro Relaxation Scale.","Παρεμπιπτόντως, ήμουν στην παραλία στο Νησί του Αγάλματος όταν έγινε όλη αυτή η λαμπερή ιστορία. Ωραία παραλία για τέτοια πράγματα. Της βάζω ένα γερό 7 στα 10 στην Κλίμακα Χαλάρωσης Γκάμπρο."
dialogue:2243,dialogue,,154,,"If you feel like checking out Statue Island, it’s the one with two islands connected by a natural rock arch. Well... mostly connected, anyway. You’ll see.","Αν σου κάνει κέφι να δεις το Νησί του Αγάλματος, είναι εκείνο με τα δύο νησιά που ενώνονται με μια φυσική βραχώδη αψίδα. Ε... κυρίως ενώνονται, τέλος πάντων. Θα δεις."
dialogue:2244,dialogue,,20,,"Haha, I know, right?","Χαχα, ε;"
dialogue:2245,dialogue,,126,,"...Oh, you meant, like, tell you more about it? I gotcha. Well, Giant’s Deep is massive, and mostly water. No surprises there.","...Α, εννοούσες να σου πω περισσότερα γι’ αυτόν; Κατάλαβα. Λοιπόν, ο Τζάιαντς Ντιπ είναι τεράστιος και ως επί το πλείστον νερό. Καμία έκπληξη εκεί."
dialogue:2246,dialogue,,195,,"There’s a strong current a ways beneath the surface that prevents anything from sinking below it. Seriously, I tried everything I could think of to get past that current, and neither idea worked.","Υπάρχει ένα ισχυρό ρεύμα αρκετά κάτω από την επιφάνεια που εμποδίζει οτιδήποτε να βυθιστεί πιο κάτω. Σοβαρά, δοκίμασα ό,τι μπορούσα να σκεφτώ για να περάσω αυτό το ρεύμα, και καμία από τις δύο ιδέες δεν δούλεψε."
dialogue:2247,dialogue,,130,,"As for land masses, I’ve counted four islands, including this one. There’s also the one with that Nomai statue I saw on the beach.","Όσο για στεριές, έχω μετρήσει τέσσερα νησιά, μαζί με αυτό. Υπάρχει και εκείνο με το άγαλμα των Νομάι που είδα στην παραλία."
dialogue:2248,dialogue,,195,,"You’ve seen the cyclones? Yeah, they’re hard to miss. They’ll toss up everything in their path, islands included. Little tip - if you get picked up, try to land in water. Less likely to kill you.","Είδες τους κυκλώνες; Ναι, δύσκολα τους προσπερνάς. Πετάνε ψηλά ό,τι βρουν μπροστά τους, μαζί και τα νησιά. Μια μικρή συμβουλή - αν σε σηκώσουν, προσπάθησε να προσγειωθείς στο νερό. Λιγότερες πιθανότητες να σε σκοτώσει."
dialogue:2249,dialogue,,82,,"Okay, here’s a weird one for you — I think I might have just, like, died? Somehow?","Εντάξει, να κάτι περίεργο για σένα — νομίζω ότι μόλις, ξέρεις, πέθανα; Κάπως;"
dialogue:2250,dialogue,,135,,"I radioed Hornfels at the observatory to ask them about it, but they’re convinced I fell asleep out here and had a nightmare something.","Κάλεσα τον Χόρνφελς στο παρατηρητήριο να τον ρωτήσω γι’ αυτό, αλλά είναι πεπεισμένος ότι αποκοιμήθηκα εδώ έξω και είδα εφιάλτη ή κάτι τέτοιο."
dialogue:2251,dialogue,,56,,"Do you remember, y’know, dying a few minutes ago? Maybe?","Θυμάσαι, ξέρεις, να πεθαίνεις πριν από λίγα λεπτά; Ίσως;"
dialogue:2252,dialogue,,28,,"Oh yeah, we definitely died.","Α ναι, σίγουρα πεθάναμε."
dialogue:2253,dialogue,,37,,I think we’re the only ones who know.,Νομίζω ότι είμαστε οι μόνοι που το ξέρουμε.
dialogue:2254,dialogue,,74,,"Okay, cool, that’s what I thought. It was all way too vivid to be a dream.","Εντάξει, ωραία, αυτό σκεφτόμουν. Ήταν όλα πολύ ζωντανά για να είναι όνειρο."
dialogue:2255,dialogue,,113,,"I radioed Hornfels again to ask if they had died, too, but I’m pretty sure they thought I was being metaphorical.","Κάλεσα ξανά τον Χόρνφελς να τον ρωτήσω αν πέθανε κι αυτός, αλλά είμαι αρκετά σίγουρος ότι νόμιζε πως μιλούσα μεταφορικά."
dialogue:2256,dialogue,,119,,"Yeah, I radioed Hornfels again to ask if they had died, too, but I’m pretty sure they thought I was being metaphorical.","Ναι, κάλεσα ξανά τον Χόρνφελς να τον ρωτήσω αν πέθανε κι αυτός, αλλά είμαι αρκετά σίγουρος ότι νόμιζε πως μιλούσα μεταφορικά."
dialogue:2257,dialogue,,207,,"Well, if you remember dying, then I guess I didn’t just fall asleep and have a weird dream or something. But stars above, what’s going on, then? And then there was that thing with the Nomai statue earlier...","Ε, αν θυμάσαι ότι πέθανες, τότε μάλλον δεν αποκοιμήθηκα απλώς και είδα κάποιο περίεργο όνειρο. Αλλά μα τ’ άστρα, τι συμβαίνει τότε; Και μετά ήταν κι εκείνο με το άγαλμα των Νομάι νωρίτερα..."
dialogue:2258,dialogue,,194,,"Come to think of it, when I died, I saw what I’m pretty sure were my memories going backward, just like the time with that statue. Do you think the Nomai statues are related to us dying somehow?","Τώρα που το σκέφτομαι, όταν πέθανα, είδα κάτι που είμαι αρκετά σίγουρος ότι ήταν οι αναμνήσεις μου να πηγαίνουν ανάποδα, ακριβώς όπως τότε με εκείνο το άγαλμα. Λες τα αγάλματα των Νομάι να σχετίζονται κάπως με το ότι πεθαίνουμε;"
dialogue:2259,dialogue,,72,,"So... we died, but we aren’t dead? That’s pretty unusual for Hearthians.","Δηλαδή... πεθάναμε, αλλά δεν είμαστε νεκροί; Αυτό είναι αρκετά ασυνήθιστο για Χάρθιαν."
dialogue:2260,dialogue,,150,,I am going to need to do some serious thinking before I come up with any theories. Maybe I’ll have figured something out by the next time you come by.,Θα χρειαστεί να το σκεφτώ σοβαρά πριν καταλήξω σε καμιά θεωρία. Ίσως έχω βρει κάτι μέχρι την επόμενη φορά που θα περάσεις.
dialogue:2261,dialogue,,113,,"Hey again. If you feel like roasting a mallow, feel free to use my campfire. It’s just up the path a little ways.","Έλα πάλι. Αν σου κάνει κέφι να ψήσεις ένα ζαχαρωτό, χρησιμοποίησε ελεύθερα τη φωτιά μου. Είναι λίγο πιο πάνω στο μονοπάτι."
dialogue:2262,dialogue,,13,,So what’s up?,"Λοιπόν, τι λέει;"
dialogue:2263,dialogue,,44,,"Well, what are any of us doing here, really?","Ε, τι κάνει ο καθένας μας εδώ, στ’ αλήθεια;"
dialogue:2264,dialogue,,79,,"...Nah, I’m just kidding. I’m out here exploring our solar system, same as you.","...Καλά, πλάκα κάνω. Εξερευνώ το ηλιακό μας σύστημα, όπως κι εσύ."
dialogue:2265,dialogue,,98,,"But I tell you what, outer space really gives you room to think. It’s quiet and peaceful out here.",Αλλά να σου πω κάτι: το διάστημα σου δίνει χώρο να σκεφτείς. Είναι ήσυχα και ειρηνικά εδώ πέρα.
dialogue:2266,dialogue,,150,,"I mean, it’s usually quiet and peaceful. Sometimes a cyclone comes by and lifts my little island paradise clean out of the water. Then: less peaceful.","Δηλαδή, συνήθως είναι ήσυχα και ειρηνικά. Καμιά φορά περνάει ένας κυκλώνας και σηκώνει τον μικρό μου νησιωτικό παράδεισο κατευθείαν έξω από το νερό. Τότε: λιγότερο ειρηνικά."
dialogue:2267,dialogue,,158,,"Well actually, after waking up from, you know, dying, I saw the same bright flash in the sky. Something must be happening up there in orbit around the planet.","Βασικά, αφού ξύπνησα από το, ξέρεις, θάνατο, είδα την ίδια έντονη λάμψη στον ουρανό. Κάτι πρέπει να συμβαίνει εκεί πάνω, σε τροχιά γύρω από τον πλανήτη."
dialogue:2268,dialogue,,187,TAGS,"What else, what else... Have you been to Statue Island? That’s what I’ve been calling it, seeing as it’s the <i>island</i> where I found the glowing Nomai <i>statue</i>.<Pause> ...Get it?","Τι άλλο, τι άλλο... Έχεις πάει στο Νησί του Αγάλματος; Έτσι το λέω εγώ, μιας και είναι το <i>νησί</i> όπου βρήκα το λαμπερό <i>άγαλμα</i> των Νομάι.<Pause> ...Το ’πιασες;"
dialogue:2269,dialogue,,191,,"I was on the beach on Statue Island when the whole glowy business happened, by the way. It’s a nice beach for that kind of thing. I give it a solid 7 out of 10 on the Gabbro Relaxation Scale.","Παρεμπιπτόντως, ήμουν στην παραλία στο Νησί του Αγάλματος όταν έγινε όλη αυτή η λαμπερή ιστορία. Ωραία παραλία για τέτοια πράγματα. Της βάζω ένα γερό 7 στα 10 στην Κλίμακα Χαλάρωσης Γκάμπρο."
dialogue:2270,dialogue,,154,,"If you feel like checking out Statue Island, it’s the one with two islands connected by a natural rock arch. Well... mostly connected, anyway. You’ll see.","Αν σου κάνει κέφι να δεις το Νησί του Αγάλματος, είναι εκείνο με τα δύο νησιά που ενώνονται με μια φυσική βραχώδη αψίδα. Ε... κυρίως ενώνονται, τέλος πάντων. Θα δεις."
dialogue:2271,dialogue,,20,,"Haha, I know, right?","Χαχα, ε;"
dialogue:2272,dialogue,,126,,"...Oh, you meant, like, tell you more about it? I gotcha. Well, Giant’s Deep is massive, and mostly water. No surprises there.","...Α, εννοούσες να σου πω περισσότερα γι’ αυτόν; Κατάλαβα. Λοιπόν, ο Τζάιαντς Ντιπ είναι τεράστιος και ως επί το πλείστον νερό. Καμία έκπληξη εκεί."
dialogue:2273,dialogue,,195,,"There’s a strong current a ways beneath the surface that prevents anything from sinking below it. Seriously, I tried everything I could think of to get past that current, and neither idea worked.","Υπάρχει ένα ισχυρό ρεύμα αρκετά κάτω από την επιφάνεια που εμποδίζει οτιδήποτε να βυθιστεί πιο κάτω. Σοβαρά, δοκίμασα ό,τι μπορούσα να σκεφτώ για να περάσω αυτό το ρεύμα, και καμία από τις δύο ιδέες δεν δούλεψε."
dialogue:2274,dialogue,,130,,"As for land masses, I’ve counted four islands, including this one. There’s also the one with that Nomai statue I saw on the beach.","Όσο για στεριές, έχω μετρήσει τέσσερα νησιά, μαζί με αυτό. Υπάρχει και εκείνο με το άγαλμα των Νομάι που είδα στην παραλία."
dialogue:2275,dialogue,,195,,"You’ve seen the cyclones? Yeah, they’re hard to miss. They’ll toss up everything in their path, islands included. Little tip - if you get picked up, try to land in water. Less likely to kill you.","Είδες τους κυκλώνες; Ναι, δύσκολα τους προσπερνάς. Πετάνε ψηλά ό,τι βρουν μπροστά τους, μαζί και τα νησιά. Μια μικρή συμβουλή - αν σε σηκώσουν, προσπάθησε να προσγειωθείς στο νερό. Λιγότερες πιθανότητες να σε σκοτώσει."
dialogue:2276,dialogue,,61,,"Hey, time pal. So you’re getting the band back together, huh?","Έλα, χρονοφίλε. Ώστε ξαναμαζεύεις την μπάντα, ε;"
dialogue:2277,dialogue,,77,,"Go on, go find the others. I’ll be here. You don’t need me yet, but you will.","Άντε, πήγαινε να βρεις τους άλλους. Εγώ θα είμαι εδώ. Δεν με χρειάζεσαι ακόμη, αλλά θα με χρειαστείς."
dialogue:2278,dialogue,,54,,"What do you say, time buddy? Ready to start the music?","Τι λες, χρονοφίλε; Έτοιμος να ξεκινήσει η μουσική;"
dialogue:2279,dialogue,,4,,Yes.,Ναι.
dialogue:2280,dialogue,,8,,Not yet.,Όχι ακόμη.
dialogue:2281,dialogue,,25,,"Heh, this should be cool.","Χεχ, αυτό θα είναι ωραίο."
dialogue:2282,dialogue,,32,,"No rush, I’m not going anywhere.","Δεν βιάζομαι, δεν πάω πουθενά."
dialogue:2283,dialogue,,115,,"I tell you what, this has been really fun. And I got to help make something pretty cool, so I’ve got no complaints.","Να σου πω, αυτό ήταν πραγματικά διασκεδαστικό. Και βοήθησα να φτιαχτεί κάτι αρκετά ωραίο, οπότε δεν έχω παράπονο."
dialogue:2284,dialogue,,42,,"I mean, not me, exactly, but close enough.","Δηλαδή, όχι εγώ ακριβώς, αλλά κοντά."
dialogue:2285,dialogue,,106,,"It’s the kind of thing that makes you glad you stopped and smelled the pine trees along the way, you know?","Είναι από αυτά που σε κάνουν να χαίρεσαι που σταμάτησες να μυρίσεις τα πεύκα στον δρόμο, ξέρεις;"
dialogue:2286,dialogue,,8,,Hornfels,Χόρνφελς
dialogue:2287,dialogue,,135,,"There you are! I just finished pre-flight observations, and local conditions are good. Time to get our newest astronaut off the ground!","Να σαι! Μόλις τελείωσα τις παρατηρήσεις πριν την πτήση, και οι τοπικές συνθήκες είναι καλές. Ώρα να σηκώσουμε τον νεότερο αστροναύτη μας από το έδαφος!"
dialogue:2288,dialogue,,143,TAGS,"And you’ll be our <i>first</i> astronaut ever equipped with a Nomai translator tool! I confess, I’ve been giddy all day just thinking about it.",Και θα είσαι ο <i>πρώτος</i> μας αστροναύτης εξοπλισμένος με νομαϊκό μεταφραστή! Ομολογώ ότι είμαι ενθουσιασμένος όλη μέρα με αυτή και μόνο τη σκέψη.
dialogue:2289,dialogue,,117,,We’re better equipped than ever to unravel the mysteries of the Nomai. You and Hal should be very proud of your work!,Είμαστε καλύτερα εξοπλισμένοι από ποτέ για να ξετυλίξουμε τα μυστήρια των Νομάι. Εσύ και ο Χαλ πρέπει να είστε πολύ περήφανοι για τη δουλειά σας!
dialogue:2290,dialogue,,47,,"Tell me, what’s your plan once you’re in space?","Πες μου, ποιο είναι το σχέδιό σου μόλις βγεις στο διάστημα;"
dialogue:2291,dialogue,,40,,I’m going to learn more about the Nomai.,Θα μάθω περισσότερα για τους Νομάι.
dialogue:2292,dialogue,,38,,I’ll meet up with the other travelers.,Θα συναντηθώ με τους άλλους ταξιδιώτες.
dialogue:2293,dialogue,,44,,I want to go somewhere no one’s gone before.,Θέλω να πάω κάπου που δεν έχει πάει κανείς πριν.
dialogue:2294,dialogue,,40,,I think I’ll start with something small.,Λέω να ξεκινήσω με κάτι μικρό.
dialogue:2295,dialogue,,13,,I don’t know.,Δεν ξέρω.
dialogue:2296,dialogue,,18,,I’m gonna wing it!,Θα αυτοσχεδιάσω!
dialogue:2297,dialogue,,119,,I might have guessed as much! No sense in making a translator tool if you’re not going to use it to translate anything.,Θα μπορούσα να το μαντέψω! Δεν έχει νόημα να φτιάχνεις μεταφραστή αν δεν πρόκειται να τον χρησιμοποιήσεις για να μεταφράσεις κάτι.
dialogue:2298,dialogue,,198,,"We’ve barely scratched the surface of the Nomai writing in our solar system, so we still know very little about them. We’ve no idea if they originated here or traveled here, or why they disappeared.","Μόλις που ξύσαμε την επιφάνεια της νομαϊκής γραφής στο ηλιακό μας σύστημα, οπότε ξέρουμε ακόμη πολύ λίγα γι’ αυτούς. Δεν έχουμε ιδέα αν προέρχονταν από εδώ ή ταξίδεψαν ως εδώ, ούτε γιατί εξαφανίστηκαν."
dialogue:2299,dialogue,,93,,That tool of yours should prove indispensible in solving the mystery of this ancient species!,Αυτό το εργαλείο σου θα αποδειχθεί αναντικατάστατο στη λύση του μυστηρίου αυτού του αρχαίου είδους!
dialogue:2300,dialogue,,119,,"You’re going to check in with them, are you? Not a bad plan - no one knows the solar system better than our astronauts.","Θα πας να τους δεις, λοιπόν; Καθόλου κακό σχέδιο - κανείς δεν ξέρει το ηλιακό σύστημα καλύτερα από τους αστροναύτες μας."
dialogue:2301,dialogue,,122,,"Let’s see... Chert is on the Hourglass Twins, Riebeck is on Brittle Hollow, and Gabbro is on Giant’s Deep, last I checked.","Για να δούμε... Ο Τσερτ είναι στους Διδύμους της Κλεψύδρας, ο Ρίμπεκ στο Μπριτλ Χόλοου και ο Γκάμπρο στον Τζάιαντς Ντιπ, απ’ ό,τι ξέρω τελευταία."
dialogue:2302,dialogue,,111,,"And... Well, there’s Feldspar, obviously, but of course we don’t know where they are, or if they’re even alive.","Και... Ε, υπάρχει και ο Φέλντσπαρ, προφανώς, αλλά φυσικά δεν ξέρουμε πού είναι, ούτε καν αν ζει."
dialogue:2303,dialogue,,56,,"Feldspar has been lost for a very long time, I’m afraid.","Ο Φέλντσπαρ αγνοείται εδώ και πάρα πολύ καιρό, φοβάμαι."
dialogue:2304,dialogue,,175,,"...On a more cheerful note, you’ll find Esker stationed on the Attlerock. They’re not a traveler so much as a lunar local, but I’m sure they’d appreciate a visit nevertheless.","...Σε πιο χαρούμενο τόνο, θα βρεις τον Έσκερ στο Άτλροκ. Δεν είναι τόσο ταξιδιώτης όσο μόνιμος κάτοικος του φεγγαριού, αλλά είμαι σίγουρος ότι θα εκτιμούσε μια επίσκεψη."
dialogue:2305,dialogue,,56,,I like it! You’ll have plenty of options to choose from.,Μου αρέσει! Θα έχεις άφθονες επιλογές.
dialogue:2306,dialogue,,85,,"No one’s ever landed on the Interloper before, you know. Perhaps you’ll be the first?","Κανείς δεν έχει προσγειωθεί ποτέ στο Ιντερλόουπερ, ξέρεις. Ίσως γίνεις εσύ ο πρώτος;"
dialogue:2307,dialogue,,162,TAGS,"I must say... Should you choose to go to Dark Bramble, be <i>very</i> careful. No one’s explored there before, either, for what you’ll find are excellent reasons.","Πρέπει να πω... Αν αποφασίσεις να πας στον Νταρκ Μπραμπλ, να είσαι <i>πολύ</i> προσεκτικός. Ούτε εκεί έχει εξερευνήσει κανείς ποτέ, και για εξαιρετικούς λόγους, όπως θα διαπιστώσεις."
dialogue:2308,dialogue,,130,,"You’d prefer to ease into things? That’s a sensible plan! More sensible than most of our astronauts tend to be, and that’s a fact.","Προτιμάς να μπεις σιγά σιγά στα πράγματα; Αυτό είναι λογικό σχέδιο! Πιο λογικό απ’ ό,τι συνηθίζουν οι περισσότεροι αστροναύτες μας, και είναι γεγονός."
dialogue:2309,dialogue,,169,,"Do you think you’ll go to the Attlerock, then? Our moon would be a safe place to travel to and get your bearings in space, and I’m sure Esker would appreciate the visit.","Λες να πας στο Άτλροκ, λοιπόν; Το φεγγάρι μας θα ήταν ασφαλές μέρος για να ταξιδέψεις και να προσανατολιστείς στο διάστημα, και είμαι σίγουρος ότι ο Έσκερ θα εκτιμούσε την επίσκεψη."
dialogue:2310,dialogue,,147,,"Plus, we don’t know what the ancient Nomai ruins on the moon are, or why they were built. You could put your new translator tool through its paces!","Επιπλέον, δεν ξέρουμε τι είναι τα αρχαία νομαϊκά ερείπια στο φεγγάρι, ούτε γιατί χτίστηκαν. Θα μπορούσες να δοκιμάσεις εκεί τον καινούριο σου μεταφραστή!"
dialogue:2311,dialogue,,61,,"Haha! Overwhelmed by the options, perhaps? I don’t blame you.","Χαχα! Σε ζάλισαν οι επιλογές, ίσως; Δεν σε κατηγορώ."
dialogue:2312,dialogue,,154,,"If you need help getting started, you could go visit Esker on the moon. They’re alone on the Attlerock most of the time, so I’m sure they’d appreciate it.","Αν χρειάζεσαι βοήθεια για να ξεκινήσεις, θα μπορούσες να επισκεφθείς τον Έσκερ στο φεγγάρι. Είναι μόνος στο Άτλροκ τον περισσότερο καιρό, οπότε είμαι σίγουρος ότι θα το εκτιμούσε."
dialogue:2313,dialogue,,147,,"Plus, we don’t know what the ancient Nomai ruins on the moon are, or why they were built. You could put your new translator tool through its paces!","Επιπλέον, δεν ξέρουμε τι είναι τα αρχαία νομαϊκά ερείπια στο φεγγάρι, ούτε γιατί χτίστηκαν. Θα μπορούσες να δοκιμάσεις εκεί τον καινούριο σου μεταφραστή!"
dialogue:2314,dialogue,,124,,"Planning to follow in the footsteps of Feldspar and the great Outer Wilds Ventures tradition, are you? I might have guessed.","Σχεδιάζεις να ακολουθήσεις τα βήματα του Φέλντσπαρ και τη μεγάλη παράδοση της Outer Wilds Ventures, ε; Θα μπορούσα να το μαντέψω."
dialogue:2315,dialogue,,92,,"Well, see if you can’t put that translator tool of yours to good use while you’re out there!","Λοιπόν, δες αν μπορείς να αξιοποιήσεις καλά αυτόν τον μεταφραστή σου όσο είσαι εκεί έξω!"
dialogue:2316,dialogue,,99,,"Well then, looks like all that’s left is to send you off! All in all, it’s a fine day for a launch!","Λοιπόν, φαίνεται ότι το μόνο που απομένει είναι να σε ξεπροβοδίσουμε! Συνολικά, είναι ωραία μέρα για εκτόξευση!"
dialogue:2317,dialogue,,31,,I’m ready to get off this rock!,Είμαι έτοιμος να φύγω από αυτόν τον βράχο!
dialogue:2318,dialogue,,26,,I’m ready to die in space.,Είμαι έτοιμος να πεθάνω στο διάστημα.
dialogue:2319,dialogue,,74,TAGS,"Excellent! You’ll be needing the <color=orange>launch codes</color>, then.","Εξαιρετικά! Θα χρειαστείς τους <color=orange>κωδικούς εκτόξευσης</color>, λοιπόν."
dialogue:2320,dialogue,,98,,"Here they are. Best get off the ground before Slate makes any more modifications to your ship, eh?","Ορίστε. Καλύτερα να σηκωθείς από το έδαφος πριν κάνει ο Σλέιτ κι άλλες τροποποιήσεις στο σκάφος σου, ε;"
dialogue:2321,dialogue,,65,,Good luck out there! Let me know if I can help you with anything.,Καλή τύχη εκεί έξω! Πες μου αν μπορώ να σε βοηθήσω σε κάτι.
dialogue:2322,dialogue,,84,,"I’m not one for superstition, but isn’t that kind of unlucky to say before a launch?","Δεν είμαι της δεισιδαιμονίας, αλλά δεν είναι κάπως γρουσούζικο να το λες πριν από μια εκτόξευση;"
dialogue:2323,dialogue,,163,TAGS,"At any rate, here are the <color=orange>launch codes</color>. Try not to worry too much - our ships are every bit as safe as Slate could be persuaded to make them.","Τέλος πάντων, ορίστε οι <color=orange>κωδικοί εκτόξευσης</color>. Προσπάθησε να μην ανησυχείς υπερβολικά - τα σκάφη μας είναι τόσο ασφαλή όσο κατάφερε να πειστεί ο Σλέιτ να τα κάνει."
dialogue:2324,dialogue,,68,,Best of luck out there! Let me know if I can help you with anything.,Καλή τύχη εκεί έξω! Πες μου αν μπορώ να σε βοηθήσω σε κάτι.
dialogue:2325,dialogue,,12,,Hello again!,Γεια σου ξανά!
dialogue:2326,dialogue,,13,,Back so soon?,Γύρισες κιόλας;
dialogue:2327,dialogue,,31,,Was there something you needed?,Ήθελες κάτι;
dialogue:2328,dialogue,,17,,I found Feldspar!,Βρήκα τον Φέλντσπαρ!
dialogue:2329,dialogue,,33,,The Nomai statue opened its eyes!,Το άγαλμα των Νομάι άνοιξε τα μάτια του!
dialogue:2330,dialogue,,30,,Where are the other travelers?,Πού είναι οι άλλοι ταξιδιώτες;
dialogue:2331,dialogue,,28,,Tell me more about Feldspar.,Πες μου περισσότερα για τον Φέλντσπαρ.
dialogue:2332,dialogue,,20,,"No thanks, I’m good.","Όχι, ευχαριστώ, εντάξει είμαι."
dialogue:2333,dialogue,,112,,"Well, let’s see... Chert is on the Hourglass Twins, Riebeck is on Brittle Hollow, and Gabbro is on Giant’s Deep.","Λοιπόν, για να δούμε... Ο Τσερτ είναι στους Διδύμους της Κλεψύδρας, ο Ρίμπεκ στο Μπριτλ Χόλοου και ο Γκάμπρο στον Τζάιαντς Ντιπ."
dialogue:2334,dialogue,,111,,"And... there’s Feldspar, obviously, but of course we don’t know where they are, or if they’re even still alive.","Και... υπάρχει και ο Φέλντσπαρ, προφανώς, αλλά φυσικά δεν ξέρουμε πού είναι, ούτε καν αν ζει ακόμη."
dialogue:2335,dialogue,,56,,"Feldspar has been lost for a very long time, I’m afraid.","Ο Φέλντσπαρ αγνοείται εδώ και πάρα πολύ καιρό, φοβάμαι."
dialogue:2336,dialogue,,125,,"Feldspar was one of the four founding members of Outer Wilds, along with our flight coach Gossan, Slate the engineer, and me.","Ο Φέλντσπαρ ήταν ένα από τα τέσσερα ιδρυτικά μέλη της Outer Wilds, μαζί με τον εκπαιδευτή πτήσεών μας τον Γκόσαν, τον μηχανικό Σλέιτ και εμένα."
dialogue:2337,dialogue,,196,TAGS,"As ground control and later the museum curator, I didn’t work with Feldspar as closely as Slate and Gossan did. I <i>can</i> tell you Feldspar was absolutely fearless, though. Nothing scared them.","Ως επίγειος έλεγχος και αργότερα έφορος του μουσείου, δεν δούλεψα με τον Φέλντσπαρ τόσο στενά όσο ο Σλέιτ και ο Γκόσαν. <i>Μπορώ</i> όμως να σου πω ότι ο Φέλντσπαρ ήταν απολύτως άφοβος. Τίποτα δεν τον τρόμαζε."
dialogue:2338,dialogue,,183,,"Test-piloted everything Slate ever built! It’s a wonder Feldspar lived to see space, frankly, but they did. Flew all sorts of dangerous stunts and explored everything they could find.","Δοκίμασε ως πιλότος ό,τι έφτιαξε ποτέ ο Σλέιτ! Είναι θαύμα που ο Φέλντσπαρ έζησε για να δει το διάστημα, ειλικρινά, αλλά το έζησε. Έκανε κάθε λογής επικίνδυνα κόλπα και εξερεύνησε ό,τι μπορούσε να βρει."
dialogue:2339,dialogue,,138,,"And then one day, they just... didn’t come back. We don’t know what happened, or where Feldspar went, or even whether they’re still alive.","Και μετά μια μέρα, απλώς... δεν γύρισε. Δεν ξέρουμε τι συνέβη, ούτε πού πήγε ο Φέλντσπαρ, ούτε καν αν ζει ακόμη."
dialogue:2340,dialogue,,38,,It’s been a long time since they left.,Έχει περάσει πολύς καιρός από τότε που έφυγε.
dialogue:2341,dialogue,,60,,What? You say the statue opened its eyes and looked at you?!,Τι; Λες ότι το άγαλμα άνοιξε τα μάτια του και σε κοίταξε;!
dialogue:2342,dialogue,,25,,...How wonderful for you.,...Τι υπέροχο για σένα.
dialogue:2343,dialogue,,211,TAGS,"No, truly, that’s wonderful! It really is. ...Even if I <i>have</i> been pouring over it every night for weeks. It’s stupendous you were able to get a reaction from the statue just by glancing at it a few times.","Όχι, αλήθεια, αυτό είναι υπέροχο! Πραγματικά. ...Ακόμη κι αν <i>εγώ</i> το μελετάω κάθε βράδυ εδώ και βδομάδες. Είναι εκπληκτικό που κατάφερες να πάρεις αντίδραση από το άγαλμα απλώς κοιτάζοντάς το μερικές φορές."
dialogue:2344,dialogue,,162,TAGS,"Ergh, sorry, that’s not a very scientific thing to say, is it? I <i>am</i> glad. I’m just also insufferably, <i>profoundly</i> jealous. You’ll have to forgive me.","Ουφ, συγγνώμη, αυτό δεν είναι και πολύ επιστημονικό, έτσι; <i>Χαίρομαι</i> πραγματικά. Απλώς είμαι και ανυπόφορα, <i>βαθύτατα</i> ζηλιάρης. Θα πρέπει να με συγχωρήσεις."
dialogue:2345,dialogue,,136,,That aside - I have research to do! I wonder why the statue opened its eyes. Surely this means they aren’t mere decorative ornaments...?,Πέρα από αυτό - έχω έρευνα να κάνω! Αναρωτιέμαι γιατί άνοιξε τα μάτια του το άγαλμα. Σίγουρα αυτό σημαίνει ότι δεν είναι απλά διακοσμητικά στολίδια...;
dialogue:2346,dialogue,,126,,"You found Feldspar?! And they’re in Dark Bramble?! Stars above, this is wonderful news! Thank you! Thank you for finding them!","Βρήκες τον Φέλντσπαρ;! Και είναι στον Νταρκ Μπραμπλ;! Μα τ’ άστρα, αυτά είναι υπέροχα νέα! Σε ευχαριστώ! Σε ευχαριστώ που τον βρήκες!"
dialogue:2347,dialogue,,176,,"That Feldspar didn’t immediately join you on your ship and return here is incredibly Feldspar of them. We were never entirely sure what Feldspar was thinking back then, either.",Το ότι ο Φέλντσπαρ δεν μπήκε αμέσως στο σκάφος σου για να γυρίσει εδώ είναι απίστευτα... φελντσπαρικό. Ποτέ δεν ήμασταν εντελώς σίγουροι τι σκεφτόταν ο Φέλντσπαρ ούτε τότε.
dialogue:2348,dialogue,,172,,"Still, we ought to fish them out of that dreadful place with all haste! I’ll radio Gossan and have them prepare a ship. It really should be Gossan who brings Feldspar home.","Παρ’ όλα αυτά, πρέπει να τον ψαρέψουμε από εκείνο το φρικτό μέρος το συντομότερο δυνατό! Θα καλέσω τον Γκόσαν στον ασύρματο και θα του πω να ετοιμάσει σκάφος. Πραγματικά, ο Γκόσαν πρέπει να είναι αυτός που θα φέρει τον Φέλντσπαρ σπίτι."
dialogue:2349,dialogue,,102,,"Again, thank you. You can hardly imagine how profoundly happy I am to hear they’re alive and unharmed.","Ξανά, σε ευχαριστώ. Δύσκολα φαντάζεσαι πόσο βαθιά χαίρομαι που ακούω ότι είναι ζωντανός και αβλαβής."
dialogue:2350,dialogue,,10,,Take care!,Να προσέχεις!
dialogue:2351,dialogue,,134,TAGS,"Hey, look at this - the statue opened its eyes! Bet you wish you’d seen that happen, huh?<Pause/><color=grey> Sigh...</color> Me, too.","Έλα, κοίτα εδώ - το άγαλμα άνοιξε τα μάτια του! Βάζω στοίχημα ότι θα ήθελες να το είχες δει να συμβαίνει, ε;<Pause/><color=grey> Αναστεναγμός...</color> Κι εγώ."
dialogue:2352,dialogue,,79,,I’m not even a little closer to understanding what’s going on with this statue.,Δεν είμαι ούτε λίγο πιο κοντά στο να καταλάβω τι συμβαίνει με αυτό το άγαλμα.
dialogue:2353,dialogue,,22,,Hornfel’s Observations,Παρατηρήσεις του Χόρνφελς
dialogue:2354,dialogue,,128,TAGS,"This is incredible! At first I thought the points of light in this image were stars, but they’re not... they’re <i>galaxies</i>!","Αυτό είναι απίστευτο! Στην αρχή νόμιζα ότι τα σημεία φωτός σε αυτή την εικόνα ήταν αστέρια, αλλά δεν είναι... είναι <i>γαλαξίες</i>!"
dialogue:2355,dialogue,,160,,"And this image covers just a tiny patch of the whole sky, which means the universe contains at least a thousand times more galaxies than we previously imagined.","Και αυτή η εικόνα καλύπτει ένα μόνο μικροσκοπικό κομμάτι ολόκληρου του ουρανού, πράγμα που σημαίνει ότι το σύμπαν περιέχει τουλάχιστον χίλιες φορές περισσότερους γαλαξίες απ’ ό,τι φανταζόμασταν."
dialogue:2356,dialogue,,32,,I... I think I need to sit down.,Νομίζω... νομίζω ότι πρέπει να καθίσω.
dialogue:2357,dialogue,,115,,"Hmmm, this is odd. According to my redshift calculations, every single galaxy in this image is moving away from us.","Χμμμ, αυτό είναι περίεργο. Σύμφωνα με τους υπολογισμούς μου για την ερυθρή μετατόπιση, κάθε γαλαξίας σε αυτή την εικόνα απομακρύνεται από εμάς."
dialogue:2358,dialogue,,86,TAGS,"In fact, the farther away a galaxy is, the <i>faster</i> it appears to be moving away.","Μάλιστα, όσο πιο μακριά βρίσκεται ένας γαλαξίας, τόσο <i>γρηγορότερα</i> φαίνεται να απομακρύνεται."
dialogue:2359,dialogue,,51,,It’s almost as if the entire universe is expanding.,Είναι σαν να διαστέλλεται ολόκληρο το σύμπαν.
dialogue:2360,dialogue,,135,,"But if that’s true, was everything closer together in the past? And how far back can we extrapolate? Did the universe have a beginning?","Αν όμως αυτό είναι αλήθεια, ήταν τα πάντα πιο κοντά μεταξύ τους στο παρελθόν; Και πόσο πίσω μπορούμε να προεκτείνουμε; Είχε το σύμπαν αρχή;"
dialogue:2361,dialogue,,7,,Moraine,Μορέιν
dialogue:2362,dialogue,,25,,"Hm? Oh, hello, astronaut.","Χμ; Α, γεια σου, αστροναύτη."
dialogue:2363,dialogue,,58,,"This is good weather for your launch, right? That’s lucky!","Καλός καιρός για την εκτόξευσή σου, έτσι; Τυχερός!"
dialogue:2364,dialogue,,19,,What are you up to?,Τι κάνεις;
dialogue:2365,dialogue,,33,,Any good sounds from space today?,Κανένας ωραίος ήχος από το διάστημα σήμερα;
dialogue:2366,dialogue,,13,,"Hello, again.",Γεια σου ξανά.
dialogue:2367,dialogue,,41,,Haven’t you been up in this tree a while?,Δεν είσαι πολλή ώρα πάνω σε αυτό το δέντρο;
dialogue:2368,dialogue,,33,,Any good sounds from space today?,Κανένας ωραίος ήχος από το διάστημα σήμερα;
dialogue:2369,dialogue,,64,,I’m using my signalscope to pick up sounds from distant planets.,Χρησιμοποιώ το σηματοσκόπιό μου για να πιάνω ήχους από μακρινούς πλανήτες.
dialogue:2370,dialogue,,85,,It’s set to the Outer Wilds Ventures frequency so I can pick up the travelers’ music.,"Είναι ρυθμισμένο στη συχνότητα της Outer Wilds Ventures, ώστε να πιάνω τη μουσική των ταξιδιωτών."
dialogue:2371,dialogue,,113,,"There are! My signalscope is set to the Outer Wilds Ventures frequency, so I’m listening to the travelers’ music.","Υπάρχουν! Το σηματοσκόπιό μου είναι ρυθμισμένο στη συχνότητα της Outer Wilds Ventures, οπότε ακούω τη μουσική των ταξιδιωτών."
dialogue:2372,dialogue,,94,,Last night I heard Riebeck’s banjo coming from Brittle Hollow. I hope that means they’re safe.,Χθες βράδυ άκουσα το μπάντζο του Ρίμπεκ να έρχεται από το Μπριτλ Χόλοου. Ελπίζω αυτό να σημαίνει ότι είναι ασφαλής.
dialogue:2373,dialogue,,140,,"I can hear different planets, too! It depends on what time of day or night it is, since different planets are in the sky at different times.","Μπορώ να ακούσω και διαφορετικούς πλανήτες! Εξαρτάται από την ώρα της μέρας ή της νύχτας, αφού διαφορετικοί πλανήτες βρίσκονται στον ουρανό σε διαφορετικές ώρες."
dialogue:2374,dialogue,,22,,Signalscopes are cool.,Τα σηματοσκόπια είναι τέλεια.
dialogue:2375,dialogue,,109,,"I’m concerned Marl will cut down this tree if there’s no one in it, so I don’t want to leave it for too long.","Ανησυχώ ότι ο Μαρλ θα κόψει αυτό το δέντρο αν δεν υπάρχει κανείς πάνω του, οπότε δεν θέλω να το αφήσω για πολλή ώρα."
dialogue:2376,dialogue,,106,,"Mayor Rutile says Marl isn’t supposed to cut it down, but I don’t think they see eyes-to-eyes on this one.","Ο δήμαρχος Ρούταϊλ λέει ότι ο Μαρλ δεν επιτρέπεται να το κόψει, αλλά δεν νομίζω ότι βλέπουν τα πράγματα με τα ίδια μάτια σε αυτό."
dialogue:2377,dialogue,,77,,"Um, I’ll still watch your launch, though! I’ll have a good view from up here.","Εμ, πάντως θα δω την εκτόξευσή σου! Θα έχω καλή θέα από εδώ πάνω."
dialogue:2378,dialogue,,69,TAGS,Retrieving stored coordinates from <color=lightblue>Ash Twin</color>.,Ανάκτηση αποθηκευμένων συντεταγμένων από τον <color=lightblue>Δίδυμο της Στάχτης</color>.
dialogue:2379,dialogue,,76,TAGS,Displaying coordinates for the <color=lightblue>Eye of the universe</color>.,Εμφάνιση συντεταγμένων για το <color=lightblue>Μάτι του σύμπαντος</color>.
dialogue:2380,dialogue,,34,,"It’s, um, it’s not quite time yet.","Δεν είναι, εμ, δεν είναι ακόμη η ώρα."
dialogue:2381,dialogue,,91,,"I’m pretty sure we’ll need the others for this next part. We’ll need, you know... everyone.","Είμαι αρκετά σίγουρος ότι θα χρειαστούμε τους άλλους για αυτό το επόμενο κομμάτι. Θα χρειαστούμε, ξέρεις... όλους."
dialogue:2382,dialogue,,72,TAGS,No rush! Take your time. <size=20>It might not even exist here...</size>,Δεν βιάζομαι! Με την ησυχία σου. <size=20>Μπορεί να μην υπάρχει καν εδώ...</size>
dialogue:2383,dialogue,,15,,Should I begin?,Να ξεκινήσω;
dialogue:2384,dialogue,,4,,Yes.,Ναι.
dialogue:2385,dialogue,,8,,Not yet.,Όχι ακόμη.
dialogue:2386,dialogue,,30,,You g-got it. I’ll do my best!,"Έ-έγινε. Θα κάνω ό,τι μπορώ!"
dialogue:2387,dialogue,,33,,"Ok, I'll wait until you're ready.","Εντάξει, θα περιμένω μέχρι να είσαι έτοιμος."
dialogue:2388,dialogue,,42,,"I learned a lot, by the end of everything.","Έμαθα πολλά, μέχρι το τέλος όλων."
dialogue:2389,dialogue,,166,,"The past is past, now, but that’s... you know, that’s okay! It’s never really gone completely. The future is always built on the past, even if we won't get to see it.","Το παρελθόν είναι πια παρελθόν, αλλά αυτό... ξέρεις, δεν πειράζει! Ποτέ δεν χάνεται εντελώς. Το μέλλον χτίζεται πάντα πάνω στο παρελθόν, ακόμη κι αν δεν προλάβουμε να το δούμε."
dialogue:2390,dialogue,,45,,"Still, it’s, um, time for something new, now.","Παρ’ όλα αυτά, είναι, εμ, ώρα για κάτι καινούριο τώρα."
dialogue:2391,dialogue,,54,,Hypothesis: Everyone must be here before we can begin.,Υπόθεση: Πρέπει να είναι όλοι εδώ πριν μπορέσουμε να ξεκινήσουμε.
dialogue:2392,dialogue,,61,,"Once they arrive, I believe we’ll be ready for the next step.","Μόλις φτάσουν, πιστεύω ότι θα είμαστε έτοιμοι για το επόμενο βήμα."
dialogue:2393,dialogue,,27,,I’m glad you remembered me.,Χαίρομαι που με θυμήθηκες.
dialogue:2394,dialogue,,68,,A conscious observer has entered the Eye. I wonder what happens now.,Ένας συνειδητός παρατηρητής μπήκε στο Μάτι. Αναρωτιέμαι τι γίνεται τώρα.
dialogue:2395,dialogue,,23,,Is it time to find out?,Ήρθε η ώρα να το μάθουμε;
dialogue:2396,dialogue,,4,,Yes.,Ναι.
dialogue:2397,dialogue,,8,,Not yet.,Όχι ακόμη.
dialogue:2398,dialogue,,60,,"This song is new to me, but I am honored to be a part of it.","Αυτό το τραγούδι μου είναι καινούριο, αλλά είναι τιμή μου να είμαι μέρος του."
dialogue:2399,dialogue,,56,,Then I will wait until you are ready to know the answer.,Τότε θα περιμένω μέχρι να είσαι έτοιμος να μάθεις την απάντηση.
dialogue:2400,dialogue,,47,,I believe we’ve reached the end of our journey.,Πιστεύω ότι φτάσαμε στο τέλος του ταξιδιού μας.
dialogue:2401,dialogue,,71,,All that remains is to collapse the innumerable possibilites before us.,Το μόνο που απομένει είναι να καταρρεύσουμε τις αμέτρητες πιθανότητες που έχουμε μπροστά μας.
dialogue:2402,dialogue,,39,,Are you ready to learn what comes next?,Είσαι έτοιμος να μάθεις τι έρχεται μετά;
dialogue:2403,dialogue,,4,,Yes.,Ναι.
dialogue:2404,dialogue,,8,,Not yet.,Όχι ακόμη.
dialogue:2405,dialogue,,57,,"I admire your curiosity, friend. Let’s find out together.","Θαυμάζω την περιέργειά σου, φίλε. Ας το ανακαλύψουμε μαζί."
dialogue:2406,dialogue,,77,,"It’s tempting to linger in this moment, while every possibility still exists.","Είναι δελεαστικό να μείνει κανείς σε αυτή τη στιγμή, όσο κάθε πιθανότητα υπάρχει ακόμη."
dialogue:2407,dialogue,,89,,"But unless they are collapsed by an observer, they will never be more than possibilities.","Αλλά αν δεν καταρρεύσουν από κάποιον παρατηρητή, δεν θα γίνουν ποτέ τίποτα περισσότερο από πιθανότητες."
dialogue:2408,dialogue,,177,NL,"I saw smoke coming from Youngbark Crater up north and figured I should go check it out. You can use the scout launcher, just please don’t break it while I’m gone.\\n\\n– Tektite","Είδα καπνό να έρχεται από τον Κρατήρα Νεαρού Φλοιού στα βόρεια και είπα να πάω να το ελέγξω. Μπορείς να χρησιμοποιήσεις τον εκτοξευτή ανιχνευτή, απλώς σε παρακαλώ μην τον σπάσεις όσο λείπω.\\n\\n– Τέκτιτ"
dialogue:2409,dialogue,,128,,"Big thanks to these additional founding members of Outer Wilds Ventures, without whom we would never have gotten off the ground:","Μεγάλες ευχαριστίες σε αυτά τα επιπλέον ιδρυτικά μέλη της Outer Wilds Ventures, χωρίς τα οποία δεν θα είχαμε σηκωθεί ποτέ από το έδαφος:"
dialogue:2410,dialogue,,18,,Matthew Steinhauer,
dialogue:2411,dialogue,,15,,Ben Etherington,
dialogue:2412,dialogue,,16,,QwertyuiopThePie,
dialogue:2413,dialogue,,12,,Jordan Frith,
dialogue:2414,dialogue,,12,,Tom Cummings,
dialogue:2415,dialogue,,27,,"Sean ""sharktemplar"" Farrell",
dialogue:2416,dialogue,,13,,Steven Ursell,
dialogue:2417,dialogue,,17,,Ryan / Ohmwrecker,
dialogue:2418,dialogue,,3369,TAGS ART,"<size=20><color=orange>
			. . . . . . . . . . . . . . . WWWWWWWWWWWWWWWWWWWWWWWWWWWW . . . . . . . . . . . . .
			. . . . . . . . . . . . .WWWWWWWWWWWWWWWWWWWWWWWWWWWWWWWWWWWWWW . . . . . . . . . . .
			. . . . . . . . . . .WWWWWWWWWWWW . . . . . . . . . .WWWWWWWWWWWWWW . . . . . . . . .
			. . . . . . . . .WWWWWWWW . . . . . . . . . . . . . . . .WWWWWWWWWWWW . . . . . . . .
			. . . . . . . .WWWWWWWW . . . . . . . . . . . . . . . . . . .WWWWWWWWWW . . . . . . .
			. . . . . . .WWWWWWWW . . . . . . . . . . . . . . . . . . . . .WWWWWWWWWW . . . . . .
			. . . . . .WWWWWWWW . . . . . . . . . . . . . . . . . . . . . . .WWWWWWWWWW . . . . .
			. . . . .WWWWWWWW . . . . . . . . . . . . . . . . . . . . . . . . .WWWWWWWW . . . . .
			. . . .WWWWWWWW . . . . . . . . . . . . . . . . . . . . . . . . . . .WWWWWWWW . . . .
			. . . .WWWWWWWW . . . . . . . . . . . . . . . . . . . . . . . . . . .WWWWWWWW . . . .
			. . . .WWWWWW . . . . . . . . . . . . . . . . . . . . . . . . . . . . .WWWWWWWW . . .
			. . .WWWWWWWW . . . . . . . . . . . . . . . . . . . . . . . . . . . . .WWWWWWWW . . .
			. . .WWWWWW . . . . . .WWWW . . . . . . . . . . . . .WWWW . . . . . . . .WWWWWWW . .
			. .WWWWWWWW . . . . .WWWWWWWW . . . . . . . . . . .WWWWWWWW . . . . . . .WWWWWWWW . .
			. .WWWWWWWW . . . . .WWWWWWWW . . . . . . . . . . .WWWWWWWW . . . . . . . WWWWWWW . .
			. WWWWWWW . . . . . .WWWWWWWW . . . . . . . . . . .WWWWWWWW . . . . . . . .WWWWWW . .
			. WWWWWWW . . . . . .WWWWWWWW . . . . . . . . . . .WWWWWWWW . . . . . . . .WWWWWW . .
			.WWWWWWWW . . . . . .WWWWWWWW . . . . . . . . . . .WWWWWWWW . . . . . . . .WWWWWW . .
			.WWWWWWWW . . . . . . .WWWW . . . . . . . . . . . . .WWWW . . . . . . . . .WWWWWW . .
			.WWWWWWWW . . . . . . . . . . . . . . . . . . . . . . . . . . . . . . . . WWWWWWW . .
			.WWWWWWWW . . . . . . . . . . . . . . . . . . . . . . . . . . . . . . . . WWWWWWW . .
			.WWWWWWWW . . . . . . . . . . . . . . . . . . . . . . . . . . . . . . . .WWWWWWWW . .
			.WWWWWWWW . . . . . . . . . . . . . . . . . . . .WWWWWW . . . . . . . . .WWWWWWW . .
			. .WWWWWW . . . . . . . .WWWWWW . . . . . . . WWWWWWWWW . . . . . . . . WWWWWWW . . .
			. .WWWWWWWW . . . . . . .WWWWWWWW . . . . . .WWWWWWWW . . . . . . . . .WWWWWWWW . . .
			. .WWWWWWWW . . . . . . . .WWWWWWWWWWWWWWWWWWWWWWWW . . . . . . . . . WWWWWWWW . . .
			. . .WWWWWW . . . . . . . . .WWWWWWWWWWWWWWWWWW . . . . . . . . . . .WWWWWWWW . . . .
			. . .WWWWWWWW . . . . . . . . . .WWWWWWWWWW . . . . . . . . . . . .WWWWWWWW . . . . .
			. . . .WWWWWWWW . . . . . . . . . . . . . . . . . . . . . . . . .WWWWWWWWWW . . . . .
			. . . . .WWWWWWWW . . . . . . . . . . . . . . . . . . . . . . .WWWWWWWWWW . . . . . .
			. . . . . WWWWWWWWW . . . . . . . . . . . . . . . . . . . . .WWWWWWWWWW . . . . . . .
			. . . . . . .WWWWWWWW . . . . . . . . . . . . . . . . . .WWWWWWWWWWWW . . . . . . . .
			. . . . . . . .WWWWWWWWWW . . . . . . . . . . . . . .WWWWWWWWWWWWWW . . . . . . . . .
			. . . . . . . . .WWWWWWWWWWWW . . . . . . . . . .WWWWWWWWWWWWWW . . . . . . . . . . .
			. . . . . . . . . .WWWWWWWWWWWWWWWWWWWWWWWWWWWWWWWWWWWWWWWW . . . . . . . . . . . . .
			. . . . . . . . . . . . .WWWWWWWWWWWWWWWWWWWWWWWWWWWWWW . . . . . . . . . . . . . . .
			. . . . . . . . . . . . . . . .WWWWWWWWWWWWWWWW . . . . . . . . . . . . . . . . . . .
			</color></size>",
dialogue:2419,dialogue,,781,TAGS ART,"<color=

			LOADING...???


			></color><size=20><color=orange>
			WWWWWWWWWWWWWWW
			WWWWWW          WWWWWWW
			WWWW                   WWWWW
			WWWW                       WWWWW
			WWWW                           WWWW
			WWW                             WWWW
			WWW      WW            WWWW       WWWW
			WWWW     WWWW         WWWWWWWW     WWWW
			WWW      WWWW        WWW    WWW     WWW
			WWWW       WW                        WWW
			WWWW                                WWWW
			WWWW                    WWW         WWWW
			WWWW       WWWW      WWWW         WWWW
			WWW         WWWWWWWWWW          WWWW
			WWWW                         WWWWW
			WWWWW                     WWWWW
			WWWWW              WWWWWWW
			WWWWWWWWWWWWWWWWWWWW
			WWWWWWWW
			</color></size>",
dialogue:2420,dialogue,,507,TAGS ART,"omg... :O<size=20><color=black>

			▄▄▄▄▄▄▄▄▄▄▄▄▄▄▄▄▄▄▄▄▄▄▄▄▄▄▄
			█░▄▄▄▄▄░█▀░█▀▀▀▀▀░█░▄▄▄▄▄░█
			█░█░░░█░█▀░▄░██▄▀▄█░█░░░█░█
			█░█▄▄▄█░█▀█░█▄░▀▀░█░█▄▄▄█░█
			█▄▄▄▄▄▄▄█▄█▄█░▀▄▀░█▄▄▄▄▄▄▄█
			█▄▄▄▄░█▄░░░▄█▄█▄▄▀▄█░█▄█░██
			█▄█░██▀▄▀█░▀░▄█▀░█▀░░█▄▄░░█
			█▀▀▄░▀█▄░▀▄▀▄▀▀▀▄█░▄▀▄▄░███
			█░█▀▄▄▀▄▀▄▀▄█▀░▄▄█▀▄███▄▄░█
			█▄██▄█▄▄▄░▀▀█▄█▄▄░▄▄▄░█▄▀▄█
			█░▄▄▄▄▄░█▄▄▄░▄█▀█░█▄█░░█▄▄█
			█░█░░░█░█░▀█▄▀▀▀▄▄░░▄░▄▄▀░█
			█░█▄▄▄█░█░░██▀░▄▀▀░▀▀▀█▄█░█
			█▄▄▄▄▄▄▄█▄███▄█▄███▄███▄▄▄█



			</color></size>",
dialogue:2421,dialogue,,17,,Here lies Isrever,Εδώ αναπαύεται ο Isrever
dialogue:2422,dialogue,,25,,Here lies BinarySemaphore,Εδώ αναπαύεται ο BinarySemaphore
dialogue:2423,dialogue,,35,,Here lies Sean 'Ariamaki' Riedinger,Εδώ αναπαύεται ο Sean 'Ariamaki' Riedinger
dialogue:2424,dialogue,,42,TAGS,<color=red>ERROR: Unknown Language</color>,<color=red>ΣΦΑΛΜΑ: Άγνωστη γλώσσα</color>
shiplog:1,shiplog,,7,,Village,Το Χωριό
shiplog:2,shiplog,,92,,"The one and only Hearthian village, as well as the main source of explosions on this planet.",Το ένα και μοναδικό χωριό των Χάρθιαν — και η κύρια πηγή εκρήξεων σε αυτόν τον πλανήτη.
shiplog:3,shiplog,,142,,The Nomai statue in the observatory opened its eyes and looked at me! I saw strange glowing lights and my own memories flashed before my eyes.,Το άγαλμα των Νομάι στο παρατηρητήριο άνοιξε τα μάτια του και με κοίταξε! Είδα παράξενα φώτα να λάμπουν και οι δικές μου αναμνήσεις πέρασαν αστραπιαία μπροστά μου.
shiplog:4,shiplog,,86,,Hal says the statue has never opened its eyes before (despite Hornfels' best efforts).,Ο Χαλ λέει ότι το άγαλμα δεν είχε ανοίξει ποτέ πριν τα μάτια του (παρ’ όλες τις προσπάθειες του Χόρνφελς).
shiplog:5,shiplog,,11,,Zero-G Cave,Η Σπηλιά Μηδενικής Βαρύτητας
shiplog:6,shiplog,,79,,I hear Gossan has the zero-g cave set up if I want a refresher before I launch.,"Άκουσα ότι ο Γκόσαν έχει ετοιμάσει τη σπηλιά μηδενικής βαρύτητας, αν θέλω να θυμηθώ τα βασικά πριν από την εκτόξευση."
shiplog:7,shiplog,,96,,A cave at the very center of Timber Hearth used by Outer Wilds Ventures to train new astronauts.,"Μια σπηλιά στο ίδιο το κέντρο του Τίμπερ Χαρθ, όπου η Outer Wilds Ventures εκπαιδεύει τους νέους αστροναύτες."
shiplog:8,shiplog,,55,,"I successfully repaired another ""satellite"" for Gossan.",Επισκεύασα με επιτυχία άλλον έναν «δορυφόρο» για τον Γκόσαν.
shiplog:9,shiplog,,17,,Dark Bramble Seed,Ο Σπόρος του Νταρκ Μπραμπλ
shiplog:10,shiplog,,16,,Harmonica Signal,Το Σήμα της Φυσαρμόνικας
shiplog:11,shiplog,,184,,"Esker's signalscope log reports harmonica music coming from somewhere on Timber Hearth. They claim it sounds just like Feldspar's harmonica, but Feldspar disappeared in space ages ago.",Το αρχείο σηματοσκοπίου του Έσκερ αναφέρει μουσική από φυσαρμόνικα κάπου πάνω στο Τίμπερ Χαρθ. Λέει ότι ακούγεται ολόιδια με τη φυσαρμόνικα του Φέλντσπαρ — μόνο που ο Φέλντσπαρ χάθηκε στο διάστημα πριν από χρόνια.
shiplog:12,shiplog,,135,,A seed from Dark Bramble crashed here and has already taken root. Tektite wants to use a scout launcher to get a look at what's inside.,Ένας σπόρος από τον Νταρκ Μπραμπλ έπεσε εδώ και έχει ήδη ριζώσει. Ο Τέκτιτ θέλει να ρίξει μια ματιά στο εσωτερικό του με εκτοξευτή ανιχνευτή.
shiplog:13,shiplog,,66,,My signalscope picks up harmonica music when I aim it at the seed.,Το σηματοσκόπιό μου πιάνει μουσική από φυσαρμόνικα όταν το στρέφω στον σπόρο.
shiplog:14,shiplog,,88,,I launched my Little Scout into the seed. Somehow the seed is much bigger on the inside.,"Εκτόξευσα τον Μικρό Ανιχνευτή μου μέσα στον σπόρο. Κάπως, ο σπόρος είναι πολύ μεγαλύτερος από μέσα."
shiplog:15,shiplog,,11,,Nomai Mines,Ορυχεία των Νομάι
shiplog:16,shiplog,,53,,The Nomai were mining ore somewhere on Timber Hearth.,Οι Νομάι εξόρυσσαν μετάλλευμα κάπου στο Τίμπερ Χαρθ.
shiplog:17,shiplog,,131,,The Nomai mined ore from this site to craft a protective shell designed to physically seal off the central chamber inside Ash Twin.,"Οι Νομάι εξόρυξαν μετάλλευμα από αυτό το σημείο για να φτιάξουν ένα προστατευτικό κέλυφος, σχεδιασμένο να σφραγίσει ερμητικά τον κεντρικό θάλαμο μέσα στον Δίδυμο της Στάχτης."
shiplog:18,shiplog,,111,,"Once the shell was finished, the Nomai checked to ensure there were no longer any physical entrances or cracks.","Μόλις ολοκληρώθηκε το κέλυφος, οι Νομάι έλεγξαν ότι δεν υπήρχαν πια φυσικές είσοδοι ή ρωγμές."
shiplog:19,shiplog,,99,,"The Nomai discovered a species of four-eyed, semi-aquatic lifeforms in the waterways near the mine.","Οι Νομάι ανακάλυψαν ένα είδος τετράματων, ημιυδρόβιων πλασμάτων στα νερά κοντά στο ορυχείο."
shiplog:20,shiplog,,13,,Quantum Grove,Κβαντικό Άλσος
shiplog:21,shiplog,,14,,Quantum Signal,Κβαντικό Σήμα
shiplog:22,shiplog,,146,,Chert detected a strange signal coming from the crater at Timber Hearth's south pole. It's very similar to the signal emitted by the Quantum Moon.,Ο Τσερτ εντόπισε ένα παράξενο σήμα που έρχεται από τον κρατήρα στον νότιο πόλο του Τίμπερ Χαρθ. Μοιάζει πολύ με το σήμα που εκπέμπει η Κβαντική Σελήνη.
shiplog:23,shiplog,,75,,The Nomai detected a quantum signal coming from somewhere on Timber Hearth.,Οι Νομάι εντόπισαν ένα κβαντικό σήμα να έρχεται από κάπου στο Τίμπερ Χαρθ.
shiplog:24,shiplog,,134,,There is a strange rock shard in this grove that moves when I’m not watching. It emits a signal on the Quantum Fluctuations frequency.,Υπάρχει ένα παράξενο θραύσμα βράχου σε αυτό το άλσος που μετακινείται όταν δεν το κοιτάζω. Εκπέμπει σήμα στη συχνότητα των Κβαντικών Διακυμάνσεων.
shiplog:25,shiplog,,56,,I found a poem written on one of the trees in the grove.,Βρήκα ένα ποίημα γραμμένο σε ένα από τα δέντρα του άλσους.
shiplog:26,shiplog,,11,,Radio Tower,Πύργος Ασυρμάτου
shiplog:27,shiplog,,277,,"A radio tower designed to receive photos taken by the deep space satellite. There are several photos of the entire solar system hanging on the walls. Hornfels noticed something strange in one of the photos, but concluded equipment malfunction was the only sensible explanation.","Ένας πύργος ασυρμάτου σχεδιασμένος να λαμβάνει φωτογραφίες από τον δορυφόρο βαθέος διαστήματος. Στους τοίχους κρέμονται αρκετές φωτογραφίες ολόκληρου του ηλιακού συστήματος. Ο Χόρνφελς πρόσεξε κάτι παράξενο σε μία από αυτές, αλλά κατέληξε ότι η μόνη λογική εξήγηση ήταν βλάβη του εξοπλισμού."
shiplog:28,shiplog,,14,,Riebeck’s Camp,Η Κατασκήνωση του Ρίμπεκ
shiplog:29,shiplog,,7,,Riebeck,Ρίμπεκ
shiplog:30,shiplog,,97,,Riebeck headed to Brittle Hollow to investigate something the Nomai were doing at the south pole.,Ο Ρίμπεκ πήγε στο Μπριτλ Χόλοου για να ερευνήσει κάτι που έκαναν οι Νομάι στον νότιο πόλο.
shiplog:31,shiplog,,196,,"Riebeck landed their ship near the big dome at the south pole. The door leading inside was broken, so they decided to head north to the ruins on the equator in search of a way beneath the surface.","Ο Ρίμπεκ προσγείωσε το σκάφος του κοντά στον μεγάλο θόλο στον νότιο πόλο. Η πόρτα προς τα μέσα ήταν χαλασμένη, οπότε αποφάσισε να τραβήξει βόρεια, προς τα ερείπια στον ισημερινό, ψάχνοντας τρόπο να κατέβει κάτω από την επιφάνεια."
shiplog:32,shiplog,,145,,Riebeck discovered an old Nomai path near their campsite on the equator. The path starts inside the ruined building with trees growing out of it.,Ο Ρίμπεκ ανακάλυψε ένα παλιό νομαϊκό μονοπάτι κοντά στην κατασκήνωσή του στον ισημερινό. Το μονοπάτι ξεκινά μέσα από το ερειπωμένο κτίριο με τα δέντρα να ξεπροβάλλουν από μέσα του.
shiplog:33,shiplog,,74,,Riebeck reached the Crossroads and continued downward in search of oxygen.,Ο Ρίμπεκ έφτασε στο Σταυροδρόμι και συνέχισε προς τα κάτω ψάχνοντας οξυγόνο.
shiplog:34,shiplog,,169,,Riebeck has set up camp at the bottom of the Crossroads. Their excitement at being surrounded by so much Nomai history is matched only by their terror of the black hole.,Ο Ρίμπεκ έστησε κατασκήνωση στον πάτο του Σταυροδρομιού. Ο ενθουσιασμός του που τον περιβάλλει τόση νομαϊκή ιστορία συναγωνίζεται μόνο τον τρόμο του για τη μαύρη τρύπα.
shiplog:35,shiplog,,141,,Riebeck is Timber Hearth's only archaeologist. They overcame their fear of space to explore Brittle Hollow's treasure trove of Nomai culture.,Ο Ρίμπεκ είναι ο μόνος αρχαιολόγος του Τίμπερ Χαρθ. Ξεπέρασε τον φόβο του για το διάστημα για να εξερευνήσει τον θησαυρό νομαϊκού πολιτισμού στο Μπριτλ Χόλοου.
shiplog:36,shiplog,,14,,Gravity Cannon,Κανόνι Βαρύτητας
shiplog:37,shiplog,,74,,A huge cylindrical structure that generates a strong upward gravity field.,Μια τεράστια κυλινδρική κατασκευή που παράγει ισχυρό πεδίο βαρύτητας προς τα πάνω.
shiplog:38,shiplog,,49,,I recalled a Nomai shuttle from the Quantum Moon.,Ανακάλεσα μια νομαϊκή άκατο από την Κβαντική Σελήνη.
shiplog:39,shiplog,,26,,Tower of Quantum Knowledge,Πύργος της Κβαντικής Γνώσης
shiplog:40,shiplog,,137,,This tower (located on Brittle Hollow's equator) held useful knowledge for Nomai embarking on their first pilgrimage to the Quantum Moon.,Αυτός ο πύργος (στον ισημερινό του Μπριτλ Χόλοου) φύλαγε χρήσιμη γνώση για τους Νομάι που ξεκινούσαν το πρώτο τους προσκύνημα στην Κβαντική Σελήνη.
shiplog:41,shiplog,,180,,A Nomai named Solanum was told to visit the Tower of Quantum Knowledge (on Brittle Hollow's equator) to learn one final rule before embarking on her pilgrimage to the Quantum Moon.,Μια Νομάι που την έλεγαν Σολάνουμ έλαβε οδηγία να επισκεφθεί τον Πύργο της Κβαντικής Γνώσης (στον ισημερινό του Μπριτλ Χόλοου) για να μάθει έναν τελευταίο κανόνα πριν ξεκινήσει το προσκύνημά της στην Κβαντική Σελήνη.
shiplog:42,shiplog,,196,,"The Nomai built a shrine on the Quantum Moon to aid in the pilgrimage to its sixth location. ""Remember this final rule: To explore the sixth location, the shrine must be on the moon’s north pole.""","Οι Νομάι έχτισαν ένα ιερό στην Κβαντική Σελήνη για να βοηθά στο προσκύνημα προς την έκτη τοποθεσία της. «Θυμήσου αυτόν τον τελευταίο κανόνα: για να εξερευνήσεις την έκτη τοποθεσία, το ιερό πρέπει να βρίσκεται στον βόρειο πόλο του φεγγαριού.»"
shiplog:43,shiplog,,82,,The pilgrimage to the Quantum Moon was a deeply significant journey for the Nomai.,Το προσκύνημα στην Κβαντική Σελήνη ήταν ένα βαθιά σημαντικό ταξίδι για τους Νομάι.
shiplog:44,shiplog,,150,,"After the two groups of Nomai stranded on Ember Twin and Brittle Hollow were reunited, it became their united goal to find and visit the Quantum Moon.","Αφού οι δύο ομάδες Νομάι που είχαν αποκλειστεί στον Δίδυμο της Χόβολης και στο Μπριτλ Χόλοου ξανασμίξαν, έγινε κοινός τους σκοπός να βρουν και να επισκεφθούν την Κβαντική Σελήνη."
shiplog:45,shiplog,,13,,Quantum Shard,Κβαντικό Θραύσμα
shiplog:46,shiplog,,88,,The Nomai noticed a strange rock shard that appeared to wander when no one was watching.,Οι Νομάι πρόσεξαν ένα παράξενο θραύσμα βράχου που έμοιαζε να περιπλανιέται όταν δεν το κοιτούσε κανείς.
shiplog:47,shiplog,,154,,A strange rock shard that wanders when no one is watching. The Nomai determined this shard is the reason objects in this grove behave in a quantum manner.,Ένα παράξενο θραύσμα βράχου που περιπλανιέται όταν δεν το κοιτάζει κανείς. Οι Νομάι διαπίστωσαν ότι αυτό το θραύσμα είναι ο λόγος που τα αντικείμενα σε αυτό το άλσος συμπεριφέρονται με κβαντικό τρόπο.
shiplog:48,shiplog,,79,,The Nomai hypothesized that this shard is actually a piece of the Quantum Moon.,Οι Νομάι υπέθεσαν ότι αυτό το θραύσμα είναι στην πραγματικότητα κομμάτι της Κβαντικής Σελήνης.
shiplog:49,shiplog,,53,,This shard emits the same signal as the Quantum Moon.,Αυτό το θραύσμα εκπέμπει το ίδιο σήμα με την Κβαντική Σελήνη.
shiplog:50,shiplog,,16,,Northern Glacier,Βόρειος Παγετώνας
shiplog:51,shiplog,,114,,The north pole of Brittle Hollow is covered in snow and ice. There is a uniquely shaped Nomai ruin on the surface.,Ο βόρειος πόλος του Μπριτλ Χόλοου είναι καλυμμένος με χιόνι και πάγο. Στην επιφάνεια υπάρχει ένα νομαϊκό ερείπιο με ασυνήθιστο σχήμα.
shiplog:52,shiplog,,113,,The Nomai were able to warp here from the White Hole Station. This is where they first recreated warp technology.,Οι Νομάι μπορούσαν να κάνουν στρέβλωση ως εδώ από τον Σταθμό της Λευκής Τρύπας. Εδώ αναδημιούργησαν για πρώτη φορά την τεχνολογία στρέβλωσης.
shiplog:53,shiplog,,12,,Escape Pod 1,Κάψουλα Διαφυγής 1
shiplog:54,shiplog,,70,,One of the three Nomai escape pods landed somewhere on Brittle Hollow.,Μία από τις τρεις νομαϊκές κάψουλες διαφυγής προσγειώθηκε κάπου στο Μπριτλ Χόλοου.
shiplog:55,shiplog,,64,,One of three Nomai escape pods that crashed in our solar system.,Μία από τις τρεις νομαϊκές κάψουλες διαφυγής που συνετρίβησαν στο ηλιακό μας σύστημα.
shiplog:56,shiplog,,94,,"All three escape pods were launched from something called the Vessel, which was badly damaged.","Και οι τρεις κάψουλες διαφυγής εκτοξεύτηκαν από κάτι που ονομαζόταν Σκάφος, το οποίο είχε υποστεί σοβαρές ζημιές."
shiplog:57,shiplog,,14,,Old Settlement,Παλιός Οικισμός
shiplog:58,shiplog,,12,,Shelter Site,Χώρος Καταφυγίου
shiplog:59,shiplog,,109,,The Nomai survivors who crashed on Brittle Hollow climbed down the cliff to a shelter site below the surface.,Οι Νομάι που επέζησαν από τη συντριβή στο Μπριτλ Χόλοου κατέβηκαν τον γκρεμό σε έναν χώρο καταφυγίου κάτω από την επιφάνεια.
shiplog:60,shiplog,,78,,The Nomai constructed a temporary settlement beneath their crashed escape pod.,Οι Νομάι έχτισαν έναν προσωρινό οικισμό κάτω από την πεσμένη κάψουλα διαφυγής τους.
shiplog:61,shiplog,,98,,The Nomai worked together to recall an eye-shaped signal they encountered while aboard the Vessel.,Οι Νομάι δούλεψαν μαζί για να ανακαλέσουν ένα σήμα σε σχήμα ματιού που είχαν συναντήσει όσο βρίσκονταν στο Σκάφος.
shiplog:62,shiplog,,110,,"The signal was somehow older than the universe itself. The Nomai decided to call it the ""Eye of the universe.""",Το σήμα ήταν με κάποιον τρόπο αρχαιότερο από το ίδιο το σύμπαν. Οι Νομάι αποφάσισαν να το ονομάσουν «Μάτι του σύμπαντος».
shiplog:63,shiplog,,78,,The Nomai abandoned this settlement over growing concerns about its stability.,Οι Νομάι εγκατέλειψαν αυτόν τον οικισμό καθώς αυξάνονταν οι ανησυχίες για τη σταθερότητά του.
shiplog:64,shiplog,,15,,Mural (Panel 3),Τοιχογραφία (Πίνακας 3)
shiplog:65,shiplog,,57,,A mural of three escape pods evacuating the Nomai vessel.,Μια τοιχογραφία με τρεις κάψουλες διαφυγής να εγκαταλείπουν το νομαϊκό σκάφος.
shiplog:66,shiplog,,15,,Mural (Panel 2),Τοιχογραφία (Πίνακας 2)
shiplog:67,shiplog,,51,,A mural of Dark Bramble ensnaring the Nomai vessel.,Μια τοιχογραφία με τον Νταρκ Μπραμπλ να παγιδεύει το νομαϊκό σκάφος.
shiplog:68,shiplog,,15,,Mural (Panel 1),Τοιχογραφία (Πίνακας 1)
shiplog:69,shiplog,,48,,A mural of a Nomai vessel encountering a signal.,Μια τοιχογραφία με ένα νομαϊκό σκάφος να συναντά ένα σήμα.
shiplog:70,shiplog,,16,,The Hanging City,Η Κρεμαστή Πόλη
shiplog:71,shiplog,,19,,Northern Settlement,Βόρειος Οικισμός
shiplog:72,shiplog,,148,,The Nomai decided to migrate from the Old Settlement to the northern glacier. They used gravity crystals to craft a stable path beneath the surface.,Οι Νομάι αποφάσισαν να μετακινηθούν από τον Παλιό Οικισμό στον βόρειο παγετώνα. Χρησιμοποίησαν κρυστάλλους βαρύτητας για να φτιάξουν ένα σταθερό μονοπάτι κάτω από την επιφάνεια.
shiplog:73,shiplog,,66,,There's a huge Nomai city just to the north of Riebeck's campsite.,Υπάρχει μια τεράστια νομαϊκή πόλη λίγο βορειότερα από την κατασκήνωση του Ρίμπεκ.
shiplog:74,shiplog,,117,,A Nomai city suspended beneath Brittle Hollow's northern glacier. The city is divided vertically into four districts.,Μια νομαϊκή πόλη κρεμασμένη κάτω από τον βόρειο παγετώνα του Μπριτλ Χόλοου. Η πόλη χωρίζεται κάθετα σε τέσσερις συνοικίες.
shiplog:75,shiplog,,87,,I found a switch in the Meltwater District that raises and lowers the Black Hole Forge.,Βρήκα έναν διακόπτη στη Συνοικία του Λιωμένου Πάγου που ανεβάζει και κατεβάζει το Σφυρηλατείο της Μαύρης Τρύπας.
shiplog:76,shiplog,,106,,"The Nomai debated how to obtain the powerful, highly advanced warp core required for the Ash Twin Project.","Οι Νομάι συζήτησαν πώς θα αποκτούσαν τον ισχυρό, εξαιρετικά προηγμένο πυρήνα στρέβλωσης που απαιτούσε το Πρότζεκτ του Διδύμου της Στάχτης."
shiplog:77,shiplog,,173,,"The Nomai traveled to this solar system in pursuit of a signal from something older than the universe itself. They named the source of this signal the ""Eye of the universe.""",Οι Νομάι ταξίδεψαν σε αυτό το ηλιακό σύστημα κυνηγώντας ένα σήμα από κάτι αρχαιότερο από το ίδιο το σύμπαν. Ονόμασαν την πηγή αυτού του σήματος «Μάτι του σύμπαντος».
shiplog:78,shiplog,,16,,Black Hole Forge,Σφυρηλατείο της Μαύρης Τρύπας
shiplog:79,shiplog,,134,,The Black Hole Forge is suspended below the Hanging City. I found a switch in the Meltwater District that raises and lowers the forge.,Το Σφυρηλατείο της Μαύρης Τρύπας κρέμεται κάτω από την Κρεμαστή Πόλη. Βρήκα έναν διακόπτη στη Συνοικία του Λιωμένου Πάγου που το ανεβάζει και το κατεβάζει.
shiplog:80,shiplog,,74,,The Black Hole Forge District is the highest district in the Hanging City.,Η Συνοικία του Σφυρηλατείου είναι η ψηλότερη συνοικία της Κρεμαστής Πόλης.
shiplog:81,shiplog,,86,,A Nomai named Poke planned to create a new advanced warp core in the Black Hole Forge.,Μια Νομάι που την έλεγαν Πόουκ σχεδίαζε να δημιουργήσει έναν νέο προηγμένο πυρήνα στρέβλωσης στο Σφυρηλατείο της Μαύρης Τρύπας.
shiplog:82,shiplog,,88,,The Nomai crafted warp cores at the Black Hole Forge before delivering them to Ash Twin.,Οι Νομάι κατασκεύαζαν πυρήνες στρέβλωσης στο Σφυρηλατείο της Μαύρης Τρύπας και μετά τους παρέδιδαν στον Δίδυμο της Στάχτης.
shiplog:83,shiplog,,141,,"A warp tower's alignment point is not its warp receiver. Rather, a warp tower always aligns with the center of its corresponding astral body.","Το σημείο ευθυγράμμισης ενός πύργου στρέβλωσης δεν είναι ο δέκτης του. Αντίθετα, ένας πύργος στρέβλωσης ευθυγραμμίζεται πάντα με το κέντρο του αντίστοιχου ουράνιου σώματος."
shiplog:84,shiplog,,89,,The warp receiver must be located on (or in close orbit around) the relevant astral body.,Ο δέκτης στρέβλωσης πρέπει να βρίσκεται πάνω στο σχετικό ουράνιο σώμα (ή σε κοντινή τροχιά γύρω του).
shiplog:85,shiplog,,127,,"The Hourglass Twins are so close together they function as a single astral body, with a shared alignment point in between them.","Οι Δίδυμοι της Κλεψύδρας είναι τόσο κοντά μεταξύ τους που λειτουργούν ως ένα ενιαίο ουράνιο σώμα, με κοινό σημείο ευθυγράμμισης ανάμεσά τους."
shiplog:86,shiplog,,134,,"All of the warp towers were being constructed on Ash Twin, while the six warp receivers were being constructed at different locations.","Όλοι οι πύργοι στρέβλωσης κατασκευάζονταν στον Δίδυμο της Στάχτης, ενώ οι έξι δέκτες στρέβλωσης κατασκευάζονταν σε διαφορετικά σημεία."
shiplog:87,shiplog,,86,,A Nomai named Poke successfully forged an advanced warp core for the Ash Twin Project.,Μια Νομάι που την έλεγαν Πόουκ σφυρηλάτησε με επιτυχία έναν προηγμένο πυρήνα στρέβλωσης για το Πρότζεκτ του Διδύμου της Στάχτης.
shiplog:88,shiplog,,23,,Alignment Angle Diagram,Διάγραμμα Γωνίας Ευθυγράμμισης
shiplog:89,shiplog,,95,,A diagram depicting the alignment angle between a warp tower and its corresponding astral body.,Ένα διάγραμμα που δείχνει τη γωνία ευθυγράμμισης ανάμεσα σε έναν πύργο στρέβλωσης και το αντίστοιχο ουράνιο σώμα.
shiplog:90,shiplog,,112,,Warp tower alignment angles are not exact. They only need to be within five degrees of the astral body's center.,Οι γωνίες ευθυγράμμισης των πύργων στρέβλωσης δεν είναι ακριβείς. Αρκεί να βρίσκονται εντός πέντε μοιρών από το κέντρο του ουράνιου σώματος.
shiplog:91,shiplog,,79,,This results in slightly longer warp windows that last roughly several seconds.,"Αυτό έχει ως αποτέλεσμα ελαφρώς μεγαλύτερα παράθυρα στρέβλωσης, που διαρκούν μερικά δευτερόλεπτα."
shiplog:92,shiplog,,91,,Anyone stepping onto the warp platform during the active window will be immediately warped.,Όποιος πατήσει στην πλάκα στρέβλωσης κατά τη διάρκεια του ενεργού παραθύρου μεταφέρεται αμέσως.
shiplog:93,shiplog,,20,,Southern Observatory,Νότιο Παρατηρητήριο
shiplog:94,shiplog,,106,,"The Nomai decided to build a larger, more sophisticated Eye signal locator on Brittle Hollow's south pole.","Οι Νομάι αποφάσισαν να χτίσουν έναν μεγαλύτερο, πιο εξελιγμένο εντοπιστή του σήματος του Ματιού στον νότιο πόλο του Μπριτλ Χόλοου."
shiplog:95,shiplog,,172,,"There are two paths beneath Brittle Hollow's surface that lead to the observatory. One starts at the gravity cannon, and the other starts at the Tower of Quantum Knowledge.",Υπάρχουν δύο μονοπάτια κάτω από την επιφάνεια του Μπριτλ Χόλοου που οδηγούν στο παρατηρητήριο. Το ένα ξεκινά από το κανόνι βαρύτητας και το άλλο από τον Πύργο της Κβαντικής Γνώσης.
shiplog:96,shiplog,,141,,"Riebeck says you can't get into the observatory from the surface (they tried), but there's probably a path to it beneath the crust somewhere.","Ο Ρίμπεκ λέει ότι δεν μπορείς να μπεις στο παρατηρητήριο από την επιφάνεια (το δοκίμασε), αλλά μάλλον υπάρχει κάπου μονοπάτι προς αυτό κάτω από τον φλοιό."
shiplog:97,shiplog,,66,,"There's a door to the observatory on the surface, but it's broken.","Υπάρχει μια πόρτα προς το παρατηρητήριο στην επιφάνεια, αλλά είναι χαλασμένη."
shiplog:98,shiplog,,119,,"The new, more sensitive locator the Nomai built in this observatory was unable to detect any trace of the Eye's signal.","Ο νέος, πιο ευαίσθητος εντοπιστής που έχτισαν οι Νομάι σε αυτό το παρατηρητήριο δεν κατάφερε να ανιχνεύσει κανένα ίχνος του σήματος του Ματιού."
shiplog:99,shiplog,,111,,"Based on their knowledge of the Quantum Moon, the Nomai believed the Eye was in a distant orbit around the sun.","Με βάση όσα γνώριζαν για την Κβαντική Σελήνη, οι Νομάι πίστευαν ότι το Μάτι βρισκόταν σε μακρινή τροχιά γύρω από τον ήλιο."
shiplog:100,shiplog,,124,,The Nomai decided to stop searching for the Eye's signal and instead look for it visually by sending out a deep space probe.,"Οι Νομάι αποφάσισαν να σταματήσουν να ψάχνουν το σήμα του Ματιού και αντ’ αυτού να το αναζητήσουν οπτικά, στέλνοντας μια βολίδα στο βαθύ διάστημα."
shiplog:101,shiplog,,111,,There were concerns that the probability of launching a probe in the correct direction would be absurdly small.,Υπήρχαν ανησυχίες ότι η πιθανότητα να εκτοξευτεί η βολίδα προς τη σωστή κατεύθυνση θα ήταν παράλογα μικρή.
shiplog:102,shiplog,,18,,Tornado Simulation,Προσομοίωση Ανεμοστρόβιλου
shiplog:103,shiplog,,23,,Ocean Current Discovery,Ανακάλυψη Ωκεάνιου Ρεύματος
shiplog:104,shiplog,,144,,The Nomai at the Southern Observatory constructed a model of Giant's Deep that revealed how an object might sink below the strong ocean current.,Οι Νομάι στο Νότιο Παρατηρητήριο κατασκεύασαν ένα μοντέλο του Τζάιαντς Ντιπ που αποκάλυψε πώς ένα αντικείμενο μπορεί να βυθιστεί κάτω από το ισχυρό ωκεάνιο ρεύμα.
shiplog:105,shiplog,,116,,Most cyclones on Giant's Deep rotate clockwise. These are the cyclones the Nomai used to send components into orbit.,Οι περισσότεροι κυκλώνες στον Τζάιαντς Ντιπ περιστρέφονται δεξιόστροφα. Αυτούς χρησιμοποιούσαν οι Νομάι για να στέλνουν εξαρτήματα σε τροχιά.
shiplog:106,shiplog,,136,,There also exists a rarer type of cyclone that spins the opposite direction and pushes objects beneath the waters and below the current.,Υπάρχει επίσης ένας σπανιότερος τύπος κυκλώνα που περιστρέφεται αντίθετα και σπρώχνει αντικείμενα κάτω από τα νερά και κάτω από το ρεύμα.
shiplog:107,shiplog,,15,,Feldspar’s Camp,Η Κατασκήνωση του Φέλντσπαρ
shiplog:108,shiplog,,8,,Feldspar,Φέλντσπαρ
shiplog:109,shiplog,,76,,Feldspar headed off to Dark Bramble after reaching the core of Giant's Deep.,Ο Φέλντσπαρ έφυγε για τον Νταρκ Μπραμπλ αφού έφτασε στον πυρήνα του Τζάιαντς Ντιπ.
shiplog:110,shiplog,,15,,Inside the Seed,Μέσα στον Σπόρο
shiplog:111,shiplog,,135,,"When I launch my scout into the seed that crashed on Timber Hearth, it ends up in a much bigger space filled with fog and thorny vines.","Όταν εκτοξεύω τον ανιχνευτή μου μέσα στον σπόρο που έπεσε στο Τίμπερ Χαρθ, καταλήγει σε έναν πολύ μεγαλύτερο χώρο γεμάτο ομίχλη και αγκαθωτούς βλαστούς."
shiplog:112,shiplog,,96,,Feldspar is alive! They crashed their ship and is now camping inside a huge anglerfish skeleton.,Ο Φέλντσπαρ είναι ζωντανός! Το σκάφος του συνετρίβη και τώρα κατασκηνώνει μέσα σε έναν τεράστιο σκελετό βατραχόψαρου.
shiplog:113,shiplog,,169,,Feldspar doesn't think my scout tracker is wrong when it says my scout is in two places at once. They have a theory that space doesn’t work the same inside Dark Bramble.,Ο Φέλντσπαρ δεν πιστεύει ότι ο ιχνηλάτης μου κάνει λάθος όταν δείχνει τον ανιχνευτή σε δύο μέρη ταυτόχρονα. Έχει τη θεωρία ότι ο χώρος δεν λειτουργεί το ίδιο μέσα στον Νταρκ Μπραμπλ.
shiplog:114,shiplog,,116,,Feldspar doesn't sound overly eager to return to civilization. They've been enjoying the (relative) peace and quiet.,Ο Φέλντσπαρ δεν ακούγεται και πολύ πρόθυμος να επιστρέψει στον πολιτισμό. Απολαμβάνει τη (σχετική) ησυχία.
shiplog:115,shiplog,,16,,Frozen Jellyfish,Παγωμένη Μέδουσα
shiplog:116,shiplog,,11,,Hollow Vine,Κούφιος Βλαστός
shiplog:117,shiplog,,259,,"Feldspar hinted that a secret to reaching the core of Giant's Deep lies at the end of the hollow vine they crashed their ship into. To find Feldspar's ship, I'll want to go to the tail end of the anglerfish skeleton and look for a flickering light in the fog.","Ο Φέλντσπαρ υπαινίχθηκε ότι το μυστικό για να φτάσεις στον πυρήνα του Τζάιαντς Ντιπ βρίσκεται στην άκρη του κούφιου βλαστού μέσα στον οποίο συνετρίβη το σκάφος του. Για να βρω το σκάφος του, πρέπει να πάω στην ουρά του σκελετού του βατραχόψαρου και να ψάξω για ένα φως που τρεμοπαίζει μέσα στην ομίχλη."
shiplog:118,shiplog,,213,,"Feldspar documented their attempts to eat this enormous jellyfish frozen in the ice. The outside was all rubbery and tough, possibly because it insulates the jellyfish’s insides from getting zapped by electricity.","Ο Φέλντσπαρ κατέγραψε τις προσπάθειές του να φάει αυτή την τεράστια μέδουσα που είναι παγωμένη μέσα στον πάγο. Η εξωτερική της επιφάνεια ήταν λαστιχένια και σκληρή, ίσως επειδή μονώνει το εσωτερικό της μέδουσας από τον ηλεκτρισμό."
shiplog:119,shiplog,,110,,Feldspar decided to venture into the jellyfish’s interior cavity to see if it tasted any better on the inside.,"Ο Φέλντσπαρ αποφάσισε να μπει στην εσωτερική κοιλότητα της μέδουσας, για να δει αν έχει καλύτερη γεύση από μέσα."
shiplog:120,shiplog,,131,,"After tasting the inside of the jellyfish, Feldspar concluded that these jellyfish are only useful for insulation from electricity.","Αφού δοκίμασε το εσωτερικό της μέδουσας, ο Φέλντσπαρ κατέληξε ότι αυτές οι μέδουσες χρησιμεύουν μόνο ως μόνωση από τον ηλεκτρισμό."
shiplog:121,shiplog,,12,,Escape Pod 3,Κάψουλα Διαφυγής 3
shiplog:122,shiplog,,69,,One of the three Nomai escape pods never made it out of Dark Bramble.,Μία από τις τρεις νομαϊκές κάψουλες διαφυγής δεν κατάφερε ποτέ να βγει από τον Νταρκ Μπραμπλ.
shiplog:123,shiplog,,64,,One of three Nomai escape pods that crashed in our solar system.,Μία από τις τρεις νομαϊκές κάψουλες διαφυγής που συνετρίβησαν στο ηλιακό μας σύστημα.
shiplog:124,shiplog,,94,,"All three escape pods were launched from something called the Vessel, which was badly damaged.","Και οι τρεις κάψουλες διαφυγής εκτοξεύτηκαν από κάτι που ονομαζόταν Σκάφος, το οποίο είχε υποστεί σοβαρές ζημιές."
shiplog:125,shiplog,,117,,"The survivors from Escape Pod 3 detected two distinct beacons from the Vessel, as if it was in two locations at once.","Οι επιζώντες της Κάψουλας Διαφυγής 3 εντόπισαν δύο ξεχωριστούς φάρους από το Σκάφος, σαν να βρισκόταν σε δύο σημεία ταυτόχρονα."
shiplog:126,shiplog,,11,,Nomai Grave,Ο Τάφος των Νομάι
shiplog:127,shiplog,,22,,Escape Pod 3 Survivors,Οι Επιζώντες της Κάψουλας Διαφυγής 3
shiplog:128,shiplog,,93,,The survivors from Escape Pod 3 abandoned the wreckage and attempted to return to the Vessel.,Οι επιζώντες της Κάψουλας Διαφυγής 3 εγκατέλειψαν το ναυάγιο και προσπάθησαν να επιστρέψουν στο Σκάφος.
shiplog:129,shiplog,,198,,The survivors decided to follow the closer of the two Vessel beacons due to their limited air supply. They planned to leave a trail of lights behind them in case someone heard their distress signal.,"Οι επιζώντες αποφάσισαν να ακολουθήσουν τον πιο κοντινό από τους δύο φάρους του Σκάφους, λόγω των περιορισμένων αποθεμάτων αέρα. Σχεδίαζαν να αφήνουν πίσω τους μια σειρά από φώτα, σε περίπτωση που κάποιος άκουγε το σήμα κινδύνου τους."
shiplog:130,shiplog,,132,,"The survivors from Escape Pod 3 followed one of the two Vessel beacons to a small Dark Bramble seed, where they could go no further.","Οι επιζώντες της Κάψουλας Διαφυγής 3 ακολούθησαν τον έναν από τους δύο φάρους του Σκάφους ως έναν μικρό σπόρο του Νταρκ Μπραμπλ, όπου δεν μπορούσαν να προχωρήσουν άλλο."
shiplog:131,shiplog,,160,,"The Nomai could faintly hear the Vessel's beacon from within the seed, but the opening was too small for a single Nomai to fit through, much less an escape pod.","Οι Νομάι άκουγαν αχνά τον φάρο του Σκάφους μέσα από τον σπόρο, αλλά το άνοιγμα ήταν πολύ μικρό ακόμη και για έναν μόνο Νομάι, πόσο μάλλον για μια κάψουλα διαφυγής."
shiplog:132,shiplog,,65,,"The Vessel's beacon was dying, and would soon be gone completely.","Ο φάρος του Σκάφους έσβηνε, και σύντομα θα χανόταν εντελώς."
shiplog:133,shiplog,,89,,"If I launch my scout into the seed, I can take photos of an enormous derelict Nomai ship.","Αν εκτοξεύσω τον ανιχνευτή μου μέσα στον σπόρο, μπορώ να βγάλω φωτογραφίες ενός τεράστιου εγκαταλελειμμένου νομαϊκού σκάφους."
shiplog:134,shiplog,,10,,The Vessel,Το Σκάφος
shiplog:135,shiplog,,141,,The Nomai warped to this solar system in a spaceship called the Vessel. They were attempting to follow a signal from the Eye of the universe.,Οι Νομάι έκαναν στρέβλωση ως αυτό το ηλιακό σύστημα με ένα διαστημόπλοιο που ονομαζόταν Σκάφος. Προσπαθούσαν να ακολουθήσουν ένα σήμα από το Μάτι του σύμπαντος.
shiplog:136,shiplog,,45,,The Vessel crashed somewhere in Dark Bramble.,Το Σκάφος συνετρίβη κάπου μέσα στον Νταρκ Μπραμπλ.
shiplog:137,shiplog,,67,,The Vessel's warp core broke when the ship crashed in Dark Bramble.,Ο πυρήνας στρέβλωσης του Σκάφους έσπασε όταν το σκάφος συνετρίβη στον Νταρκ Μπραμπλ.
shiplog:138,shiplog,,104,,I launched my scout into the seed at the Nomai Grave and took photos of an enormous derelict Nomai ship.,Εκτόξευσα τον ανιχνευτή μου μέσα στον σπόρο στον Τάφο των Νομάι και έβγαλα φωτογραφίες ενός τεράστιου εγκαταλελειμμένου νομαϊκού σκάφους.
shiplog:139,shiplog,,59,,I found the derelict Nomai Vessel deep within Dark Bramble.,Βρήκα το εγκαταλελειμμένο νομαϊκό Σκάφος βαθιά μέσα στον Νταρκ Μπραμπλ.
shiplog:140,shiplog,,36,,The Vessel's warp core is long dead.,Ο πυρήνας στρέβλωσης του Σκάφους είναι νεκρός εδώ και πολύ καιρό.
shiplog:141,shiplog,,101,,I activated a three-sided pillar on the Vessel's bridge that appears to be some sort of input device.,Ενεργοποίησα έναν τρίπλευρο στύλο στη γέφυρα του Σκάφους που μοιάζει να είναι κάποιου είδους συσκευή εισαγωγής.
shiplog:142,shiplog,,98,,"The Nomai tried to call for help, but the Vessel's outgoing message system broke during the crash.","Οι Νομάι προσπάθησαν να ζητήσουν βοήθεια, αλλά το σύστημα εξερχόμενων μηνυμάτων του Σκάφους χάλασε κατά τη συντριβή."
shiplog:143,shiplog,,162,,The Vessel can still hear incoming messages from other Nomai vessels. The remaining Nomai clans are regrouping in response to the impending death of the universe.,"Το Σκάφος μπορεί ακόμη να ακούει εισερχόμενα μηνύματα από άλλα νομαϊκά σκάφη. Οι υπόλοιπες φυλές των Νομάι συγκεντρώνονται ξανά, αντιδρώντας στον επικείμενο θάνατο του σύμπαντος."
shiplog:144,shiplog,,219,,"I found a recording of the original signal the Nomai encountered from the Eye of the universe. The Nomai were worried the signal might disappear, so they warped before they could tell another clan where they were going.","Βρήκα μια ηχογράφηση του αρχικού σήματος που συνάντησαν οι Νομάι από το Μάτι του σύμπαντος. Οι Νομάι φοβήθηκαν ότι το σήμα μπορεί να εξαφανιζόταν, οπότε έκαναν στρέβλωση προτού προλάβουν να πουν σε άλλη φυλή πού πήγαιναν."
shiplog:145,shiplog,,20,,Orbital Probe Cannon,Τροχιακό Κανόνι Βολίδας
shiplog:146,shiplog,,117,,The Nomai finished building the final module for the Orbital Probe Cannon and sent it into orbit around Giant’s Deep.,Οι Νομάι ολοκλήρωσαν την τελευταία μονάδα του Τροχιακού Κανονιού Βολίδας και την έστειλαν σε τροχιά γύρω από τον Τζάιαντς Ντιπ.
shiplog:147,shiplog,,100,,I used a Nomai projection pool and saw the interior of a space station in orbit around Giant's Deep.,Χρησιμοποίησα μια νομαϊκή δεξαμενή προβολής και είδα το εσωτερικό ενός διαστημικού σταθμού σε τροχιά γύρω από τον Τζάιαντς Ντιπ.
shiplog:148,shiplog,,75,,The Nomai decided to construct a probe cannon in orbit around Giant’s Deep.,Οι Νομάι αποφάσισαν να κατασκευάσουν ένα κανόνι βολίδας σε τροχιά γύρω από τον Τζάιαντς Ντιπ.
shiplog:149,shiplog,,13,,Orbital Flash,Τροχιακή Λάμψη
shiplog:150,shiplog,,123,,Gabbro sees a bright flash in the sky at the start of every loop. Something must be happening in orbit around Giant’s Deep.,Ο Γκάμπρο βλέπει μια έντονη λάμψη στον ουρανό στην αρχή κάθε βρόχου. Κάτι πρέπει να συμβαίνει σε τροχιά γύρω από τον Τζάιαντς Ντιπ.
shiplog:151,shiplog,,141,,The broken remains of a Nomai space station in orbit around Giant's Deep. There are three accessways branching off from the central hub area.,Τα σπασμένα απομεινάρια ενός νομαϊκού διαστημικού σταθμού σε τροχιά γύρω από τον Τζάιαντς Ντιπ. Από τον κεντρικό κόμβο ξεκινούν τρεις διάδρομοι.
shiplog:152,shiplog,,93,,The Orbital Probe Cannon was created to find the precise location of the Eye of the universe.,Το Τροχιακό Κανόνι Βολίδας φτιάχτηκε για να βρει την ακριβή θέση του Ματιού του σύμπαντος.
shiplog:153,shiplog,,139,,The Nomai pushed the Orbital Probe Cannon above its maximum power setting to create the greatest chance of finding the Eye of the universe.,"Οι Νομάι ώθησαν το Τροχιακό Κανόνι Βολίδας πάνω από τη μέγιστη ισχύ του, για να έχουν τις μεγαλύτερες πιθανότητες να βρουν το Μάτι του σύμπαντος."
shiplog:154,shiplog,,21,,Probe Tracking Module,Μονάδα Παρακολούθησης Βολίδας
shiplog:155,shiplog,,48,,One of the Orbital Probe Cannon’s three modules.,Μία από τις τρεις μονάδες του Τροχιακού Κανονιού Βολίδας.
shiplog:156,shiplog,,68,,The Probe Tracking Module is receiving data from the launched probe.,Η Μονάδα Παρακολούθησης Βολίδας λαμβάνει δεδομένα από τη βολίδα που εκτοξεύτηκε.
shiplog:157,shiplog,,112,,Any Nomai aboard the Probe Tracking Module would be the first to see the coordinates of the Eye of the universe.,Όποιος Νομάι βρισκόταν στη Μονάδα Παρακολούθησης Βολίδας θα ήταν ο πρώτος που θα έβλεπε τις συντεταγμένες του Ματιού του σύμπαντος.
shiplog:158,shiplog,,64,,"A Nomai computer reports the Probe Tracking Module as ""missing.""",Ένας νομαϊκός υπολογιστής αναφέρει τη Μονάδα Παρακολούθησης Βολίδας ως «αγνοούμενη».
shiplog:159,shiplog,,157,,I saw the Probe Tracking Module through a Nomai projection pool. It looks like the module is underwater. I could see purple electricity outside the viewport.,Είδα τη Μονάδα Παρακολούθησης Βολίδας μέσα από μια νομαϊκή δεξαμενή προβολής. Η μονάδα φαίνεται να βρίσκεται κάτω από το νερό. Έβλεπα μοβ ηλεκτρισμό έξω από το παράθυρο.
shiplog:160,shiplog,,57,,The Orbital Probe Cannon has launched millions of probes.,Το Τροχιακό Κανόνι Βολίδας έχει εκτοξεύσει εκατομμύρια βολίδες.
shiplog:161,shiplog,,107,,"The 9,318,054th probe located a deep space anomaly matching all known criteria for the Eye of the universe.",Η 9.318.054η βολίδα εντόπισε μια ανωμαλία στο βαθύ διάστημα που ταιριάζει με όλα τα γνωστά κριτήρια για το Μάτι του σύμπαντος.
shiplog:162,shiplog,,133,,The statue in the Probe Tracking Module automatically records each probe's trajectory and transmits the data to the Ash Twin Project.,Το άγαλμα στη Μονάδα Παρακολούθησης Βολίδας καταγράφει αυτόματα την τροχιά κάθε βολίδας και στέλνει τα δεδομένα στο Πρότζεκτ του Διδύμου της Στάχτης.
shiplog:163,shiplog,,74,,I found Nomai coordinates marking the location of the Eye of the universe.,Βρήκα νομαϊκές συντεταγμένες που σημειώνουν τη θέση του Ματιού του σύμπαντος.
shiplog:164,shiplog,,13,,Launch Module,Μονάδα Εκτόξευσης
shiplog:165,shiplog,,48,,One of the Orbital Probe Cannon’s three modules.,Μία από τις τρεις μονάδες του Τροχιακού Κανονιού Βολίδας.
shiplog:166,shiplog,,85,,The Launch Module looks heavily damaged. There’s a huge breach in the glass viewport.,Η Μονάδα Εκτόξευσης φαίνεται σοβαρά κατεστραμμένη. Υπάρχει ένα τεράστιο ρήγμα στο γυάλινο παράθυρο.
shiplog:167,shiplog,,85,,"The Launch Module's viewport window is fractured, exposing it to the vacuum of space.","Το παράθυρο της Μονάδας Εκτόξευσης είναι ραγισμένο, αφήνοντάς την εκτεθειμένη στο κενό του διαστήματος."
shiplog:168,shiplog,,76,,"The Launch Module is badly damaged, but its projection pool is still intact.","Η Μονάδα Εκτόξευσης έχει υποστεί σοβαρές ζημιές, αλλά η δεξαμενή προβολής της παραμένει ανέπαφη."
shiplog:169,shiplog,,152,,"A Nomai named Mallow argued that it wouldn't matter if the cannon's structural integrity was compromised, since they only needed to fire the probe once.","Ένας Νομάι που τον έλεγαν Μάλοου υποστήριξε ότι δεν είχε σημασία αν η δομική ακεραιότητα του κανονιού διακυβευόταν, αφού χρειαζόταν να εκτοξεύσουν τη βολίδα μόνο μία φορά."
shiplog:170,shiplog,,134,,A Nomai named Privet countered that they wouldn't be capable of receiving the probe's data if the Probe Tracking Module was destroyed.,Μια Νομάι που την έλεγαν Πρίβετ αντέτεινε ότι δεν θα μπορούσαν να λάβουν τα δεδομένα της βολίδας αν καταστρεφόταν η Μονάδα Παρακολούθησης Βολίδας.
shiplog:171,shiplog,,14,,Control Module,Μονάδα Ελέγχου
shiplog:172,shiplog,,48,,One of the Orbital Probe Cannon’s three modules.,Μία από τις τρεις μονάδες του Τροχιακού Κανονιού Βολίδας.
shiplog:173,shiplog,,161,,The Control Module (recently) received a request from the Ash Twin Project to launch the probe. The cannon was aligned with a randomly selected probe trajectory.,Η Μονάδα Ελέγχου έλαβε (πρόσφατα) αίτημα από το Πρότζεκτ του Διδύμου της Στάχτης για την εκτόξευση της βολίδας. Το κανόνι ευθυγραμμίστηκε με μια τυχαία επιλεγμένη τροχιά.
shiplog:174,shiplog,,146,,"The probe was successfully launched, but the cannon's structural integrity was compromised in the process. Damage is detected in multiple modules.","Η βολίδα εκτοξεύτηκε με επιτυχία, αλλά στη διαδικασία διακυβεύτηκε η δομική ακεραιότητα του κανονιού. Εντοπίζονται ζημιές σε πολλαπλές μονάδες."
shiplog:175,shiplog,,12,,The Stranger,Ο Ξένος
shiplog:176,shiplog,,131,,A massive artificial ring world hidden within some sort of cloaking field. It does not appear to be Hearthian or Nomaian in origin.,"Ένας τεράστιος τεχνητός δακτυλιοειδής κόσμος, κρυμμένος μέσα σε κάποιου είδους πεδίο απόκρυψης. Δεν φαίνεται να είναι ούτε χαρθιανής ούτε νομαϊκής προέλευσης."
shiplog:177,shiplog,,14,,River Lowlands,Τα Χαμηλά του Ποταμού
shiplog:178,shiplog,,110,,A low-lying region near the entrance to the Stranger. There are wooden buildings along the banks of the river.,Μια χαμηλή περιοχή κοντά στην είσοδο του Ξένου. Κατά μήκος των όχθεων του ποταμού υπάρχουν ξύλινα κτίρια.
shiplog:179,shiplog,,84,,I found several ornate metal artifacts inside a workshop surrounded by ghost matter.,Βρήκα αρκετά περίτεχνα μεταλλικά τεχνουργήματα μέσα σε ένα εργαστήριο περιτριγυρισμένο από ύλη-φάντασμα.
shiplog:180,shiplog,,17,,Burned Slide Reel,Καμένο Καρούλι Διαφανειών
shiplog:181,shiplog,,71,,A slide reel that shows the origin of the Stranger and its inhabitants.,Ένα καρούλι διαφανειών που δείχνει την προέλευση του Ξένου και των κατοίκων του.
shiplog:182,shiplog,,53,,Several slides have been burned and cannot be viewed.,Αρκετές διαφάνειες έχουν καεί και δεν μπορούν να προβληθούν.
shiplog:183,shiplog,,18,,Slide Burning Room,Η Αίθουσα Καύσης Διαφανειών
shiplog:184,shiplog,,15,,Secret Location,Μυστική Τοποθεσία
shiplog:185,shiplog,,94,,A map I found in the Abandoned Temple reveals a secret location somewhere within the Stranger.,Ένας χάρτης που βρήκα στον Εγκαταλελειμμένο Ναό αποκαλύπτει μια μυστική τοποθεσία κάπου μέσα στον Ξένο.
shiplog:186,shiplog,,65,,A room full of burned slide reels piled next to a strange device.,"Μια αίθουσα γεμάτη καμένα καρούλια διαφανειών, στοιβαγμένα δίπλα σε μια παράξενη συσκευή."
shiplog:187,shiplog,,284,,"I found a hidden slide reel that shows a container marked with a glowing symbol being handed to a shadowy figure. The figure follows a procession of green lights through a forest to a candlelit building, where they carry the container into a secret passage behind a roaring fireplace.","Βρήκα ένα κρυμμένο καρούλι διαφανειών που δείχνει ένα δοχείο σημαδεμένο με ένα φωτεινό σύμβολο να δίνεται σε μια σκιώδη μορφή. Η μορφή ακολουθεί μια πομπή από πράσινα φώτα μέσα από ένα δάσος ως ένα κτίριο φωτισμένο με κεριά, όπου μεταφέρει το δοχείο σε ένα μυστικό πέρασμα πίσω από ένα τζάκι που καίει."
shiplog:188,shiplog,,12,,Cinder Isles,Τα Καμένα Νησιά
shiplog:189,shiplog,,69,,A pair of small rocky islands connected by a village of stilt houses.,Δύο μικρά βραχώδη νησιά που ενώνονται με ένα χωριό από σπίτια πάνω σε πασσάλους.
shiplog:190,shiplog,,126,,I found a large metal symbol inside a burned-out building that closely resembles the Nomai symbol for the Eye of the universe.,"Βρήκα ένα μεγάλο μεταλλικό σύμβολο μέσα σε ένα καμένο κτίριο, που μοιάζει πολύ με το νομαϊκό σύμβολο για το Μάτι του σύμπαντος."
shiplog:191,shiplog,,86,,I found a large metal symbol for the Eye of the universe inside a burned-out building.,Βρήκα ένα μεγάλο μεταλλικό σύμβολο του Ματιού του σύμπαντος μέσα σε ένα καμένο κτίριο.
shiplog:192,shiplog,,140,,A slide reel that shows the Stranger's inhabitants analyzing an anomaly that closely resembles the Nomai symbol for the Eye of the universe.,Ένα καρούλι διαφανειών που δείχνει τους κατοίκους του Ξένου να αναλύουν μια ανωμαλία που μοιάζει πολύ με το νομαϊκό σύμβολο για το Μάτι του σύμπαντος.
shiplog:193,shiplog,,85,,A slide reel that shows the Stranger's inhabitants analyzing the Eye of the universe.,Ένα καρούλι διαφανειών που δείχνει τους κατοίκους του Ξένου να αναλύουν το Μάτι του σύμπαντος.
shiplog:194,shiplog,,202,,"I found a hidden slide reel that shows a container marked with a glowing symbol being handed to a shadowy figure. The lights are extinguished, and the figure carries the container down into a dark well.",Βρήκα ένα κρυμμένο καρούλι διαφανειών που δείχνει ένα δοχείο σημαδεμένο με ένα φωτεινό σύμβολο να δίνεται σε μια σκιώδη μορφή. Τα φώτα σβήνουν και η μορφή κατεβάζει το δοχείο μέσα σε ένα σκοτεινό πηγάδι.
shiplog:195,shiplog,,12,,Island Tower,Ο Πύργος του Νησιού
shiplog:196,shiplog,,11,,Island Cave,Η Σπηλιά του Νησιού
shiplog:197,shiplog,,98,,I found a projection that reveals a cave entrance at the base of a rocky island with a tall tower.,Βρήκα μια προβολή που αποκαλύπτει την είσοδο μιας σπηλιάς στη βάση ενός βραχώδους νησιού με έναν ψηλό πύργο.
shiplog:198,shiplog,,133,,A tower that sits atop one of the Cinder Isles. The upper floors can only be reached from a second entrance at the back of the tower.,Ένας πύργος που στέκει πάνω σε ένα από τα Καμένα Νησιά. Στους πάνω ορόφους φτάνει κανείς μόνο από μια δεύτερη είσοδο στο πίσω μέρος του πύργου.
shiplog:199,shiplog,,216,,I found a slide reel that shows the Stranger's inhabitants opening a secret passage in a round room filled with lanterns and murals. The inhabitants are shown filing into three of these rooms throughout the Stranger.,Βρήκα ένα καρούλι διαφανειών που δείχνει τους κατοίκους του Ξένου να ανοίγουν ένα μυστικό πέρασμα σε μια στρογγυλή αίθουσα γεμάτη φανάρια και τοιχογραφίες. Οι κάτοικοι εμφανίζονται να μπαίνουν σε τρεις τέτοιες αίθουσες μέσα στον Ξένο.
shiplog:200,shiplog,,11,,Symbol Room,Η Αίθουσα των Συμβόλων
shiplog:201,shiplog,,18,,Hidden Vault Seals,Κρυφές Σφραγίδες Κρύπτης
shiplog:202,shiplog,,14,,Secret Passage,Μυστικό Πέρασμα
shiplog:203,shiplog,,427,,"The light coming out of the vault gave me a vision of climbing a spiral staircase to a room near the top of a tower. One of the Stranger's inhabitants pointed at a mural of an identical tower beneath a ringed planet, then picked up an artifact and carried it downstairs to a room with a green fire. Some time later, two of the lamps in the mural room turned off, plunging the mural into darkness and revealing a secret passage.","Το φως που έβγαινε από το θησαυροφυλάκιο μού έδωσε ένα όραμα: ανέβαινα μια στριφογυριστή σκάλα προς μια αίθουσα κοντά στην κορυφή ενός πύργου. Ένας από τους κατοίκους του Ξένου έδειξε μια τοιχογραφία με έναν πανομοιότυπο πύργο κάτω από έναν πλανήτη με δακτύλιο, μετά πήρε ένα τεχνούργημα και το κατέβασε σε μια αίθουσα με πράσινη φωτιά. Λίγο αργότερα, δύο από τις λάμπες στην αίθουσα της τοιχογραφίας έσβησαν, βυθίζοντας την τοιχογραφία στο σκοτάδι και αποκαλύπτοντας ένα μυστικό πέρασμα."
shiplog:204,shiplog,,82,,"The passage led to three wooden containers, each marked with a glowing vault seal.","Το πέρασμα οδηγούσε σε τρία ξύλινα δοχεία, καθένα σημαδεμένο με μια φωτεινή σφραγίδα κρύπτης."
shiplog:205,shiplog,,74,,A secret room filled with wooden containers marked with different symbols.,Μια μυστική αίθουσα γεμάτη ξύλινα δοχεία σημαδεμένα με διαφορετικά σύμβολα.
shiplog:206,shiplog,,102,,"Three of the containers are marked with glowing vault seals, but their contents have been burned away.","Τρία από τα δοχεία είναι σημαδεμένα με φωτεινές σφραγίδες κρύπτης, αλλά το περιεχόμενό τους έχει καεί."
shiplog:207,shiplog,,118,,I opened the container marked with the symbol of a burning slide reel and found a vertical sequence of symbols inside.,Άνοιξα το δοχείο που ήταν σημαδεμένο με το σύμβολο ενός καιγόμενου καρουλιού διαφανειών και βρήκα μέσα μια κατακόρυφη ακολουθία συμβόλων.
shiplog:208,shiplog,,12,,Hidden Gorge,Το Κρυφό Φαράγγι
shiplog:209,shiplog,,115,,A narrow gorge along the rightmost branch of the river. There are dwellings built into both cliff faces high above.,"Ένα στενό φαράγγι κατά μήκος του δεξιότερου κλάδου του ποταμού. Ψηλά, και στις δύο πλευρές του γκρεμού, υπάρχουν κατοικίες σκαμμένες στον βράχο."
shiplog:210,shiplog,,233,,"I found a hidden slide reel that shows a container marked with a glowing symbol being handed to a shadowy figure. The lights are extinguished, and the figure carries the container into a secret passage behind a mural of a large tree.",Βρήκα ένα κρυμμένο καρούλι διαφανειών που δείχνει ένα δοχείο σημαδεμένο με ένα φωτεινό σύμβολο να δίνεται σε μια σκιώδη μορφή. Τα φώτα σβήνουν και η μορφή μεταφέρει το δοχείο σε ένα μυστικό πέρασμα πίσω από μια τοιχογραφία με ένα μεγάλο δέντρο.
shiplog:211,shiplog,,92,,A slide reel that shows the Stranger's inhabitants congregating around a strange green fire.,Ένα καρούλι διαφανειών που δείχνει τους κατοίκους του Ξένου να συγκεντρώνονται γύρω από μια παράξενη πράσινη φωτιά.
shiplog:212,shiplog,,18,,Damaged Laboratory,Κατεστραμμένο Εργαστήριο
shiplog:213,shiplog,,11,,Hull Breach,Ρήγμα στο Κύτος
shiplog:214,shiplog,,108,,I found a slide reel in the Hidden Gorge that shows an explosion blowing a hole in the side of the Stranger.,Βρήκα ένα καρούλι διαφανειών στο Κρυφό Φαράγγι που δείχνει μια έκρηξη να ανοίγει τρύπα στο πλάι του Ξένου.
shiplog:215,shiplog,,144,,A laboratory with three test chambers. The second chamber is badly damaged and can be entered through a hull breach in the side of the Stranger.,Ένα εργαστήριο με τρεις θαλάμους δοκιμών. Ο δεύτερος θάλαμος έχει υποστεί σοβαρές ζημιές και προσεγγίζεται μέσα από ένα ρήγμα στο πλάι του Ξένου.
shiplog:216,shiplog,,222,,"I saw a vision-like recording of someone picking up an artifact and going to sleep in front of a green fire. The rest of the vision was distorted and difficult to make out, but a flame seemed to appear inside the artifact.","Είδα μια καταγραφή σαν όραμα: κάποιος έπαιρνε ένα τεχνούργημα και αποκοιμιόταν μπροστά σε μια πράσινη φωτιά. Το υπόλοιπο όραμα ήταν παραμορφωμένο και δυσδιάκριτο, αλλά μια φλόγα φάνηκε να εμφανίζεται μέσα στο τεχνούργημα."
shiplog:217,shiplog,,144,,I found a slide reel that shows three experiments conducted with three different artifacts. The third experiment appears to have been a success.,Βρήκα ένα καρούλι διαφανειών που δείχνει τρία πειράματα με τρία διαφορετικά τεχνουργήματα. Το τρίτο πείραμα φαίνεται να ήταν επιτυχές.
shiplog:218,shiplog,,16,,Abandoned Temple,Ο Εγκαταλελειμμένος Ναός
shiplog:219,shiplog,,18,,Cliffside Building,Το Κτίριο στον Γκρεμό
shiplog:220,shiplog,,139,,"I saw a building marked with a unique symbol recessed into one of the canyon walls, but the bridge that used to lead to it has rotted away.","Είδα ένα κτίριο σημαδεμένο με ένα μοναδικό σύμβολο, σκαμμένο σε ένα από τα τοιχώματα του φαραγγιού, αλλά η γέφυρα που οδηγούσε σε αυτό έχει σαπίσει."
shiplog:221,shiplog,,122,,An abandoned temple marked with the symbol of a burning slide reel. It can be accessed from a passage in the Hidden Gorge.,Ένας εγκαταλελειμμένος ναός σημαδεμένος με το σύμβολο ενός καιγόμενου καρουλιού διαφανειών. Είναι προσβάσιμος από ένα πέρασμα στο Κρυφό Φαράγγι.
shiplog:222,shiplog,,90,,There is an interface upstairs that can be used to line up symbols in a vertical sequence.,Στον επάνω όροφο υπάρχει μια διεπαφή που επιτρέπει να ευθυγραμμιστούν σύμβολα σε κατακόρυφη σειρά.
shiplog:223,shiplog,,81,,Entering the correct sequence opens the path to a secret room beneath the temple.,Η σωστή ακολουθία ανοίγει τον δρόμο προς μια μυστική αίθουσα κάτω από τον ναό.
shiplog:224,shiplog,,202,,"I found a slide reel that shows the Stranger's inhabitants removing all of the slide reels from their shelves, scanning each reel with a device, and incinerating specific slides as well as entire reels.","Βρήκα ένα καρούλι διαφανειών που δείχνει τους κατοίκους του Ξένου να κατεβάζουν όλα τα καρούλια από τα ράφια τους, να σαρώνουν το καθένα με μια συσκευή και να αποτεφρώνουν συγκεκριμένες διαφάνειες αλλά και ολόκληρα καρούλια."
shiplog:225,shiplog,,16,,Map Projection 1,Χάρτης-Προβολή 1
shiplog:226,shiplog,,82,,A projection that seems to reveal a secret location somewhere within the Stranger.,Μια προβολή που φαίνεται να αποκαλύπτει μια μυστική τοποθεσία κάπου μέσα στον Ξένο.
shiplog:227,shiplog,,16,,Map Projection 2,Χάρτης-Προβολή 2
shiplog:228,shiplog,,82,,A projection that seems to reveal a secret location somewhere within the Stranger.,Μια προβολή που φαίνεται να αποκαλύπτει μια μυστική τοποθεσία κάπου μέσα στον Ξένο.
shiplog:229,shiplog,,16,,Map Projection 3,Χάρτης-Προβολή 3
shiplog:230,shiplog,,82,,A projection that seems to reveal a secret location somewhere within the Stranger.,Μια προβολή που φαίνεται να αποκαλύπτει μια μυστική τοποθεσία κάπου μέσα στον Ξένο.
shiplog:231,shiplog,,9,,Reservoir,Η Δεξαμενή
shiplog:232,shiplog,,69,,An enormous reservoir with wooden piers and buildings on both shores.,Μια τεράστια δεξαμενή με ξύλινες προβλήτες και κτίρια και στις δύο όχθες.
shiplog:233,shiplog,,146,,I found a room with a burned control interface and a projection that seems to indicate a broken connection between the Stranger and another craft.,Βρήκα μια αίθουσα με μια καμένη διεπαφή ελέγχου και μια προβολή που φαίνεται να δείχνει διακοπείσα σύνδεση ανάμεσα στον Ξένο και ένα άλλο σκάφος.
shiplog:234,shiplog,,104,,I found a projection showing the Stranger's current trajectory and the sun's predicted supernova radius.,Βρήκα μια προβολή που δείχνει την τρέχουσα τροχιά του Ξένου και την προβλεπόμενη ακτίνα της σουπερνόβα του ήλιου.
shiplog:235,shiplog,,104,,A slide reel that shows a strange vault being encased in a large metal structure and lowered underwater.,Ένα καρούλι διαφανειών που δείχνει μια παράξενη κρύπτη να εγκλείεται σε μια μεγάλη μεταλλική κατασκευή και να βυθίζεται στο νερό.
shiplog:236,shiplog,,63,,Nearly all of the slides have been burned and cannot be viewed.,Σχεδόν όλες οι διαφάνειες έχουν καεί και δεν μπορούν να προβληθούν.
shiplog:237,shiplog,,19,,Submerged Structure,Η Βυθισμένη Κατασκευή
shiplog:238,shiplog,,105,,"According to a slide reel, a strange vault was encased in a large metal structure and lowered underwater.","Σύμφωνα με ένα καρούλι διαφανειών, μια παράξενη κρύπτη εγκλείστηκε σε μια μεγάλη μεταλλική κατασκευή και βυθίστηκε στο νερό."
shiplog:239,shiplog,,16,,Hollow Structure,Η Κούφια Κατασκευή
shiplog:240,shiplog,,137,,I found a diagram of a hollow metal structure suspended by chains. There is a round hole underneath that appears to be the only entrance.,Βρήκα ένα διάγραμμα μιας κούφιας μεταλλικής κατασκευής που κρέμεται από αλυσίδες. Από κάτω υπάρχει μια στρογγυλή τρύπα που φαίνεται να είναι η μόνη είσοδος.
shiplog:241,shiplog,,86,,A large metal structure suspended by chains. It can be entered by swimming from below.,Μια μεγάλη μεταλλική κατασκευή που κρέμεται από αλυσίδες. Μπαίνει κανείς κολυμπώντας από κάτω.
shiplog:242,shiplog,,73,,There is a sealed vault illuminated by a green fire inside the structure.,"Μέσα στην κατασκευή υπάρχει μια σφραγισμένη κρύπτη, φωτισμένη από μια πράσινη φωτιά."
shiplog:243,shiplog,,17,,Subterranean Lake,Η Υπόγεια Λίμνη
shiplog:244,shiplog,,13,,Enclosed Fire,Η Κλεισμένη Φωτιά
shiplog:245,shiplog,,12,,Fire Chamber,Ο Θάλαμος της Φωτιάς
shiplog:246,shiplog,,155,,I looked through a peephole in the side of a large metal structure suspended by chains. Inside is another green fire and a staircase leading farther below.,Κοίταξα μέσα από μια χαραμάδα στο πλάι μιας μεγάλης μεταλλικής κατασκευής που κρέμεται από αλυσίδες. Μέσα υπάρχει άλλη μια πράσινη φωτιά και μια σκάλα που κατεβαίνει ακόμη πιο βαθιά.
shiplog:247,shiplog,,185,,I looked through a peephole in the side of a large metal structure suspended by chains like the one in the Reservoir. Inside is another green fire and a staircase leading farther below.,"Κοίταξα μέσα από μια χαραμάδα στο πλάι μιας μεγάλης μεταλλικής κατασκευής που κρέμεται από αλυσίδες, σαν εκείνη στη Δεξαμενή. Μέσα υπάρχει άλλη μια πράσινη φωτιά και μια σκάλα που κατεβαίνει ακόμη πιο βαθιά."
shiplog:248,shiplog,,15,,Vault Room Fire,Η Φωτιά της Αίθουσας της Κρύπτης
shiplog:249,shiplog,,13,,Missing Vault,Η Κρύπτη που Λείπει
shiplog:250,shiplog,,308,,"I saw a vision-like recording of two figures taking artifacts into a large metal structure suspended by chains and going to sleep at the green fire in front of the sealed vault. Upon waking up with lit artifacts, the two figures picked up the vault and carried it down a staircase to somewhere farther below.","Είδα μια καταγραφή σαν όραμα: δύο μορφές έμπαιναν με τεχνουργήματα σε μια μεγάλη μεταλλική κατασκευή που κρεμόταν από αλυσίδες και αποκοιμιούνταν στην πράσινη φωτιά, μπροστά από τη σφραγισμένη κρύπτη. Ξυπνώντας με αναμμένα τεχνουργήματα, οι δύο μορφές σήκωσαν την κρύπτη και την κατέβασαν από μια σκάλα, κάπου πιο βαθιά."
shiplog:251,shiplog,,300,,"I saw a vision-like recording of two figures taking artifacts into the Reservoir's submerged structure and going to sleep at the green fire in front of the sealed vault. Upon waking up with lit artifacts, the two figures picked up the vault and carried it down a staircase to somewhere farther below.","Είδα μια καταγραφή σαν όραμα: δύο μορφές έμπαιναν με τεχνουργήματα στη βυθισμένη κατασκευή της Δεξαμενής και αποκοιμιούνταν στην πράσινη φωτιά, μπροστά από τη σφραγισμένη κρύπτη. Ξυπνώντας με αναμμένα τεχνουργήματα, οι δύο μορφές σήκωσαν την κρύπτη και την κατέβασαν από μια σκάλα, κάπου πιο βαθιά."
shiplog:252,shiplog,,210,,"I discovered a vast subterranean lake beneath the submerged structure. The sealed vault is resting on the shore of the lake. There are three interfaces, each marked with one of the three symbols from the vault.","Ανακάλυψα μια απέραντη υπόγεια λίμνη κάτω από τη βυθισμένη κατασκευή. Η σφραγισμένη κρύπτη βρίσκεται στην ακτή της λίμνης. Υπάρχουν τρεις διεπαφές, καθεμία σημαδεμένη με ένα από τα τρία σύμβολα της κρύπτης."
shiplog:253,shiplog,,163,,"I rotated the mechanism in front of the vault, causing it to strain against the chains holding it shut. Moments later rays of green light spilled out of the vault.","Περιέστρεψα τον μηχανισμό μπροστά από την κρύπτη, κάνοντάς την να τεντωθεί πάνω στις αλυσίδες που την κρατούσαν κλειστή. Λίγες στιγμές αργότερα, ακτίνες πράσινου φωτός ξεχύθηκαν από μέσα."
shiplog:254,shiplog,,12,,Sealed Vault,Η Σφραγισμένη Κρύπτη
shiplog:255,shiplog,,80,,I found a strange vault wrapped in chains and marked with three glowing symbols.,Βρήκα μια παράξενη κρύπτη τυλιγμένη με αλυσίδες και σημαδεμένη με τρία φωτεινά σύμβολα.
shiplog:256,shiplog,,117,,A slide reel from the River Lowlands showed a strange vault being closed and sealed with chains and a glowing symbol.,Ένα καρούλι διαφανειών από τα Χαμηλά του Ποταμού έδειχνε μια παράξενη κρύπτη να κλείνει και να σφραγίζεται με αλυσίδες και ένα φωτεινό σύμβολο.
shiplog:257,shiplog,,100,,A slide reel from the Cinder Isles showed a glowing symbol and chains appear around a strange vault.,Ένα καρούλι διαφανειών από τα Καμένα Νησιά έδειχνε ένα φωτεινό σύμβολο και αλυσίδες να εμφανίζονται γύρω από μια παράξενη κρύπτη.
shiplog:258,shiplog,,100,,A slide reel from the Hidden Gorge showed a glowing symbol and chains appear around a strange vault.,Ένα καρούλι διαφανειών από το Κρυφό Φαράγγι έδειχνε ένα φωτεινό σύμβολο και αλυσίδες να εμφανίζονται γύρω από μια παράξενη κρύπτη.
shiplog:259,shiplog,,76,,I met one of the Stranger's inhabitants who was imprisoned within the vault!,"Συνάντησα έναν από τους κατοίκους του Ξένου, φυλακισμένο μέσα στην κρύπτη!"
shiplog:260,shiplog,,107,,The Prisoner showed me a vision revealing the actions they took that resulted in their eternal confinement.,"Ο Φυλακισμένος μού έδειξε ένα όραμα που αποκάλυπτε τις πράξεις του, εκείνες που τον οδήγησαν στον αιώνιο εγκλεισμό του."
shiplog:261,shiplog,,94,,I used the vision torch to share my knowledge of the solar system's history with the Prisoner.,Χρησιμοποίησα τον δαυλό οραμάτων για να μοιραστώ με τον Φυλακισμένο όσα ξέρω για την ιστορία του ηλιακού συστήματος.
shiplog:262,shiplog,,76,,The Prisoner left one final vision for me by the water's edge as a farewell.,"Ο Φυλακισμένος μού άφησε ένα τελευταίο όραμα δίπλα στο νερό, ως αποχαιρετισμό."
shiplog:263,shiplog,,18,,Shrouded Woodlands,Τα Σκεπασμένα Δάση
shiplog:264,shiplog,,106,,I rode a raft through a densely wooded stretch of river. I can see buildings along the banks of the river.,Ταξίδεψα με σχεδία μέσα από ένα πυκνά δασωμένο κομμάτι του ποταμού. Βλέπω κτίρια κατά μήκος των όχθεων.
shiplog:265,shiplog,,42,,A dense forest along the banks of a river.,Ένα πυκνό δάσος στις όχθες ενός ποταμού.
shiplog:266,shiplog,,64,,I heard music coming from a candlelit building across the water.,"Άκουσα μουσική να έρχεται από ένα κτίριο φωτισμένο με κεριά, απέναντι από το νερό."
shiplog:267,shiplog,,69,,I found a covered bridge leading into the darkest part of the forest.,Βρήκα μια σκεπαστή γέφυρα που οδηγεί στο πιο σκοτεινό σημείο του δάσους.
shiplog:268,shiplog,,17,,Forbidden Archive,Το Απαγορευμένο Αρχείο
shiplog:269,shiplog,,16,,Secret Fireplace,Το Μυστικό Τζάκι
shiplog:270,shiplog,,278,,"I found a hidden slide reel that shows a container marked with a glowing symbol being handed to a shadowy figure. The figure follows a procession of lights through a forest to a candlelit building, where they carry the container into a secret passage behind a roaring fireplace.","Βρήκα ένα κρυμμένο καρούλι διαφανειών που δείχνει ένα δοχείο σημαδεμένο με ένα φωτεινό σύμβολο να δίνεται σε μια σκιώδη μορφή. Η μορφή ακολουθεί μια πομπή από φώτα μέσα από ένα δάσος ως ένα κτίριο φωτισμένο με κεριά, όπου μεταφέρει το δοχείο σε ένα μυστικό πέρασμα πίσω από ένα τζάκι που καίει."
shiplog:271,shiplog,,61,,A library full of intact slide reels hidden deep underground.,"Μια βιβλιοθήκη γεμάτη ανέπαφα καρούλια διαφανειών, κρυμμένη βαθιά κάτω από τη γη."
shiplog:272,shiplog,,94,,"There is a container marked with one of the vault seals, but its contents have been destroyed.","Υπάρχει ένα δοχείο σημαδεμένο με μία από τις σφραγίδες της κρύπτης, αλλά το περιεχόμενό του έχει καταστραφεί."
shiplog:273,shiplog,,79,,I found a slide reel that shows the origin of the Stranger and its inhabitants.,Βρήκα ένα καρούλι διαφανειών που δείχνει την προέλευση του Ξένου και των κατοίκων του.
shiplog:274,shiplog,,71,,Intact slides reveal the sacrifice that was made to build the Stranger.,Ανέπαφες διαφάνειες αποκαλύπτουν τη θυσία που έγινε για να χτιστεί ο Ξένος.
shiplog:275,shiplog,,191,,I found a slide reel that appears to be some sort of error report. It shows one of the Stranger's inhabitants jumping off a raft during a transition between areas and falling below the world.,Βρήκα ένα καρούλι διαφανειών που μοιάζει με κάποιου είδους αναφορά σφάλματος. Δείχνει έναν από τους κατοίκους του Ξένου να πηδά από μια σχεδία κατά τη μετάβαση ανάμεσα σε περιοχές και να πέφτει κάτω από τον κόσμο.
shiplog:276,shiplog,,12,,Starlit Cove,Ο Έναστρος Κόλπος
shiplog:277,shiplog,,15,,Candlelit Tower,Ο Πύργος με τα Κεριά
shiplog:278,shiplog,,57,,I rode a raft past an island with a tall candlelit tower.,Πέρασα με σχεδία δίπλα από ένα νησί με έναν ψηλό πύργο φωτισμένο με κεριά.
shiplog:279,shiplog,,86,,A secluded village nestled within a cove. A candlelit tower sits atop a nearby island.,Ένα απομονωμένο χωριό φωλιασμένο μέσα σε έναν κόλπο. Σε ένα κοντινό νησί στέκει ένας πύργος φωτισμένος με κεριά.
shiplog:280,shiplog,,106,,The well at the bottom of the village is guarded by a statue that activates an alarm bell when it sees me.,Το πηγάδι στο κάτω μέρος του χωριού φυλάσσεται από ένα άγαλμα που χτυπά καμπάνα συναγερμού μόλις με δει.
shiplog:281,shiplog,,77,,I found the remains of a burned-out building on the outskirts of the village.,Βρήκα τα απομεινάρια ενός καμένου κτιρίου στα περίχωρα του χωριού.
shiplog:282,shiplog,,102,,I reached the tower's upper floors by projecting a path to a second entrance at the back of the tower.,Έφτασα στους πάνω ορόφους του πύργου προβάλλοντας ένα μονοπάτι προς μια δεύτερη είσοδο στο πίσω μέρος του.
shiplog:283,shiplog,,11,,Secret Well,Το Μυστικό Πηγάδι
shiplog:284,shiplog,,212,,"The reel I found in the slide burning room shows a container marked with a glowing symbol being handed to a shadowy figure. The lights are extinguished, and the figure carries the container down into a dark well.",Το καρούλι που βρήκα στην αίθουσα καύσης διαφανειών δείχνει ένα δοχείο σημαδεμένο με ένα φωτεινό σύμβολο να δίνεται σε μια σκιώδη μορφή. Τα φώτα σβήνουν και η μορφή κατεβάζει το δοχείο μέσα σε ένα σκοτεινό πηγάδι.
shiplog:285,shiplog,,148,,I found a slide reel that shows the Stranger's inhabitants analyzing an anomaly that closely resembles the Nomai symbol for the Eye of the universe.,Βρήκα ένα καρούλι διαφανειών που δείχνει τους κατοίκους του Ξένου να αναλύουν μια ανωμαλία που μοιάζει πολύ με το νομαϊκό σύμβολο για το Μάτι του σύμπαντος.
shiplog:286,shiplog,,93,,I found a slide reel that shows the Stranger's inhabitants analyzing the Eye of the universe.,Βρήκα ένα καρούλι διαφανειών που δείχνει τους κατοίκους του Ξένου να αναλύουν το Μάτι του σύμπαντος.
shiplog:287,shiplog,,100,,Intact slides reveal the construction and launch of a spacecraft designed to block the Eye's signal.,Ανέπαφες διαφάνειες αποκαλύπτουν την κατασκευή και την εκτόξευση ενός σκάφους σχεδιασμένου να μπλοκάρει το σήμα του Ματιού.
shiplog:288,shiplog,,185,,"I found a slide reel that shows two artifacts being lit near a green fire. The first artifact lights after its bearer falls asleep, and the second artifact lights after its bearer dies.","Βρήκα ένα καρούλι διαφανειών που δείχνει δύο τεχνουργήματα να ανάβουν κοντά σε μια πράσινη φωτιά. Το πρώτο ανάβει αφού ο κάτοχός του αποκοιμηθεί, και το δεύτερο αφού ο κάτοχός του πεθάνει."
shiplog:289,shiplog,,143,,I found a slide reel that appears to be some sort of error report. It shows an alarm bell failing to wake up one of the Stranger's inhabitants.,Βρήκα ένα καρούλι διαφανειών που μοιάζει με κάποιου είδους αναφορά σφάλματος. Δείχνει μια καμπάνα συναγερμού να μην καταφέρνει να ξυπνήσει έναν από τους κατοίκους του Ξένου.
shiplog:290,shiplog,,14,,Endless Canyon,Το Ατέλειωτο Φαράγγι
shiplog:291,shiplog,,123,,I rode a raft through the bottom of a massive canyon. It looks like there are buildings set into the cliff face high above.,"Ταξίδεψα με σχεδία στον πάτο ενός τεράστιου φαραγγιού. Ψηλά, στην πλαγιά του γκρεμού, φαίνονται κτίρια."
shiplog:292,shiplog,,102,,A massive canyon that stretches into the distance. A candlelit lodge is built into the far cliff face.,Ένα τεράστιο φαράγγι που εκτείνεται ως τον ορίζοντα. Στον απέναντι γκρεμό είναι χτισμένο ένα οίκημα φωτισμένο με κεριά.
shiplog:293,shiplog,,65,,I found a mural of a large tree on the bottom floor of the lodge.,Βρήκα μια τοιχογραφία με ένα μεγάλο δέντρο στο ισόγειο του οικήματος.
shiplog:294,shiplog,,12,,Secret Mural,Η Μυστική Τοιχογραφία
shiplog:295,shiplog,,243,,"The reel I found in the slide burning room shows a container marked with a glowing symbol being handed to a shadowy figure. The lights are extinguished, and the figure carries the container into a secret passage behind a mural of a large tree.",Το καρούλι που βρήκα στην αίθουσα καύσης διαφανειών δείχνει ένα δοχείο σημαδεμένο με ένα φωτεινό σύμβολο να δίνεται σε μια σκιώδη μορφή. Τα φώτα σβήνουν και η μορφή μεταφέρει το δοχείο σε ένα μυστικό πέρασμα πίσω από μια τοιχογραφία με ένα μεγάλο δέντρο.
shiplog:296,shiplog,,100,,I found a slide reel that shows the Stranger's inhabitants congregating around a strange green fire.,Βρήκα ένα καρούλι διαφανειών που δείχνει τους κατοίκους του Ξένου να συγκεντρώνονται γύρω από μια παράξενη πράσινη φωτιά.
shiplog:297,shiplog,,87,,Intact slides reveal the creation of a simulated reality modeled after their home moon.,"Ανέπαφες διαφάνειες αποκαλύπτουν τη δημιουργία μιας προσομοιωμένης πραγματικότητας, φτιαγμένης κατ’ εικόνα του φεγγαριού της πατρίδας τους."
shiplog:298,shiplog,,189,,I found a slide reel that appears to be some sort of error report. It shows one of the Stranger's inhabitants dropping their artifact on the ground and walking beyond its projection radius.,Βρήκα ένα καρούλι διαφανειών που μοιάζει με κάποιου είδους αναφορά σφάλματος. Δείχνει έναν από τους κατοίκους του Ξένου να αφήνει το τεχνούργημά του στο έδαφος και να απομακρύνεται πέρα από την ακτίνα προβολής του.
shiplog:299,shiplog,,12,,Chert’s Camp,Η Κατασκήνωση του Τσερτ
shiplog:300,shiplog,,70,,Chert has set up their astronomy gear on the north pole of Ember Twin.,Ο Τσερτ έχει στήσει τον αστρονομικό του εξοπλισμό στον βόρειο πόλο του Διδύμου της Χόβολης.
shiplog:301,shiplog,,66,,Chert has spotted an unusually high number of supernovae recently.,Ο Τσερτ έχει εντοπίσει ασυνήθιστα πολλές σουπερνόβα τον τελευταίο καιρό.
shiplog:302,shiplog,,62,,"All of the stars in the universe are dying, including our sun.","Όλα τα αστέρια στο σύμπαν πεθαίνουν, ακόμη και ο ήλιος μας."
shiplog:303,shiplog,,88,,The stars are simply dying from old age. Apparently they're much older than we realized.,"Τα αστέρια απλώς πεθαίνουν από γηρατειά. Προφανώς είναι πολύ πιο ηλικιωμένα απ’ ό,τι νομίζαμε."
shiplog:304,shiplog,,67,,Chert has become catatonic in response to our sun's imminent death.,Ο Τσερτ έχει πέσει σε κατατονία μπροστά στον επικείμενο θάνατο του ήλιου μας.
shiplog:305,shiplog,,20,,Quantum Moon Locator,Εντοπιστής της Κβαντικής Σελήνης
shiplog:306,shiplog,,60,,A Nomai device created to track the Quantum Moon's location.,Μια νομαϊκή συσκευή φτιαγμένη για να παρακολουθεί τη θέση της Κβαντικής Σελήνης.
shiplog:307,shiplog,,94,,The Nomai hypothesized that the Quantum Moon might be a form of macroscopic quantum mechanics.,Οι Νομάι υπέθεσαν ότι η Κβαντική Σελήνη μπορεί να είναι μια μορφή μακροσκοπικής κβαντομηχανικής.
shiplog:308,shiplog,,54,,The Quantum Moon travels to a total of five locations.,Η Κβαντική Σελήνη ταξιδεύει συνολικά σε πέντε τοποθεσίες.
shiplog:309,shiplog,,105,,The Nomai shuttle that's frozen on the Interloper can be called home to the gravity cannon on Ember Twin.,Η νομαϊκή άκατος που είναι παγωμένη πάνω στο Ιντερλόουπερ μπορεί να ανακληθεί στο κανόνι βαρύτητας του Διδύμου της Χόβολης.
shiplog:310,shiplog,,47,,I recalled a Nomai shuttle from the Interloper.,Ανακάλεσα μια νομαϊκή άκατο από το Ιντερλόουπερ.
shiplog:311,shiplog,,12,,Escape Pod 2,Κάψουλα Διαφυγής 2
shiplog:312,shiplog,,10,,Escape Pod,Κάψουλα Διαφυγής
shiplog:313,shiplog,,75,,One of the three Nomai escape pods landed somewhere on the Hourglass Twins.,Μία από τις τρεις νομαϊκές κάψουλες διαφυγής προσγειώθηκε κάπου στους Διδύμους της Κλεψύδρας.
shiplog:314,shiplog,,15,,Nomai Shipwreck,Νομαϊκό Ναυάγιο
shiplog:315,shiplog,,112,,Chert saw a Nomai shipwreck shooting a beam of light into the sky somewhere on Ember Twin's southern hemisphere.,"Ο Τσερτ είδε ένα νομαϊκό ναυάγιο να εκπέμπει μια δέσμη φωτός προς τον ουρανό, κάπου στο νότιο ημισφαίριο του Διδύμου της Χόβολης."
shiplog:316,shiplog,,64,,One of three Nomai escape pods that crashed in our solar system.,Μία από τις τρεις νομαϊκές κάψουλες διαφυγής που συνετρίβησαν στο ηλιακό μας σύστημα.
shiplog:317,shiplog,,94,,"All three escape pods were launched from something called the Vessel, which was badly damaged.","Και οι τρεις κάψουλες διαφυγής εκτοξεύτηκαν από κάτι που ονομαζόταν Σκάφος, το οποίο είχε υποστεί σοβαρές ζημιές."
shiplog:318,shiplog,,15,,High Energy Lab,Εργαστήριο Υψηλών Ενεργειών
shiplog:319,shiplog,,150,,The negative time interval measured at the White Hole Station was further investigated at the High Energy Lab (in the canyon at Ember Twin’s equator).,"Το αρνητικό χρονικό διάστημα που μετρήθηκε στον Σταθμό της Λευκής Τρύπας διερευνήθηκε περαιτέρω στο Εργαστήριο Υψηλών Ενεργειών (στο φαράγγι, στον ισημερινό του Διδύμου της Χόβολης)."
shiplog:320,shiplog,,116,,"The Ash Twin Project was planned at the High Energy Lab, a building with large solar panels on Ember Twin’s equator.","Το Πρότζεκτ του Διδύμου της Στάχτης σχεδιάστηκε στο Εργαστήριο Υψηλών Ενεργειών, ένα κτίριο με μεγάλα ηλιακά πάνελ στον ισημερινό του Διδύμου της Χόβολης."
shiplog:321,shiplog,,73,,The High Energy Lab can only be accessed by a path from the Sunless City.,Στο Εργαστήριο Υψηλών Ενεργειών φτάνει κανείς μόνο από ένα μονοπάτι που ξεκινά από την Ανήλιαγη Πόλη.
shiplog:322,shiplog,,149,,The Nomai successfully reproduced the temporal anomaly first observed at the White Hole Station (warped objects appear to arrive before they depart).,Οι Νομάι αναπαρήγαγαν με επιτυχία τη χρονική ανωμαλία που παρατηρήθηκε πρώτη φορά στον Σταθμό της Λευκής Τρύπας (τα αντικείμενα που υφίστανται στρέβλωση φαίνεται να φτάνουν πριν αναχωρήσουν).
shiplog:323,shiplog,,133,,The Nomai discovered they could increase the negative time interval between arrival and departure by adding energy to the warp cores.,Οι Νομάι ανακάλυψαν ότι μπορούσαν να αυξήσουν το αρνητικό χρονικό διάστημα ανάμεσα στην άφιξη και την αναχώρηση προσθέτοντας ενέργεια στους πυρήνες στρέβλωσης.
shiplog:324,shiplog,,267,,The Nomai wanted to know if a 22-minute negative time interval was possible. They concluded it would require new technology to produce the necessary energy as well as an advanced warp core to handle those energies. Ash Twin was proposed as a location for the project.,"Οι Νομάι ήθελαν να μάθουν αν ήταν εφικτό ένα αρνητικό χρονικό διάστημα 22 λεπτών. Κατέληξαν ότι θα απαιτούσε νέα τεχνολογία για την παραγωγή της αναγκαίας ενέργειας, καθώς και έναν προηγμένο πυρήνα στρέβλωσης ικανό να τη διαχειριστεί. Ο Δίδυμος της Στάχτης προτάθηκε ως τοποθεσία για το εγχείρημα."
shiplog:325,shiplog,,22,,Ash Twin Tower Designs,Σχέδια των Πύργων του Διδύμου της Στάχτης
shiplog:326,shiplog,,89,,There are tower designs in the High Energy Lab that reveal each warp receiver's location.,Στο Εργαστήριο Υψηλών Ενεργειών υπάρχουν σχέδια πύργων που αποκαλύπτουν τη θέση κάθε δέκτη στρέβλωσης.
shiplog:327,shiplog,,53,,Designs for each of the towers on Ash Twin's equator.,Σχέδια για καθέναν από τους πύργους στον ισημερινό του Διδύμου της Στάχτης.
shiplog:328,shiplog,,118,,Each tower warps to a different planet (although many Nomai were quick to note that the sun is not actually a planet).,Κάθε πύργος κάνει στρέβλωση προς διαφορετικό πλανήτη (αν και αρκετοί Νομάι έσπευσαν να σημειώσουν ότι ο ήλιος δεν είναι στην πραγματικότητα πλανήτης).
shiplog:329,shiplog,,65,,Each tower was designed to visually reflect its warp destination.,Κάθε πύργος σχεδιάστηκε ώστε να αντικατοπτρίζει οπτικά τον προορισμό στον οποίο οδηγεί.
shiplog:330,shiplog,,120,,The towers allowed the Nomai to quickly travel between Ash Twin and all other locations crucial to the Ash Twin Project.,Οι πύργοι επέτρεπαν στους Νομάι να ταξιδεύουν γρήγορα ανάμεσα στον Δίδυμο της Στάχτης και σε όλες τις άλλες τοποθεσίες που ήταν κρίσιμες για το Πρότζεκτ του Διδύμου της Στάχτης.
shiplog:331,shiplog,,16,,The Sunless City,Η Ανήλιαγη Πόλη
shiplog:332,shiplog,,116,,The Nomai survivors who crashed on Ember Twin decided to seek shelter in the caves beneath their crashed escape pod.,Οι Νομάι που επέζησαν από τη συντριβή στον Δίδυμο της Χόβολης αποφάσισαν να αναζητήσουν καταφύγιο στις σπηλιές κάτω από την πεσμένη κάψουλα διαφυγής τους.
shiplog:333,shiplog,,113,,The Nomai discovered a promising long-term shelter site at the end of one of the passages beneath the escape pod.,Οι Νομάι ανακάλυψαν έναν πολλά υποσχόμενο χώρο για μόνιμο καταφύγιο στο τέλος μιας από τις διόδους κάτω από την κάψουλα διαφυγής.
shiplog:334,shiplog,,22,,Underground Settlement,Υπόγειος Οικισμός
shiplog:335,shiplog,,93,,Chert thinks the lack of surface ruins means the Nomai must have lived somewhere underground.,Ο Τσερτ πιστεύει ότι η απουσία ερειπίων στην επιφάνεια σημαίνει πως οι Νομάι πρέπει να ζούσαν κάπου υπόγεια.
shiplog:336,shiplog,,69,,There is a path leading to the High Energy Lab from the Sunless City.,Υπάρχει ένα μονοπάτι που οδηγεί από την Ανήλιαγη Πόλη στο Εργαστήριο Υψηλών Ενεργειών.
shiplog:337,shiplog,,72,,"I found a trailmarker for the the Sunless City, but the path is blocked.","Βρήκα έναν δείκτη μονοπατιού για την Ανήλιαγη Πόλη, αλλά ο δρόμος είναι κλειστός."
shiplog:338,shiplog,,115,,A Nomai city built into the walls of a huge underground cavern. The city is divided vertically into four districts.,Μια νομαϊκή πόλη χτισμένη στα τοιχώματα ενός τεράστιου υπόγειου σπηλαίου. Η πόλη χωρίζεται κάθετα σε τέσσερις συνοικίες.
shiplog:339,shiplog,,194,,"The Nomai debated building a Sun Station in order to power the Ash Twin Project. Several Nomai opposed its construction, arguing that failure could result in the destruction of the solar system.","Οι Νομάι συζήτησαν την κατασκευή ενός Ηλιακού Σταθμού για να τροφοδοτήσει το Πρότζεκτ του Διδύμου της Στάχτης. Αρκετοί Νομάι αντιτάχθηκαν, υποστηρίζοντας ότι μια αποτυχία θα μπορούσε να καταστρέψει το ηλιακό σύστημα."
shiplog:340,shiplog,,173,,"The Nomai traveled to this solar system in pursuit of a signal from something older than the universe itself. They named the source of this signal the ""Eye of the universe.""",Οι Νομάι ταξίδεψαν σε αυτό το ηλιακό σύστημα κυνηγώντας ένα σήμα από κάτι αρχαιότερο από το ίδιο το σύμπαν. Ονόμασαν την πηγή αυτού του σήματος «Μάτι του σύμπαντος».
shiplog:341,shiplog,,17,,Anglerfish Fossil,Απολίθωμα Βατραχόψαρου
shiplog:342,shiplog,,97,,"I found a cave with an anglerfish fossil inside, but the opening is only big enough for my scout.","Βρήκα μια σπηλιά με ένα απολίθωμα βατραχόψαρου μέσα, αλλά το άνοιγμα χωράει μόνο τον ανιχνευτή μου."
shiplog:343,shiplog,,126,,"The Nomai learned how to evade anglerfish (theoretically, at least) by studying an anglerfish fossil they found on Ember Twin.",Οι Νομάι έμαθαν πώς να ξεφεύγουν από τα βατραχόψαρα (θεωρητικά τουλάχιστον) μελετώντας ένα απολίθωμα βατραχόψαρου που βρήκαν στον Δίδυμο της Χόβολης.
shiplog:344,shiplog,,16,,Fossil Fish Cave,Η Σπηλιά του Απολιθωμένου Ψαριού
shiplog:345,shiplog,,122,,Nomai children used to play a game in Fossil Fish Cave. There is a way to enter Fossil Fish Cave from Stepping Stone Cave.,Τα παιδιά των Νομάι έπαιζαν κάποτε ένα παιχνίδι στη Σπηλιά του Απολιθωμένου Ψαριού. Υπάρχει τρόπος να μπεις εκεί από τη Σπηλιά των Σκαλοπατιών.
shiplog:346,shiplog,,96,,The entrance from Stepping Stone Cave is hard to see unless the anglerfish is fed a light first.,"Η είσοδος από τη Σπηλιά των Σκαλοπατιών δύσκολα διακρίνεται, εκτός αν ταΐσεις πρώτα το βατραχόψαρο με ένα φως."
shiplog:347,shiplog,,244,,"Nomai children used to play a game here. One player was the anglerfish and wore a blindfold. The rest of the children (the littlefish) lined up against one wall. When the anglerfish said go, the littlefish had to sneak across to the other side.","Τα παιδιά των Νομάι έπαιζαν εδώ ένα παιχνίδι. Ένας παίκτης ήταν το βατραχόψαρο και φορούσε δεμένα τα μάτια. Τα υπόλοιπα παιδιά (τα ψαράκια) παρατάσσονταν στον έναν τοίχο. Όταν το βατραχόψαρο έδινε το σύνθημα, τα ψαράκια έπρεπε να περάσουν κρυφά στην απέναντι πλευρά."
shiplog:348,shiplog,,63,,The blindfold rule was added because real anglerfish are blind.,Ο κανόνας με τα δεμένα μάτια προστέθηκε επειδή τα αληθινά βατραχόψαρα είναι τυφλά.
shiplog:349,shiplog,,100,,The adult Nomai were delighted to see the children incorporate their research into the game's rules.,Οι ενήλικες Νομάι χάρηκαν πολύ που είδαν τα παιδιά να ενσωματώνουν την έρευνά τους στους κανόνες του παιχνιδιού.
shiplog:350,shiplog,,13,,Quantum Caves,Κβαντικές Σπηλιές
shiplog:351,shiplog,,81,,The Nomai detected a quantum signal coming from somewhere on the Hourglass Twins.,Οι Νομάι εντόπισαν ένα κβαντικό σήμα να έρχεται από κάπου στους Διδύμους της Κλεψύδρας.
shiplog:352,shiplog,,111,,The Nomai noticed a strange wandering rock that appeared in multiple caves on Ember Twin’s northern hemisphere.,Οι Νομάι πρόσεξαν έναν παράξενο βράχο που περιπλανιόταν και εμφανιζόταν σε πολλές σπηλιές στο βόρειο ημισφαίριο του Διδύμου της Χόβολης.
shiplog:353,shiplog,,119,,I found a strange rock shard that moves when I’m not watching. It emits a signal on the Quantum Fluctuations frequency.,Βρήκα ένα παράξενο θραύσμα βράχου που μετακινείται όταν δεν το κοιτάζω. Εκπέμπει σήμα στη συχνότητα των Κβαντικών Διακυμάνσεων.
shiplog:354,shiplog,,12,,Lakebed Cave,Η Σπηλιά του Βυθού της Λίμνης
shiplog:355,shiplog,,107,,The wandering rock was first spotted in a cave at the bottom of the dry lakebed at Ember Twin’s north pole.,"Ο περιπλανώμενος βράχος εντοπίστηκε για πρώτη φορά σε μια σπηλιά στον πάτο της στεγνής λίμνης, στον βόρειο πόλο του Διδύμου της Χόβολης."
shiplog:356,shiplog,,115,,A Nomai named Coleus mysteriously vanished from a cave at the bottom of the dry lakebed at Ember Twin’s north pole.,"Ένας Νομάι που τον έλεγαν Κόλεους εξαφανίστηκε μυστηριωδώς από μια σπηλιά στον πάτο της στεγνής λίμνης, στον βόρειο πόλο του Διδύμου της Χόβολης."
shiplog:357,shiplog,,155,,"A Nomai named Coleus was standing on the wandering rock when another Nomai's lantern died. When they relit the lantern, Coleus and the rock were both gone.","Ένας Νομάι που τον έλεγαν Κόλεους στεκόταν πάνω στον περιπλανώμενο βράχο όταν έσβησε το φανάρι ενός άλλου Νομάι. Όταν το ξανάναψαν, ο Κόλεους και ο βράχος είχαν και οι δύο χαθεί."
shiplog:358,shiplog,,206,,"To travel with a quantum object, I must stand on the object and cease to observe my surroundings (meaning I must be in complete darkness). Coleus used this quantum rule to escape the cave he was trapped in.","Για να ταξιδέψω μαζί με ένα κβαντικό αντικείμενο, πρέπει να στέκομαι πάνω του και να πάψω να παρατηρώ το περιβάλλον μου (δηλαδή να βρίσκομαι σε απόλυτο σκοτάδι). Ο Κόλεους χρησιμοποίησε αυτόν τον κβαντικό κανόνα για να δραπετεύσει από τη σπηλιά όπου είχε παγιδευτεί."
shiplog:359,shiplog,,260,,"Coleus and Melorae returned to examine the rock. They theorized that when a conscious being is in contact with a quantum object and ceases to observe his or her surroundings, the being can become entangled with that quantum object, and they both move together.","Ο Κόλεους και η Μελόρε επέστρεψαν για να εξετάσουν τον βράχο. Θεώρησαν ότι όταν ένα συνειδητό ον βρίσκεται σε επαφή με ένα κβαντικό αντικείμενο και πάψει να παρατηρεί το περιβάλλον του, μπορεί να διεμπλακεί με αυτό το αντικείμενο, και τότε κινούνται μαζί."
shiplog:360,shiplog,,20,,Frozen Nomai Shuttle,Παγωμένη Νομαϊκή Άκατος
shiplog:361,shiplog,,57,,I found a Nomai shuttle almost completely encased in ice.,Βρήκα μια νομαϊκή άκατο σχεδόν ολόκληρη εγκλωβισμένη στον πάγο.
shiplog:362,shiplog,,179,,The Nomai landed on the Interloper not long after its arrival in the solar system. The shuttle's equipment heard strange energy readings coming from somewhere beneath the surface.,Οι Νομάι προσγειώθηκαν στο Ιντερλόουπερ λίγο μετά την άφιξή του στο ηλιακό σύστημα. Ο εξοπλισμός της ακάτου άκουσε παράξενες ενδείξεις ενέργειας να έρχονται από κάπου κάτω από την επιφάνεια.
shiplog:363,shiplog,,138,,There were three Nomai aboard the shuttle. One of them stayed behind to keep the shuttle warm while the other two explored the Interloper.,"Στην άκατο βρίσκονταν τρεις Νομάι. Ένας από αυτούς έμεινε πίσω για να κρατά την άκατο ζεστή, ενώ οι άλλοι δύο εξερεύνησαν το Ιντερλόουπερ."
shiplog:364,shiplog,,120,,"Clary, the Nomai who stayed behind, lost contact with the other two after they descended below the Interloper's surface.","Η Κλάρυ, η Νομάι που έμεινε πίσω, έχασε την επαφή με τους άλλους δύο αφότου κατέβηκαν κάτω από την επιφάνεια του Ιντερλόουπερ."
shiplog:365,shiplog,,13,,Ruptured Core,Ο Ραγισμένος Πυρήνας
shiplog:366,shiplog,,26,,Subsurface Energy Readings,Ενδείξεις Ενέργειας κάτω από την Επιφάνεια
shiplog:367,shiplog,,96,,The shuttle's equipment heard strange energy readings coming from somewhere beneath the surface.,Ο εξοπλισμός της ακάτου άκουσε παράξενες ενδείξεις ενέργειας να έρχονται από κάπου κάτω από την επιφάνεια.
shiplog:368,shiplog,,117,,Two of the Nomai located a fissure in the ice on the Interloper’s sunward side. They descended inside to investigate.,"Δύο από τους Νομάι εντόπισαν ένα ρήγμα στον πάγο, στην πλευρά του Ιντερλόουπερ που βλέπει προς τον ήλιο. Κατέβηκαν μέσα για να ερευνήσουν."
shiplog:369,shiplog,,130,,I found the two missing members of the Nomai shuttle crew near a large ruptured stone that looks like it exploded from the inside.,"Βρήκα τα δύο μέλη του πληρώματος της νομαϊκής ακάτου που αγνοούνταν, κοντά σε μια μεγάλη ραγισμένη πέτρα που μοιάζει να εξερράγη από μέσα."
shiplog:370,shiplog,,112,,The Nomai traced the strange energy readings to a spherical stone casing filled with some form of exotic matter.,Οι Νομάι εντόπισαν την πηγή των παράξενων ενδείξεων ενέργειας σε ένα σφαιρικό πέτρινο περίβλημα γεμάτο με κάποια μορφή εξωτικής ύλης.
shiplog:371,shiplog,,217,,"They determined the exotic matter was both lethal and under extreme pressure. If the stone were to rupture, the exotic matter within would rapidly expand, completely blanketing the solar system almost instantaneously.","Διαπίστωσαν ότι η εξωτική ύλη ήταν θανατηφόρα και υπό ακραία πίεση. Αν η πέτρα έσπαγε, η ύλη μέσα της θα διαστελλόταν ραγδαία και θα σκέπαζε ολόκληρο το ηλιακό σύστημα σχεδόν ακαριαία."
shiplog:372,shiplog,,132,,One of the Nomai stayed behind to examine the alien matter while the other rushed back to the surface to warn the rest of the Nomai.,"Ένας από τους Νομάι έμεινε πίσω για να εξετάσει την ξένη ύλη, ενώ ο άλλος έτρεξε πίσω στην επιφάνεια για να προειδοποιήσει τους υπόλοιπους."
shiplog:373,shiplog,,12,,Ocean Depths,Τα Βάθη του Ωκεανού
shiplog:374,shiplog,,115,,Gabbro says there’s a strong current beneath the surface of the ocean that prevents anything from sinking below it.,"Ο Γκάμπρο λέει ότι υπάρχει ένα ισχυρό ρεύμα κάτω από την επιφάνεια του ωκεανού, που εμποδίζει οτιδήποτε να βυθιστεί πιο κάτω."
shiplog:375,shiplog,,133,,"The Nomai on the Construction Yard saw something sink beneath the underwater current, which they'd previously thought was impossible.","Οι Νομάι στο Εργοτάξιο είδαν κάτι να βυθίζεται κάτω από το υποβρύχιο ρεύμα, κάτι που ως τότε θεωρούσαν αδύνατο."
shiplog:376,shiplog,,55,,Feldspar found a way to reach the core of Giant’s Deep.,Ο Φέλντσπαρ βρήκε τρόπο να φτάσει στον πυρήνα του Τζάιαντς Ντιπ.
shiplog:377,shiplog,,110,,The ocean is surprisingly calm beneath the current. Some sort of electrical field surrounds the planet's core.,Ο ωκεανός είναι εκπληκτικά ήρεμος κάτω από το ρεύμα. Κάποιου είδους ηλεκτρικό πεδίο περιβάλλει τον πυρήνα του πλανήτη.
shiplog:378,shiplog,,88,,I passed through the electric barrier and reached the coral forest at the planet's core.,Πέρασα μέσα από το ηλεκτρικό φράγμα και έφτασα στο κοραλλιογενές δάσος στον πυρήνα του πλανήτη.
shiplog:379,shiplog,,15,,Gabbro’s Island,Το Νησί του Γκάμπρο
shiplog:380,shiplog,,6,,Gabbro,Γκάμπρο
shiplog:381,shiplog,,105,,Hal says Gabbro went back to Giant’s Deep to try to learn more about the Nomai statue in the observatory.,Ο Χαλ λέει ότι ο Γκάμπρο γύρισε στον Τζάιαντς Ντιπ για να μάθει περισσότερα για το άγαλμα των Νομάι στο παρατηρητήριο.
shiplog:382,shiplog,,56,,Gabbro is lounging in a hammock near the island’s shore.,Ο Γκάμπρο χαλαρώνει σε μια αιώρα κοντά στην ακτή του νησιού.
shiplog:383,shiplog,,135,,Gabbro found a Nomai statue on another island. The statue's eyes started glowing and Gabbro saw their memories flash before their eyes.,Ο Γκάμπρο βρήκε ένα άγαλμα των Νομάι σε ένα άλλο νησί. Τα μάτια του αγάλματος άρχισαν να λάμπουν και ο Γκάμπρο είδε τις αναμνήσεις του να περνούν αστραπιαία μπροστά του.
shiplog:384,shiplog,,108,,"Gabbro remembers dying. They saw their memories flash before their eyes, just like the time with the statue.","Ο Γκάμπρο θυμάται ότι πέθανε. Είδε τις αναμνήσεις του να περνούν αστραπιαία μπροστά του, όπως τότε με το άγαλμα."
shiplog:385,shiplog,,70,,Gabbro and I seem to be the only ones aware that we're in a time loop.,Ο Γκάμπρο κι εγώ φαίνεται να είμαστε οι μόνοι που ξέρουμε ότι βρισκόμαστε σε χρονικό βρόχο.
shiplog:386,shiplog,,17,,Construction Yard,Εργοτάξιο
shiplog:387,shiplog,,80,,The Nomai built the Orbital Probe Cannon at a Construction Yard on Giant’s Deep.,Οι Νομάι κατασκεύασαν το Τροχιακό Κανόνι Βολίδας σε ένα Εργοτάξιο πάνω στον Τζάιαντς Ντιπ.
shiplog:388,shiplog,,62,,This island is where the Nomai built the Orbital Probe Cannon.,Σε αυτό το νησί κατασκεύασαν οι Νομάι το Τροχιακό Κανόνι Βολίδας.
shiplog:389,shiplog,,111,,"For some reason, the Nomai put the Orbital Probe Cannon on indefinite hiatus. The cannon was not asked to fire.","Για κάποιον λόγο, οι Νομάι έθεσαν το Τροχιακό Κανόνι Βολίδας σε αόριστη αναστολή. Δεν του ζητήθηκε ποτέ να πυροδοτήσει."
shiplog:390,shiplog,,102,,"According to a Nomai computer, a long-range probe was recently launched from the Orbital Probe Cannon.","Σύμφωνα με έναν νομαϊκό υπολογιστή, μια βολίδα μεγάλης εμβέλειας εκτοξεύτηκε πρόσφατα από το Τροχιακό Κανόνι Βολίδας."
shiplog:391,shiplog,,14,,Bramble Island,Το Νησί Μπραμπλ
shiplog:392,shiplog,,139,,An island of thorny vines and what appears to be a frozen jellyfish. It looks like Feldspar camped here before heading off to Dark Bramble.,Ένα νησί με αγκαθωτούς βλαστούς και κάτι που μοιάζει με παγωμένη μέδουσα. Φαίνεται πως ο Φέλντσπαρ κατασκήνωσε εδώ πριν φύγει για τον Νταρκ Μπραμπλ.
shiplog:393,shiplog,,13,,Statue Island,Το Νησί του Αγάλματος
shiplog:394,shiplog,,122,,One of the islands on Giant’s Deep has a Nomai statue on the beach just like the one Gabbro brought back to Timber Hearth.,"Ένα από τα νησιά του Τζάιαντς Ντιπ έχει στην παραλία του ένα άγαλμα των Νομάι, ίδιο με εκείνο που έφερε πίσω ο Γκάμπρο στο Τίμπερ Χαρθ."
shiplog:395,shiplog,,96,,Statue Island (as Gabbro calls it) is the one with two islands connected by a natural rock arch.,Το Νησί του Αγάλματος (έτσι το λέει ο Γκάμπρο) είναι εκείνο με τα δύο νησιά που ενώνονται με μια φυσική βραχώδη αψίδα.
shiplog:396,shiplog,,84,,This island must be where the Nomai created statues like the one in our observatory.,Σε αυτό το νησί πρέπει να έφτιαχναν οι Νομάι αγάλματα σαν αυτό στο παρατηρητήριό μας.
shiplog:397,shiplog,,89,,I found a Nomai statue lying on the beach. It looks just like the one in our observatory.,Βρήκα ένα άγαλμα των Νομάι πεσμένο στην παραλία. Μοιάζει ολόιδιο με εκείνο στο παρατηρητήριό μας.
shiplog:398,shiplog,,15,,Statue Workshop,Εργαστήρι Αγαλμάτων
shiplog:399,shiplog,,97,,"I found a sign for a ""Statue Workshop"" next to a broken door that used to lead inside the island.",Βρήκα μια πινακίδα «Εργαστήρι Αγαλμάτων» δίπλα σε μια σπασμένη πόρτα που κάποτε οδηγούσε στο εσωτερικό του νησιού.
shiplog:400,shiplog,,125,,Some Nomai children debated bypassing the Statue Workshop's door and sneaking inside via an alternate (more dangerous) route.,Κάποια παιδιά των Νομάι συζητούσαν να παρακάμψουν την πόρτα του Εργαστηρίου Αγαλμάτων και να τρυπώσουν από μια εναλλακτική (και πιο επικίνδυνη) διαδρομή.
shiplog:401,shiplog,,15,,Island Interior,Το Εσωτερικό του Νησιού
shiplog:402,shiplog,,116,,I can see into a large cave from one of the ruins on top of the island. The bottom of the cave is filled with water.,Από ένα από τα ερείπια στην κορυφή του νησιού βλέπω μέσα σε μια μεγάλη σπηλιά. Ο πάτος της είναι γεμάτος νερό.
shiplog:403,shiplog,,149,,"Nomai statues were designed to pair with a single user, record their memories, and send those memories to a storage unit within the Ash Twin Project.","Τα αγάλματα των Νομάι σχεδιάστηκαν ώστε να συνδέονται με έναν μόνο χρήστη, να καταγράφουν τις αναμνήσεις του και να τις στέλνουν σε μια μονάδα αποθήκευσης μέσα στο Πρότζεκτ του Διδύμου της Στάχτης."
shiplog:404,shiplog,,174,,"Each storage unit inside the Ash Twin Project was equipped with a mask (the statue’s counterpart), which could then send those stored memories back to the corresponding user.","Κάθε μονάδα αποθήκευσης μέσα στο Πρότζεκτ του Διδύμου της Στάχτης ήταν εξοπλισμένη με μια μάσκα (το αντίστοιχο του αγάλματος), που μπορούσε να στείλει τις αποθηκευμένες αναμνήσεις πίσω στον χρήστη."
shiplog:405,shiplog,,111,,"The statues were designed to only activate once the Ash Twin Project succeeded, or in the event that it failed.","Τα αγάλματα σχεδιάστηκαν να ενεργοποιηθούν μόνο όταν το Πρότζεκτ του Διδύμου της Στάχτης πετύχαινε, ή σε περίπτωση που αποτύγχανε."
shiplog:406,shiplog,,23,,Tower of Quantum Trials,Ο Πύργος των Κβαντικών Δοκιμασιών
shiplog:407,shiplog,,74,,The Nomai detected a Quantum signal coming from somewhere on Giant’s Deep.,Οι Νομάι εντόπισαν ένα κβαντικό σήμα να έρχεται από κάπου στον Τζάιαντς Ντιπ.
shiplog:408,shiplog,,82,,This tower held knowledge a Nomai needed to make his or her first quantum journey.,Αυτός ο πύργος φύλαγε τη γνώση που χρειαζόταν ένας Νομάι για το πρώτο του κβαντικό ταξίδι.
shiplog:409,shiplog,,89,,"""Observing a quantum object; observing an image of a quantum object. These are the same.""",«Να παρατηρείς ένα κβαντικό αντικείμενο· να παρατηρείς μια εικόνα ενός κβαντικού αντικειμένου. Αυτά είναι το ίδιο.»
shiplog:410,shiplog,,52,,"The Nomai called this the ""Rule of Quantum Imaging.""",Οι Νομάι το ονόμασαν «Κανόνα της Κβαντικής Απεικόνισης».
shiplog:411,shiplog,,65,,"""Remember, the other quantum shards have other lessons to teach.""","«Θυμήσου, τα άλλα κβαντικά θραύσματα έχουν άλλα μαθήματα να διδάξουν.»"
shiplog:412,shiplog,,12,,Quantum Moon,Κβαντική Σελήνη
shiplog:413,shiplog,,91,,The Nomai on Brittle Hollow observed a phantom moon that would sometimes appear in the sky.,Οι Νομάι στο Μπριτλ Χόλοου παρατήρησαν ένα φάντασμα φεγγαριού που εμφανιζόταν πότε πότε στον ουρανό.
shiplog:414,shiplog,,86,,The Nomai on Ember Twin observed a moon that would disappear when no one was watching.,Οι Νομάι στον Δίδυμο της Χόβολης παρατήρησαν ένα φεγγάρι που εξαφανιζόταν όταν δεν το κοιτούσε κανείς.
shiplog:415,shiplog,,59,,A Nomai named Solanum landed a shuttle on the Quantum Moon.,Μια Νομάι που την έλεγαν Σολάνουμ προσγείωσε μια άκατο στην Κβαντική Σελήνη.
shiplog:416,shiplog,,89,,Chert’s research notes mention a Quantum Moon that no Hearthian has been able to land on.,Οι ερευνητικές σημειώσεις του Τσερτ αναφέρουν μια Κβαντική Σελήνη στην οποία κανένας Χάρθιαν δεν κατάφερε ποτέ να προσγειωθεί.
shiplog:417,shiplog,,54,,I was able to land on the surface of the Quantum Moon.,Κατάφερα να προσγειωθώ στην επιφάνεια της Κβαντικής Σελήνης.
shiplog:418,shiplog,,57,,I found a dead Nomai in a space suit near the south pole.,Βρήκα μια νεκρή Νομάι με διαστημική στολή κοντά στον νότιο πόλο.
shiplog:419,shiplog,,17,,Solanum's Shuttle,Η Άκατος της Σολάνουμ
shiplog:420,shiplog,,127,,A Nomai named Solanum landed her shuttle at the Quantum Moon's south pole and prepared to make the rest of the journey on foot.,Μια Νομάι που την έλεγαν Σολάνουμ προσγείωσε την άκατό της στον νότιο πόλο της Κβαντικής Σελήνης και ετοιμάστηκε να κάνει την υπόλοιπη διαδρομή με τα πόδια.
shiplog:421,shiplog,,96,,Visitors to the Quantum Moon always arrive at the south pole (for reasons unknown to the Nomai).,Όσοι επισκέπτονται την Κβαντική Σελήνη φτάνουν πάντα στον νότιο πόλο (για λόγους άγνωστους στους Νομάι).
shiplog:422,shiplog,,14,,Quantum Shrine,Κβαντικό Ιερό
shiplog:423,shiplog,,92,,The Nomai built a shrine on the Quantum Moon to aid in the pilgrimage to its sixth location.,Οι Νομάι έχτισαν ένα ιερό στην Κβαντική Σελήνη για να βοηθά στο προσκύνημα προς την έκτη τοποθεσία της.
shiplog:424,shiplog,,51,,A Nomai shrine that wanders about the Quantum Moon.,Ένα νομαϊκό ιερό που περιπλανιέται πάνω στην Κβαντική Σελήνη.
shiplog:425,shiplog,,101,,"""You have recalled the rule of quantum imaging"" is inscribed next to a mural of a tower on an island.",«Ανακάλεσες τον κανόνα της κβαντικής απεικόνισης» είναι χαραγμένο δίπλα σε μια τοιχογραφία με έναν πύργο σε ένα νησί.
shiplog:426,shiplog,,100,,"""Recall the rule of quantum entanglement"" is inscribed next to a mural of a quantum shard in a cave.",«Ανακάλεσε τον κανόνα της κβαντικής διεμπλοκής» είναι χαραγμένο δίπλα σε μια τοιχογραφία με ένα κβαντικό θραύσμα μέσα σε μια σπηλιά.
shiplog:427,shiplog,,107,,"""Recall the rule of the sixth location"" is inscribed next to a mural of a tower hanging above a black hole.",«Ανακάλεσε τον κανόνα της έκτης τοποθεσίας» είναι χαραγμένο δίπλα σε μια τοιχογραφία με έναν πύργο που κρέμεται πάνω από μια μαύρη τρύπα.
shiplog:428,shiplog,,14,,Sixth Location,Η Έκτη Τοποθεσία
shiplog:429,shiplog,,77,,"The Quantum Moon sometimes disappears, possibly to an unknown sixth location.","Η Κβαντική Σελήνη εξαφανίζεται πότε πότε, πιθανώς σε μια άγνωστη έκτη τοποθεσία."
shiplog:430,shiplog,,113,,Many Nomai went on a pilgrimage during which the Quantum Moon carried them to its sixth and most secret location.,Πολλοί Νομάι έκαναν ένα προσκύνημα κατά το οποίο η Κβαντική Σελήνη τους μετέφερε στην έκτη και πιο μυστική της τοποθεσία.
shiplog:431,shiplog,,95,,"To explore the sixth location, the shrine on the Quantum Moon must be on the moon’s north pole.","Για να εξερευνήσεις την έκτη τοποθεσία, το ιερό στην Κβαντική Σελήνη πρέπει να βρίσκεται στον βόρειο πόλο του φεγγαριού."
shiplog:432,shiplog,,53,,I met a living Nomai named Solanum at the south pole!,Συνάντησα μια ζωντανή Νομάι που τη λένε Σολάνουμ στον νότιο πόλο!
shiplog:433,shiplog,,51,,The Quantum Moon is the Eye of the universe's moon.,Η Κβαντική Σελήνη είναι το φεγγάρι του Ματιού του σύμπαντος.
shiplog:434,shiplog,,74,,"At this location, the Quantum Moon becomes a reflection of the Eye itself.","Σε αυτή την τοποθεσία, η Κβαντική Σελήνη γίνεται αντανάκλαση του ίδιου του Ματιού."
shiplog:435,shiplog,,86,,The Eye is likely the source of all macroscopic quantum phenomena in the solar system.,Το Μάτι είναι πιθανότατα η πηγή όλων των μακροσκοπικών κβαντικών φαινομένων στο ηλιακό σύστημα.
shiplog:436,shiplog,,79,,Solanum wonders what would happen if a concious observer were to enter the Eye.,Η Σολάνουμ αναρωτιέται τι θα συνέβαινε αν ένας συνειδητός παρατηρητής έμπαινε μέσα στο Μάτι.
shiplog:437,shiplog,,60,,Solanum has a hypothesis that she may not be entirely alive.,Η Σολάνουμ έχει την υπόθεση ότι ίσως δεν είναι εντελώς ζωντανή.
shiplog:438,shiplog,,11,,Sun Station,Ηλιακός Σταθμός
shiplog:439,shiplog,,65,,There is a way to safely travel to the Sun Station from Ash Twin.,Υπάρχει τρόπος να ταξιδέψεις με ασφάλεια στον Ηλιακό Σταθμό από τον Δίδυμο της Στάχτης.
shiplog:440,shiplog,,80,,The Nomai debated building a Sun Station in order to power the Ash Twin Project.,Οι Νομάι συζήτησαν την κατασκευή ενός Ηλιακού Σταθμού για να τροφοδοτήσει το Πρότζεκτ του Διδύμου της Στάχτης.
shiplog:441,shiplog,,94,,"The Nomai built something called the Sun Station, but not everyone supported its construction.","Οι Νομάι έχτισαν κάτι που ονόμαζαν Ηλιακό Σταθμό, αλλά δεν στήριζαν όλοι την κατασκευή του."
shiplog:442,shiplog,,58,,The Sun Station was designed to make the sun go supernova.,Ο Ηλιακός Σταθμός σχεδιάστηκε ώστε να κάνει τον ήλιο να γίνει σουπερνόβα.
shiplog:443,shiplog,,143,,The Nomai fired the Sun Station but it had no effect on the sun. They concluded that the Sun Station could never cause the sun to go supernova.,"Οι Νομάι πυροδότησαν τον Ηλιακό Σταθμό, αλλά δεν είχε καμία επίδραση στον ήλιο. Κατέληξαν ότι ο Ηλιακός Σταθμός δεν θα μπορούσε ποτέ να κάνει τον ήλιο να γίνει σουπερνόβα."
shiplog:444,shiplog,,100,,"After the failure of the Sun Station, the Nomai took a break to investigate the newly arrived comet.","Μετά την αποτυχία του Ηλιακού Σταθμού, οι Νομάι έκαναν ένα διάλειμμα για να ερευνήσουν τον κομήτη που μόλις είχε φτάσει."
shiplog:445,shiplog,,85,,"According to a Nomai computer, our sun has reached the end of its natural life cycle.","Σύμφωνα με έναν νομαϊκό υπολογιστή, ο ήλιος μας έχει φτάσει στο τέλος του φυσικού του κύκλου ζωής."
shiplog:446,shiplog,,12,,Esker’s Camp,Η Κατασκήνωση του Έσκερ
shiplog:447,shiplog,,98,,Sounds like Esker is still stationed on the Attlerock. They’ve been there by themself for a while.,"Απ’ ό,τι ακούγεται, ο Έσκερ βρίσκεται ακόμη στο Άτλροκ. Είναι εκεί ολομόναχος εδώ και καιρό."
shiplog:448,shiplog,,133,,"Esker is growing a crop of trees at their camp. They seemed to be doing ok, but they’ve probably been alone on the moon for too long.","Ο Έσκερ καλλιεργεί δέντρα στην κατασκήνωσή του. Έμοιαζε να είναι καλά, αλλά μάλλον έχει μείνει μόνος στο φεγγάρι για πάρα πολύ καιρό."
shiplog:449,shiplog,,13,,Lunar Lookout,Η Σεληνιακή Σκοπιά
shiplog:450,shiplog,,144,,Esker says the Attlerock’s north pole (marked in red on my minimap) is a great spot to listen for the other travelers’ music with a signalscope.,Ο Έσκερ λέει ότι ο βόρειος πόλος του Άτλροκ (σημειωμένος με κόκκινο στον μίνι χάρτη μου) είναι εξαιρετικό σημείο για να ακούσεις τη μουσική των άλλων ταξιδιωτών με σηματοσκόπιο.
shiplog:451,shiplog,,134,,A lookout platform with a spectacular view of the solar system. Esker uses their signalscope here to keep tabs on the other travelers.,Μια πλατφόρμα-σκοπιά με εντυπωσιακή θέα στο ηλιακό σύστημα. Ο Έσκερ χρησιμοποιεί εδώ το σηματοσκόπιό του για να παρακολουθεί τους άλλους ταξιδιώτες.
shiplog:452,shiplog,,18,,Eye Signal Locator,Εντοπιστής του Σήματος του Ματιού
shiplog:453,shiplog,,11,,Lunar Ruins,Σεληνιακά Ερείπια
shiplog:454,shiplog,,107,,I hear there are Nomai ruins somewhere on the Attlerock. No one knows what they are or why they were built.,Άκουσα ότι υπάρχουν νομαϊκά ερείπια κάπου στο Άτλροκ. Κανείς δεν ξέρει τι είναι ή γιατί χτίστηκαν.
shiplog:455,shiplog,,95,,The Nomai text in the observatory talks about calibrating some sort of device on the Attlerock.,Το νομαϊκό κείμενο στο παρατηρητήριο μιλά για τη βαθμονόμηση κάποιας συσκευής στο Άτλροκ.
shiplog:456,shiplog,,66,,A Nomai device created to pinpoint the sources of distant signals.,Μια νομαϊκή συσκευή φτιαγμένη για να εντοπίζει με ακρίβεια τις πηγές μακρινών σημάτων.
shiplog:457,shiplog,,110,,The Nomai were disappointed by their failure to detect a signal from something called the Eye of the universe.,Οι Νομάι απογοητεύτηκαν που δεν κατάφεραν να ανιχνεύσουν σήμα από κάτι που ονόμαζαν Μάτι του σύμπαντος.
shiplog:458,shiplog,,15,,Ash Twin Towers,Οι Πύργοι του Διδύμου της Στάχτης
shiplog:459,shiplog,,65,,Several large Nomai towers form a ring around Ash Twin's equator.,Αρκετοί μεγάλοι νομαϊκοί πύργοι σχηματίζουν δακτύλιο γύρω από τον ισημερινό του Διδύμου της Στάχτης.
shiplog:460,shiplog,,103,,"The White Hole Station was used as a model for these towers, which were built for the Ash Twin Project.","Ο Σταθμός της Λευκής Τρύπας χρησίμευσε ως πρότυπο για αυτούς τους πύργους, που χτίστηκαν για το Πρότζεκτ του Διδύμου της Στάχτης."
shiplog:461,shiplog,,16,,Ash Twin Project,Πρότζεκτ του Διδύμου της Στάχτης
shiplog:462,shiplog,,101,,The central chamber inside Ash Twin was physically sealed off by an immensely thick protective shell.,Ο κεντρικός θάλαμος μέσα στον Δίδυμο της Στάχτης σφραγίστηκε ερμητικά από ένα απίστευτα παχύ προστατευτικό κέλυφος.
shiplog:463,shiplog,,110,,The Nomai planned to construct technology capable of producing a 22-minute negative time interval on Ash Twin.,Οι Νομάι σχεδίαζαν να κατασκευάσουν στον Δίδυμο της Στάχτης τεχνολογία ικανή να παράγει αρνητικό χρονικό διάστημα 22 λεπτών.
shiplog:464,shiplog,,103,,Every memory recorded by a Nomai statue is transmitted to a corresponding storage unit within Ash Twin.,Κάθε ανάμνηση που καταγράφεται από ένα άγαλμα των Νομάι μεταδίδεται σε μια αντίστοιχη μονάδα αποθήκευσης μέσα στον Δίδυμο της Στάχτης.
shiplog:465,shiplog,,87,,An advanced warp core was approved for installation in the central chamber of Ash Twin.,Εγκρίθηκε η εγκατάσταση ενός προηγμένου πυρήνα στρέβλωσης στον κεντρικό θάλαμο του Διδύμου της Στάχτης.
shiplog:466,shiplog,,140,,A hollowed-out chamber inside Ash Twin. The energy cables from the surface are plugged into a protective casing at the center of the planet.,Ένας κοίλος θάλαμος μέσα στον Δίδυμο της Στάχτης. Τα ενεργειακά καλώδια από την επιφάνεια συνδέονται σε ένα προστατευτικό περίβλημα στο κέντρο του πλανήτη.
shiplog:467,shiplog,,177,,"There are eight monoliths with Nomai masks attached. Three of the masks are actively receiving data from the Probe Tracking Module, Giant's Deep, and Timber Hearth respectively.","Υπάρχουν οκτώ μονόλιθοι με προσαρτημένες νομαϊκές μάσκες. Τρεις από τις μάσκες λαμβάνουν ενεργά δεδομένα από τη Μονάδα Παρακολούθησης Βολίδας, τον Τζάιαντς Ντιπ και το Τίμπερ Χαρθ αντίστοιχα."
shiplog:468,shiplog,,174,,The Ash Twin Project was designed to use the energy from a supernova (triggered by the Sun Station) to send probe data from the Orbital Probe Cannon 22 minutes into the past.,Το Πρότζεκτ του Διδύμου της Στάχτης σχεδιάστηκε ώστε να χρησιμοποιήσει την ενέργεια μιας σουπερνόβα (που θα πυροδοτούσε ο Ηλιακός Σταθμός) για να στείλει τα δεδομένα της βολίδας από το Τροχιακό Κανόνι Βολίδας 22 λεπτά στο παρελθόν.
shiplog:469,shiplog,,119,,"The Sun Station did not work. Although the Ash Twin Project was theoretically sound, the Nomai were unable to power it.","Ο Ηλιακός Σταθμός δεν λειτούργησε. Παρόλο που το Πρότζεκτ του Διδύμου της Στάχτης ήταν θεωρητικά σωστό, οι Νομάι δεν κατάφεραν να το τροφοδοτήσουν."
shiplog:470,shiplog,,141,,There is an advanced warp core inside the protective casing at the center of the planet. Removing the core will disable the Ash Twin Project.,"Μέσα στο προστατευτικό περίβλημα, στο κέντρο του πλανήτη, υπάρχει ένας προηγμένος πυρήνας στρέβλωσης. Αν τον αφαιρέσω, το Πρότζεκτ του Διδύμου της Στάχτης θα απενεργοποιηθεί."
shiplog:471,shiplog,,21,,Volcanic Testing Site,Ηφαιστειακός Χώρος Δοκιμών
shiplog:472,shiplog,,99,,Ore samples from the Nomai Mines on Timber Hearth were sent to this volcano for durability testing.,Δείγματα μεταλλεύματος από τα Ορυχεία των Νομάι στο Τίμπερ Χαρθ στάλθηκαν σε αυτό το ηφαίστειο για δοκιμές αντοχής.
shiplog:473,shiplog,,96,,The Nomai were trying to craft a (briefly) supernova-proof shell to encase the Ash Twin Project.,"Οι Νομάι προσπαθούσαν να φτιάξουν ένα κέλυφος που θα άντεχε (για λίγο) σε σουπερνόβα, ώστε να περικλείσει το Πρότζεκτ του Διδύμου της Στάχτης."
shiplog:474,shiplog,,84,,Even the smallest crack or opening in the protective shell would destroy everything.,Ακόμη και η παραμικρή ρωγμή ή άνοιγμα στο προστατευτικό κέλυφος θα κατέστρεφε τα πάντα.
shiplog:475,shiplog,,18,,White Hole Station,Σταθμός της Λευκής Τρύπας
shiplog:476,shiplog,,79,,There is a White Hole Station on the other side of Brittle Hollow's black hole.,Υπάρχει ένας Σταθμός της Λευκής Τρύπας στην άλλη πλευρά της μαύρης τρύπας του Μπριτλ Χόλοου.
shiplog:477,shiplog,,109,,Several Nomai returned to the station to investigate an equipment reading that appeared to violate causality.,Αρκετοί Νομάι επέστρεψαν στον σταθμό για να ερευνήσουν μια ένδειξη του εξοπλισμού που φαινόταν να παραβιάζει την αιτιότητα.
shiplog:478,shiplog,,104,,The experiments at the High Energy Lab were based on extraordinary findings from the White Hole Station.,Τα πειράματα στο Εργαστήριο Υψηλών Ενεργειών βασίστηκαν σε εξαιρετικά ευρήματα από τον Σταθμό της Λευκής Τρύπας.
shiplog:479,shiplog,,65,,The towers on Ash Twin were modeled after the White Hole Station.,Οι πύργοι στον Δίδυμο της Στάχτης φτιάχτηκαν με πρότυπο τον Σταθμό της Λευκής Τρύπας.
shiplog:480,shiplog,,58,,Every Nomai warp tower is tuned to a specific astral body.,Κάθε νομαϊκός πύργος στρέβλωσης είναι συντονισμένος με ένα συγκεκριμένο ουράνιο σώμα.
shiplog:481,shiplog,,188,,"To use a tower, you must be standing on the warp platform during the tower's alignment with its corresponding astral body (the alignment happens when the astral body is directly overhead).","Για να χρησιμοποιήσεις έναν πύργο, πρέπει να στέκεσαι στην πλάκα στρέβλωσης τη στιγμή που ο πύργος ευθυγραμμίζεται με το αντίστοιχο ουράνιο σώμα (η ευθυγράμμιση γίνεται όταν το ουράνιο σώμα βρίσκεται ακριβώς από πάνω)."
shiplog:482,shiplog,,158,,The Nomai noticed something strange: Warped objects appeared to arrive at the receiver on Brittle Hollow slightly before they departed the White Hole Station.,Οι Νομάι πρόσεξαν κάτι παράξενο: τα αντικείμενα που υφίσταντο στρέβλωση έμοιαζαν να φτάνουν στον δέκτη του Μπριτλ Χόλοου ελάχιστα πριν αναχωρήσουν από τον Σταθμό της Λευκής Τρύπας.
shiplog:483,shiplog,,231,,This negative time interval between an object arriving and departing was incredibly miniscule (roughly one hundred-thousandth of a second). The Nomai were skeptical if their equipment could even measure time to such a small degree.,Αυτό το αρνητικό χρονικό διάστημα ανάμεσα στην άφιξη και την αναχώρηση ενός αντικειμένου ήταν απίστευτα μικροσκοπικό (περίπου ένα εκατοστό του χιλιοστού του δευτερολέπτου). Οι Νομάι αμφέβαλλαν αν ο εξοπλισμός τους μπορούσε καν να μετρήσει τον χρόνο με τέτοια ακρίβεια.
ui:1,ui,,17,CAPS,RESUME EXPEDITION,ΣΥΝΕΧΕΙΑ ΑΠΟΣΤΟΛΗΣ
ui:2,ui,,14,CAPS,NEW EXPEDITION,ΝΕΑ ΑΠΟΣΤΟΛΗ
ui:3,ui,,4,CAPS,QUIT,ΕΞΟΔΟΣ
ui:4,ui,,14,CAPS,PLAYER PROFILE,ΠΡΟΦΙΛ ΠΑΙΚΤΗ
ui:5,ui,,7,CAPS,OPTIONS,ΕΠΙΛΟΓΕΣ
ui:6,ui,,12,CAPS,VIEW CREDITS,ΣΥΝΤΕΛΕΣΤΕΣ
ui:7,ui,,3,CAPS,YES,ΝΑΙ
ui:8,ui,,2,,NO,ΟΧΙ
ui:9,ui,,6,CAPS,PRESET,ΠΡΟΕΠΙΛΟΓΗ
ui:10,ui,,16,,Confirm changes?,Επιβεβαίωση αλλαγών;
ui:11,ui,CURRENT PROFILE,16,CAPS,CURRENT PROFILE:,ΤΡΕΧΟΝ ΠΡΟΦΙΛ:
ui:12,ui,,18,CAPS,CREATE NEW PROFILE,ΔΗΜΙΟΥΡΓΙΑ ΝΕΟΥ ΠΡΟΦΙΛ
ui:13,ui,,14,CAPS,DELETE PROFILE,ΔΙΑΓΡΑΦΗ ΠΡΟΦΙΛ
ui:14,ui,,9,CAPS,SWITCH TO,ΑΛΛΑΓΗ ΣΕ
ui:15,ui,,10,CAPS,RESET GAME,ΕΠΑΝΑΦΟΡΑ ΠΑΙΧΝΙΔΙΟΥ
ui:16,ui,,44,,Are you sure? This will delete all progress.,Σίγουρα; Θα διαγραφεί όλη η πρόοδος.
ui:17,ui,,13,,Are you sure?,Σίγουρα;
ui:18,ui,,4,CAPS,BACK,ΠΙΣΩ
ui:19,ui,,7,,Enabled,Ενεργό
ui:20,ui,,8,,Disabled,Ανενεργό
ui:21,ui,,8,CAPS,GAMEPLAY,ΠΑΙΧΝΙΔΙ
ui:22,ui,,5,CAPS,INPUT,ΧΕΙΡΙΣΜΟΣ
ui:23,ui,,8,CAPS,GRAPHICS,ΓΡΑΦΙΚΑ
ui:24,ui,,10,CAPS,TEXT/AUDIO,ΚΕΙΜΕΝΟ/ΗΧΟΣ
ui:25,ui,,4,,Auto,Αυτόματο
ui:26,ui,,6,,Manual,Χειροκίνητο
ui:27,ui,,4,,Show,Εμφάνιση
ui:28,ui,,4,,Hide,Απόκρυψη
ui:29,ui,,8,,Settings,Ρυθμίσεις
ui:30,ui,,16,,Default Settings,Προεπιλεγμένες ρυθμίσεις
ui:31,ui,,16,,Full Screen Mode,Λειτουργία πλήρους οθόνης
ui:32,ui,,7,,Monitor,Οθόνη
ui:33,ui,,12,,Aspect Ratio,Αναλογία οθόνης
ui:34,ui,,10,,Resolution,Ανάλυση
ui:35,ui,,13,,Anti Aliasing,Εξομάλυνση ακμών
ui:36,ui,,18,,Anti Alias Quality,Ποιότητα εξομάλυνσης
ui:37,ui,,15,,Texture Quality,Ποιότητα υφών
ui:38,ui,,13,,Ocean Quality,Ποιότητα ωκεανού
ui:39,ui,,15,,Foliage Quality,Ποιότητα βλάστησης
ui:40,ui,,14,,Shadow Quality,Ποιότητα σκιών
ui:41,ui,,12,,SSAO Quality,Ποιότητα SSAO
ui:42,ui,,5,,Gamma,Γάμμα
ui:43,ui,,5,,VSync,VSync
ui:44,ui,,7,,Monitor,Οθόνη
ui:45,ui,,9,,Dithering,Dithering
ui:46,ui,,13,,Field of View,Οπτικό πεδίο
ui:47,ui,,15,,Graphics Preset,Προεπιλογή γραφικών
ui:48,ui,,34,CAPS,DO YOU WISH TO APPLY YOUR CHANGES?,ΘΕΛΕΙΣ ΝΑ ΕΦΑΡΜΟΣΤΟΥΝ ΟΙ ΑΛΛΑΓΕΣ;
ui:49,ui,,11,,Render Mode,Λειτουργία απόδοσης
ui:50,ui,,14,,Use Auto Boost,Αυτόματη ώθηση
ui:51,ui,,16,,Look Sensitivity,Ευαισθησία βλέμματος
ui:52,ui,,18,,Flight Sensitivity,Ευαισθησία πτήσης
ui:53,ui,,10,,Text Speed,Ταχύτητα κειμένου
ui:54,ui,,24,,Meditate Until Next Loop,Διαλογισμός ως τον επόμενο βρόχο
ui:55,ui,,17,,Exit to Main Menu,Έξοδος στο κύριο μενού
ui:56,ui,,5,CAPS,APPLY,ΕΦΑΡΜΟΓΗ
ui:57,ui,,7,CAPS,DISCARD,ΑΠΟΡΡΙΨΗ
ui:58,ui,,18,,Jetpack Boost Mode,Λειτουργία ώθησης
ui:59,ui,,21,,Translator Equip Mode,Λειτουργία εξοπλισμού μεταφραστή
ui:60,ui,,19,,Ship Log Rumor Mode,Λειτουργία φημών ημερολογίου
ui:61,ui,,22,,Ship Log Notifications,Ειδοποιήσεις ημερολογίου
ui:62,ui,,9,,Autopilot,Αυτόματος πιλότος
ui:63,ui,,14,,Button Prompts,Ενδείξεις πλήκτρων
ui:64,ui,,10,,Text Speed,Ταχύτητα κειμένου
ui:65,ui,,25,,Freeze Time While Reading,Πάγωμα χρόνου κατά την ανάγνωση
ui:66,ui,,10,,Translator,Μεταφραστής
ui:67,ui,,8,,Ship Log,Ημερολόγιο σκάφους
ui:68,ui,,13,,Conversations,Συνομιλίες
ui:69,ui,,13,,Master Volume,Κύρια ένταση
ui:70,ui,,8,,Language,Γλώσσα
ui:71,ui,,71,NL,Do you want to keep these settings?\\nReverting to previous settings in,Θέλεις να κρατήσεις αυτές τις ρυθμίσεις;\\nΕπαναφορά στις προηγούμενες σε
ui:72,ui,,10,,seconds...,δευτερόλεπτα...
ui:73,ui,,9,,second...,δευτερόλεπτο...
ui:74,ui,,36,,Error: Profile names have a limit of,Σφάλμα: Τα ονόματα προφίλ έχουν όριο
ui:75,ui,,59,,characters and cannot be a duplicate of an existing profile,χαρακτήρες και δεν μπορούν να είναι ίδια με υπάρχον προφίλ
ui:76,ui,,18,,Enter Profile Name,Εισαγωγή ονόματος προφίλ
ui:77,ui,,18,CAPS,CREATE NEW PROFILE,ΔΗΜΙΟΥΡΓΙΑ ΝΕΟΥ ΠΡΟΦΙΛ
ui:78,ui,,6,,Delete,Διαγραφή
ui:79,ui,,13,,Are You Sure?,Σίγουρα;
ui:80,ui,,18,,Invert Player Look,Αντιστροφή βλέμματος παίκτη
ui:81,ui,,16,,Invert Ship Look,Αντιστροφή βλέμματος σκάφους
ui:82,ui,,16,,Look Sensitivity,Ευαισθησία βλέμματος
ui:83,ui,,23,,Flight Look Sensitivity,Ευαισθησία βλέμματος πτήσης
ui:84,ui,,15,,Inner Dead Zone,Εσωτερική νεκρή ζώνη
ui:85,ui,,15,,Outer Dead Zone,Εξωτερική νεκρή ζώνη
ui:86,ui,,8,,Inverted,Αντεστραμμένο
ui:87,ui,,6,,Normal,Κανονικό
ui:88,ui,,14,,Remap Controls,Αλλαγή χειρισμών
ui:89,ui,,28,TAGS,<color=orange>(Hold)</color>,<color=orange>(Κράτα)</color>
ui:90,ui,,29,TAGS,<color=orange>(Press)</color>,<color=orange>(Πάτα)</color>
ui:91,ui,,14,,Match Velocity,Εξίσωση ταχύτητας
ui:92,ui,,16,,Engage Autopilot,Ενεργοποίηση αυτόματου πιλότου
ui:93,ui,,7,,Lock On,Κλείδωμα στόχου
ui:94,ui,,10,,Flashlight,Φακός
ui:95,ui,,20,,Equip Scout Launcher,Εξοπλισμός εκτοξευτή ανιχνευτή
ui:96,ui,,8,,View Map,Προβολή χάρτη
ui:97,ui,,9,,Free Look,Ελεύθερο βλέμμα
ui:98,ui,,17,,Equip Signalscope,Εξοπλισμός σηματοσκοπίου
ui:99,ui,,8,,Unbuckle,Λύσιμο ζώνης
ui:100,ui,,16,,Equip Translator,Εξοπλισμός μεταφραστή
ui:101,ui,,20,,Fire Jetpack Booster,Ενεργοποίηση ώθησης
ui:102,ui,,4,,Roll,Περιστροφή
ui:103,ui,,4,,Jump,Άλμα
ui:104,ui,,7,,Wake Up,Ξύπνα
ui:105,ui,,18,,(Hold and Release),(Κράτα και άσε)
ui:106,ui,,11,,Look Around,Κοίταγμα γύρω
ui:107,ui,,4,,Move,Κίνηση
ui:108,ui,,9,,Up Thrust,Ώθηση πάνω
ui:109,ui,,11,,Down Thrust,Ώθηση κάτω
ui:110,ui,,16,,Down / Up Thrust,Ώθηση κάτω / πάνω
ui:111,ui,,17,,Horizontal Thrust,Οριζόντια ώθηση
ui:112,ui,,19,,Use Jetpack Booster,Χρήση ώθησης
ui:113,ui,,5,,Reset,Επαναφορά
ui:114,ui,,17,,Rotational Thrust,Ώθηση περιστροφής
ui:115,ui,,8,,Put Away,Αποθήκευση
ui:116,ui,,12,,Aim Launcher,Σκόπευση εκτοξευτή
ui:117,ui,,12,,Launch Scout,Εκτόξευση ανιχνευτή
ui:118,ui,,14,,Retrieve Scout,Ανάκτηση ανιχνευτή
ui:119,ui,,10,,Photo Mode,Λειτουργία φωτογραφίας
ui:120,ui,,11,,Launch Mode,Λειτουργία εκτόξευσης
ui:121,ui,,16,,Forward Snapshot,Λήψη εμπρός
ui:122,ui,,13,,Take Snapshot,Λήψη φωτογραφίας
ui:123,ui,,17,,Rearview Snapshot,Λήψη πίσω
ui:124,ui,,13,,Rotate Camera,Περιστροφή κάμερας
ui:125,ui,,10,,Aim Camera,Σκόπευση κάμερας
ui:126,ui,,15,,Remove Snapshot,Αφαίρεση λήψης
ui:127,ui,,7,,Liftoff,Απογείωση
ui:128,ui,,16,,Engage Autopilot,Ενεργοποίηση αυτόματου πιλότου
ui:129,ui,,15,,Abort Autopilot,Ματαίωση αυτόματου πιλότου
ui:130,ui,,24,,Liftoff / Landing Camera,Απογείωση / Κάμερα προσγείωσης
ui:131,ui,,12,,Landing Mode,Λειτουργία προσγείωσης
ui:132,ui,,12,,Cockpit View,Θέα πιλοτηρίου
ui:133,ui,,6,,Repair,Επισκευή
ui:134,ui,,9,,Buckle Up,Δέσιμο ζώνης
ui:135,ui,,17,,Raise Eject Cover,Άνοιγμα καλύμματος εκτίναξης
ui:136,ui,,10,,Open Hatch,Άνοιγμα θύρας
ui:137,ui,,13,,View Ship Log,Προβολή ημερολογίου
ui:138,ui,,5,,Eject,Εκτίναξη
ui:139,ui,SUIT,5,CAPS,SUIT:,ΣΤΟΛΗ:
ui:140,ui,,5,,Leave,Αποχώρηση
ui:141,ui,,17,,Roast Marshmallow,Ψήσε ένα ζαχαρωτό
ui:142,ui,,4,,Talk,Συνομιλία
ui:143,ui,,7,,Talk to,Συνομιλία με
ui:144,ui,,13,,Activate Lift,Ενεργοποίηση ανελκυστήρα
ui:145,ui,,7,,Suit Up,Φόρα τη στολή
ui:146,ui,,10,,Use Camera,Χρήση κάμερας
ui:147,ui,,18,,Use Scout Launcher,Χρήση εκτοξευτή ανιχνευτή
ui:148,ui,,14,,Fly Model Ship,Πτήση μοντέλου σκάφους
ui:149,ui,,20,,Use Satellite Camera,Χρήση κάμερας δορυφόρου
ui:150,ui,,18,,Enter Launch Codes,Εισαγωγή κωδικών εκτόξευσης
ui:151,ui,,21,,Requires Launch Codes,Απαιτεί κωδικούς εκτόξευσης
ui:152,ui,,14,,Light Campfire,Άναψε φωτιά
ui:153,ui,,11,,Return Suit,Κρέμασε τη στολή
ui:154,ui,,4,,Read,Ανάγνωση
ui:155,ui,,14,,Play Recording,Αναπαραγωγή ηχογράφησης
ui:156,ui,,6,,Repair,Επισκευή
ui:157,ui,,15,,Begin Inflation,Έναρξη φουσκώματος
ui:158,ui,,6,,Gather,Μάζεμα
ui:159,ui,,19,,Patch Suit Puncture,Επιδιόρθωση στολής
ui:160,ui,,29,,Use Medkit and Refuel Jetpack,Χρήση φαρμακείου και ανεφοδιασμός
ui:161,ui,,43,,"Use Medkit, Refuel Jetpack, and Clean Visor","Χρήση φαρμακείου, ανεφοδιασμός και καθαρισμός προσωπίδας"
ui:162,ui,,10,,Use Medkit,Χρήση φαρμακείου
ui:163,ui,,26,,Use Medkit and Clean Visor,Χρήση φαρμακείου και καθαρισμός προσωπίδας
ui:164,ui,,14,,Refuel Jetpack,Ανεφοδιασμός καυσίμου
ui:165,ui,,30,,Refuel Jetpack and Clean Visor,Ανεφοδιασμός και καθαρισμός προσωπίδας
ui:166,ui,,11,,Clean Visor,Καθαρισμός προσωπίδας
ui:167,ui,,20,,Health and Fuel Full,Υγεία και καύσιμο πλήρη
ui:168,ui,,17,,Jetpack Fuel Full,Καύσιμο πλήρες
ui:169,ui,,11,,Health Full,Υγεία πλήρης
ui:170,ui,,9,,Close Map,Κλείσιμο χάρτη
ui:171,ui,,8,,Pan View,Μετακίνηση θέασης
ui:172,ui,,11,,Rotate View,Περιστροφή θέασης
ui:173,ui,,9,,Zoom View,Ζουμ θέασης
ui:174,ui,,7,,Observe,Παρατήρηση
ui:175,ui,,7,,Pick Up,Πιάσε
ui:176,ui,,4,,Drop,Άφησε
ui:177,ui,,6,,Remove,Αφαίρεσε
ui:178,ui,,6,,Insert,Τοποθέτησε
ui:179,ui,,12,,Does Not Fit,Δεν ταιριάζει
ui:180,ui,,15,,Already Holding,Κρατάς ήδη κάτι
ui:181,ui,,15,,'Explain' Stone,Πέτρα «Εξήγησε»
ui:182,ui,,27,,'Eye of the universe' Stone,Πέτρα «Μάτι του σύμπαντος»
ui:183,ui,,16,,'Identify' Stone,Πέτρα «Αναγνώρισε»
ui:184,ui,,10,,'Me' Stone,Πέτρα «Εγώ»
ui:185,ui,,20,,'Quantum Moon' Stone,Πέτρα «Κβαντική Σελήνη»
ui:186,ui,,11,,'You' Stone,Πέτρα «Εσύ»
ui:187,ui,,6,,Scroll,Πάπυρο
ui:188,ui,,16,,Projection Stone,Πέτρα προβολής
ui:189,ui,,9,,Warp Core,Πυρήνα στρέβλωσης
ui:190,ui,,10,,Move Stick,Μετακίνηση μοχλού
ui:191,ui,,12,,Rotate Stick,Περιστροφή μοχλού
ui:192,ui,,12,,Extend Stick,Προέκταση μοχλού
ui:193,ui,,3,,Eat,Φάε
ui:194,ui,,4,,Toss,Πέτα
ui:195,ui,,8,,Put Away,Αποθήκευση
ui:196,ui,,10,,Extinguish,Σβήσε
ui:197,ui,,7,,Replace,Αντικατάσταση
ui:198,ui,,14,,Aim Translator,Σκόπευση μεταφραστή
ui:199,ui,,8,,Put Away,Αποθήκευση
ui:200,ui,,9,,Translate,Μετάφραση
ui:201,ui,,11,,Scroll Text,Κύλιση κειμένου
ui:202,ui,,9,,Page Text,Αλλαγή σελίδας
ui:203,ui,,32,,<!> Too close to target text <!>,<!> Πολύ κοντά στο κείμενο <!>
ui:204,ui,,36,,<!> Untranslated Nomai recording <!>,<!> Αμετάφραστη ηχογράφηση Νομάι <!>
ui:205,ui,,34,,<!> Untranslated Nomai writing <!>,<!> Αμετάφραστη γραφή Νομάι <!>
ui:206,ui,,8,,Put Away,Αποθήκευση
ui:207,ui,,7,,Zoom In,Ζουμ
ui:208,ui,,10,,Zoom Level,Επίπεδο ζουμ
ui:209,ui,,16,,Change Frequency,Αλλαγή συχνότητας
ui:210,ui,,14,,Leave Ship Log,Έξοδος από το ημερολόγιο
ui:211,ui,,9,,Zoom View,Ζουμ θέασης
ui:212,ui,,8,,Map Mode,Λειτουργία χάρτη
ui:213,ui,,16,,Find in Map Mode,Εύρεση στον χάρτη
ui:214,ui,,10,,View Entry,Προβολή καταχώρισης
ui:215,ui,,4,,Skip,Παράλειψη
ui:216,ui,,17,,Remove HUD Marker,Αφαίρεση σημαδιού
ui:217,ui,,20,,Mark Location On HUD,Σήμανση τοποθεσίας
ui:218,ui,,18,,View Rumored Entry,Προβολή καταχώρισης φήμης
ui:219,ui,,10,,View Rumor,Προβολή φήμης
ui:220,ui,,11,,Back to Map,Πίσω στον χάρτη
ui:221,ui,,12,,View Entries,Προβολή καταχωρίσεων
ui:222,ui,,10,,Rumor Mode,Λειτουργία φημών
ui:223,ui,,18,,Find In Rumor Mode,Εύρεση στις φήμες
ui:224,ui,,19,,No discoveries yet.,Καμία ανακάλυψη ακόμη.
ui:225,ui,,11,,Scroll Text,Κύλιση κειμένου
ui:226,ui,,10,,Leave Menu,Έξοδος από το μενού
ui:227,ui,,8,,Swap Tab,Αλλαγή καρτέλας
ui:228,ui,,16,CAPS,PRESS A TO START,ΠΑΤΑ A ΓΙΑ ΕΝΑΡΞΗ
ui:229,ui,,5,CAPS,PRESS,ΠΑΤΑ
ui:230,ui,,8,CAPS,TO START,ΓΙΑ ΕΝΑΡΞΗ
ui:231,ui,SURFACE INTEGRITY,18,CAPS,SURFACE INTEGRITY:,ΑΚΕΡΑΙΟΤΗΤΑ:
ui:232,ui,,19,CAPS,FUEL LEVEL CRITICAL,ΚΡΙΣΙΜΗ ΣΤΑΘΜΗ ΚΑΥΣΙΜΟΥ
ui:233,ui,,16,CAPS,% FUEL REMAINING,% ΚΑΥΣΙΜΟΥ ΑΠΟΜΕΝΕΙ
ui:234,ui,,15,CAPS,VITALS CRITICAL,ΚΡΙΣΙΜΗ ΥΓΕΙΑ
ui:235,ui,,10,CAPS,VITALS LOW,ΧΑΜΗΛΗ ΥΓΕΙΑ
ui:236,ui,,24,CAPS,SECONDS OXYGEN REMAINING,ΔΕΥΤΕΡΟΛΕΠΤΑ ΟΞΥΓΟΝΟΥ
ui:237,ui,,24,CAPS,MINUTES OXYGEN REMAINING,ΛΕΠΤΑ ΟΞΥΓΟΝΟΥ
ui:238,ui,FREQUENCY,10,CAPS,FREQUENCY:,ΣΥΧΝΟΤΗΤΑ:
ui:239,ui,,19,CAPS,EXIT SHIP TO REPAIR,ΒΓΕΣ ΓΙΑ ΕΠΙΣΚΕΥΗ
ui:240,ui,,6,CAPS,HAZARD,ΚΙΝΔΥΝΟΣ
ui:241,ui,ERROR,23,CAPS,ERROR: DUPLICATE SIGNAL,ΣΦΑΛΜΑ: ΔΙΠΛΟ ΣΗΜΑ
ui:242,ui,,16,CAPS,MULTIPLE MARKERS,ΠΟΛΛΑΠΛΑ ΣΗΜΑΔΙΑ
ui:243,ui,,16,CAPS,SHIP LOG UPDATED,ΝΕΟ ΣΤΟ ΗΜΕΡΟΛΟΓΙΟ
ui:244,ui,,5,CAPS,(NEW),(ΝΕΟ)
ui:245,ui,,23,,Launch Codes: --|-..|-.,Κωδικοί εκτόξευσης: --|-..|-.
ui:246,ui,,16,,Eye Coordinates:,Συντεταγμένες Ματιού:
ui:247,ui,WARNING,51,NL,WARNING: FUEL DEPLETED\\nUSING OXYGEN AS PROPELLANT,ΠΡΟΕΙΔΟΠΟΙΗΣΗ: ΕΞΑΝΤΛΗΘΗΚΕ ΤΟ ΚΑΥΣΙΜΟ\\nΧΡΗΣΗ ΟΞΥΓΟΝΟΥ ΩΣ ΠΡΟΩΘΗΤΙΚΟΥ
ui:248,ui,,9,CAPS,REFUELING,ΑΝΕΦΟΔΙΑΣΜΟΣ
ui:249,ui,,7,CAPS,HEALING,ΕΠΟΥΛΩΣΗ
ui:250,ui,,21,CAPS,HEALING AND REFUELING,ΕΠΟΥΛΩΣΗ ΚΑΙ ΑΝΕΦΟΔΙΑΣΜΟΣ
ui:251,ui,,37,CAPS,TREES DETECTED — OXYGEN TANK REFILLED,ΔΕΝΤΡΑ — ΔΕΞΑΜΕΝΗ ΓΕΜΑΤΗ
ui:252,ui,,20,CAPS,OXYGEN TANK REFILLED,ΓΕΜΙΣΕ ΤΟ ΟΞΥΓΟΝΟ
ui:253,ui,,22,CAPS,SUIT PUNCTURE DETECTED,ΤΡΥΠΑ ΣΤΗ ΣΤΟΛΗ
ui:254,ui,FREQUENCY DISCOVERED,21,CAPS,FREQUENCY DISCOVERED:,ΕΝΤΟΠΙΣΤΗΚΕ ΣΥΧΝΟΤΗΤΑ:
ui:255,ui,SIGNAL IDENTIFIED,18,CAPS,SIGNAL IDENTIFIED:,ΑΝΑΓΝΩΡΙΣΤΗΚΕ ΣΗΜΑ:
ui:256,ui,,27,CAPS,UNABLE TO PINPOINT LOCATION,ΑΔΥΝΑΤΗ Η ΕΥΡΕΣΗ ΤΟΠΟΘΕΣΙΑΣ
ui:257,ui,,29,CAPS,CONNECTION WITH SCOUT IS LOST,ΧΑΘΗΚΕ Ο ΑΝΙΧΝΕΥΤΗΣ
ui:258,ui,,25,CAPS,RETURNING TO SOLAR SYSTEM,ΕΠΙΣΤΡΟΦΗ ΣΤΟ ΗΛΙΑΚΟ ΣΥΣΤΗΜΑ
ui:259,ui,,13,CAPS,HEADLIGHTS ON,ΟΝ
ui:260,ui,,14,CAPS,HEADLIGHTS OFF,ΦΩΤΑ ΣΒΗΣΤΑ
ui:261,ui,,23,CAPS,SCOUT LAUNCH OBSTRUCTED,ΦΡΑΓΜΕΝΗ ΕΚΤΟΞΕΥΣΗ
ui:262,ui,,14,CAPS,SATELLITE NODE,ΚΟΜΒΟΣ ΔΟΡΥΦΟΡΟΥ
ui:263,ui,,10,CAPS,UPPER HULL,ΑΝΩ ΚΥΤΟΣ
ui:264,ui,,7,CAPS,COCKPIT,ΠΙΛΟΤΗΡΙΟ
ui:265,ui,,9,CAPS,PORT HULL,ΑΡΙΣΤΕΡΟ ΚΥΤΟΣ
ui:266,ui,,12,CAPS,LANDING GEAR,ΣΥΣΤΗΜΑ ΠΡΟΣΓΕΙΩΣΗΣ
ui:267,ui,,14,CAPS,STARBOARD HULL,ΔΕΞΙΟ ΚΥΤΟΣ
ui:268,ui,,9,CAPS,AUTOPILOT,ΑΥΤΟΜΑΤΟΣ ΠΙΛΟΤΟΣ
ui:269,ui,,9,CAPS,FUEL TANK,ΔΕΞΑΜΕΝΗ ΚΑΥΣΙΜΟΥ
ui:270,ui,,18,CAPS,ARTIFICIAL GRAVITY,ΤΕΧΝΗΤΗ ΒΑΡΥΤΗΤΑ
ui:271,ui,,10,CAPS,HEADLIGHTS,ΠΡΟΒΟΛΕΙΣ
ui:272,ui,,14,CAPS,LANDING CAMERA,ΚΑΜΕΡΑ ΠΡΟΣΓΕΙΩΣΗΣ
ui:273,ui,,18,CAPS,PORT THRUSTER BANK,ΑΡΙΣΤΕΡΟΙ ΠΡΟΩΘΗΤΗΡΕΣ
ui:274,ui,,18,CAPS,ELECTRICAL SYSTEMS,ΗΛΕΚΤΡΙΚΑ ΣΥΣΤΗΜΑΤΑ
ui:275,ui,,11,CAPS,OXYGEN TANK,ΔΕΞΑΜΕΝΗ ΟΞΥΓΟΝΟΥ
ui:276,ui,,7,CAPS,REACTOR,ΑΝΤΙΔΡΑΣΤΗΡΑΣ
ui:277,ui,,23,CAPS,STARBOARD THRUSTER BANK,ΔΕΞΙΟΙ ΠΡΟΩΘΗΤΗΡΕΣ
ui:278,ui,,7,CAPS,UNKNOWN,ΑΓΝΩΣΤΟ
ui:279,ui,,35,CAPS,STAGE 1: ALIGNING FLIGHT TRAJECTORY,ΦΑΣΗ 1: ΕΥΘΥΓΡΑΜΜΙΣΗ ΤΡΟΧΙΑΣ ΠΤΗΣΗΣ
ui:280,ui,,40,CAPS,STAGE 2: ACCELERATING TOWARD DESTINATION,ΦΑΣΗ 2: ΕΠΙΤΑΧΥΝΣΗ ΠΡΟΣ ΤΟΝ ΠΡΟΟΡΙΣΜΟ
ui:281,ui,,29,CAPS,STAGE 3: FIRING RETRO-ROCKETS,ΦΑΣΗ 3: ΠΥΡΟΔΟΤΗΣΗ ΑΝΑΣΧΕΤΙΚΩΝ ΠΥΡΑΥΛΩΝ
ui:282,ui,,17,CAPS,MATCHING VELOCITY,ΕΞΙΣΩΣΗ ΤΑΧΥΤΗΤΑΣ
ui:283,ui,,16,CAPS,VELOCITY MATCHED,Η ΤΑΧΥΤΗΤΑ ΕΞΙΣΩΘΗΚΕ
ui:284,ui,,17,CAPS,AUTOPILOT ABORTED,Ο ΑΥΤΟΜΑΤΟΣ ΠΙΛΟΤΟΣ ΜΑΤΑΙΩΘΗΚΕ
ui:285,ui,,22,CAPS,VELOCITY MATCH ABORTED,Η ΕΞΙΣΩΣΗ ΤΑΧΥΤΗΤΑΣ ΜΑΤΑΙΩΘΗΚΕ
ui:286,ui,AUTOPILOT ABORTED,38,CAPS,AUTOPILOT ABORTED: TOO CLOSE TO TARGET,ΜΑΤΑΙΩΣΗ ΑΥΤΟΜΑΤΟΥ ΠΙΛΟΤΟΥ: ΠΟΛΥ ΚΟΝΤΑ ΣΤΟΝ ΣΤΟΧΟ
ui:287,ui,AUTOPILOT COMPLETE,36,CAPS,AUTOPILOT COMPLETE: UNDERSHOT TARGET,ΑΥΤΟΜΑΤΟΣ ΠΙΛΟΤΟΣ: ΟΛΟΚΛΗΡΩΘΗΚΕ ΠΡΙΝ ΤΟΝ ΣΤΟΧΟ
ui:288,ui,,18,CAPS,AUTOPILOT COMPLETE,Ο ΑΥΤΟΜΑΤΟΣ ΠΙΛΟΤΟΣ ΟΛΟΚΛΗΡΩΘΗΚΕ
ui:289,ui,,6,CAPS,RESUME,ΣΥΝΕΧΕΙΑ
ui:290,ui,,4,CAPS,QUIT,ΕΞΟΔΟΣ
ui:291,ui,,50,NL,QUIT TO MAIN MENU\\n\\n(ALL PROGRESS WILL BE LOST),ΕΞΟΔΟΣ ΣΤΟ ΚΥΡΙΟ ΜΕΝΟΥ\\n\\n(ΟΛΗ Η ΠΡΟΟΔΟΣ ΘΑ ΧΑΘΕΙ)
ui:292,ui,,32,CAPS,RESET LOOP AND QUIT TO MAIN MENU,ΕΠΑΝΕΚΚΙΝΗΣΗ ΒΡΟΧΟΥ ΚΑΙ ΕΞΟΔΟΣ ΣΤΟ ΚΥΡΙΟ ΜΕΝΟΥ
ui:293,ui,,24,CAPS,MEDITATE UNTIL NEXT LOOP,ΔΙΑΛΟΓΙΣΜΟΣ ΩΣ ΤΟΝ ΕΠΟΜΕΝΟ ΒΡΟΧΟ
ui:294,ui,,7,CAPS,SIGN IN,ΣΥΝΔΕΣΗ
ui:295,ui,,37,CAPS,RESET TO VESSEL AND QUIT TO MAIN MENU,ΕΠΑΝΑΦΟΡΑ ΣΤΟ ΣΚΑΦΟΣ ΚΑΙ ΕΞΟΔΟΣ ΣΤΟ ΚΥΡΙΟ ΜΕΝΟΥ
ui:296,ui,,6,CAPS,PAUSED,ΠΑΥΣΗ
ui:297,ui,,72,TAGS,<color=orange>Outer Wilds</color> is best experienced with a game pad...,Το <color=orange>Outer Wilds</color> απολαμβάνεται καλύτερα με χειριστήριο...
ui:298,ui,,60,NL,Controller disconnected.\\nPlease reconnect your controller.,Το χειριστήριο αποσυνδέθηκε.\\nΣύνδεσε ξανά το χειριστήριό σου.
ui:299,ui,,60,NL,Current user signed out.\\nPlease sign in again to continue.,Ο τρέχων χρήστης αποσυνδέθηκε.\\nΣυνδέσου ξανά για να συνεχίσεις.
ui:300,ui,,13,,Enter text...,Εισαγωγή κειμένου...
ui:301,ui,USER,5,CAPS,USER:,ΧΡΗΣΤΗΣ:
ui:302,ui,,18,,Profile Management,Διαχείριση προφίλ
ui:303,ui,,60,NL,Controller disconnected.\\nPlease reconnect your controller.,Το χειριστήριο αποσυνδέθηκε.\\nΣύνδεσε ξανά το χειριστήριό σου.
ui:304,ui,,78,NL,Wireless controller disconnected.\\nPlease reconnect your wireless controller.,Το ασύρματο χειριστήριο αποσυνδέθηκε.\\nΣύνδεσε ξανά το ασύρματο χειριστήριό σου.
ui:305,ui,,8,,Interact,Αλληλεπίδραση
ui:306,ui,,4,,Jump,Άλμα
ui:307,ui,,14,,Match Velocity,Εξίσωση ταχύτητας
ui:308,ui,,10,,Mark Entry,Σήμανση καταχώρισης
ui:309,ui,,6,,Cancel,Ακύρωση
ui:310,ui,,11,,Signalscope,Σηματοσκόπιο
ui:311,ui,,13,,Ship Log Mode,Λειτουργία ημερολογίου
ui:312,ui,,7,,Lock On,Κλείδωμα στόχου
ui:313,ui,,10,,Flashlight,Φακός
ui:314,ui,,4,,Roll,Περιστροφή
ui:315,ui,,4,,Walk,Βάδισμα
ui:316,ui,,17,,Rearview Snapshot,Λήψη πίσω
ui:317,ui,,5,,Scout,Ανιχνευτής
ui:318,ui,,10,,Scope View,Θέα σκοπεύτρου
ui:319,ui,,9,,Translate,Μετάφραση
ui:320,ui,,3,,Map,Χάρτης
ui:321,ui,,5,,Pause,Παύση
ui:322,ui,,11,,Look / Move,Βλέμμα / Κίνηση
ui:323,ui,,7,,Default,Προεπιλογή
ui:324,ui,,8,,Southpaw,Αριστερόχειρας
ui:325,ui,,16,,Up / Down / Zoom,Πάνω / Κάτω / Ζουμ
ui:326,ui,,7,,Forward,Εμπρός
ui:327,ui,,8,,Backward,Πίσω
ui:328,ui,,4,,Left,Αριστερά
ui:329,ui,,5,,Right,Δεξιά
ui:330,ui,,9,,Thrust Up,Ώθηση πάνω
ui:331,ui,,11,,Thrust Down,Ώθηση κάτω
ui:332,ui,,14,,Retrieve Scout,Ανάκτηση ανιχνευτή
ui:333,ui,,16,,Change Frequency,Αλλαγή συχνότητας
ui:334,ui,,16,,Signalscope Zoom,Ζουμ σηματοσκοπίου
ui:335,ui,,8,,Map Zoom,Ζουμ χάρτη
ui:336,ui,,13,,Ship Log Zoom,Ζουμ ημερολογίου
ui:337,ui,,22,,Scout Camera Up / Down,Κάμερα ανιχνευτή πάνω / κάτω
ui:338,ui,,25,,Scout Camera Left / Right,Κάμερα ανιχνευτή αριστερά / δεξιά
ui:339,ui,,17,,Translator Scroll,Κύλιση μεταφραστή
ui:340,ui,,15,,Translator Page,Σελίδα μεταφραστή
ui:341,ui,,9,,Autopilot,Αυτόματος πιλότος
ui:342,ui,,15,,Ship Log Scroll,Κύλιση ημερολογίου
ui:343,ui,,9,,Free Look,Ελεύθερο βλέμμα
ui:344,ui,,10,,Scout Mode,Λειτουργία ανιχνευτή
ui:345,ui,,11,,Sun Station,Ηλιακός Σταθμός
ui:346,ui,,8,,Ash Twin,Δίδυμος της Στάχτης
ui:347,ui,,10,,Ember Twin,Δίδυμος της Χόβολης
ui:348,ui,,15,,Hourglass Twins,Δίδυμοι της Κλεψύδρας
ui:349,ui,,13,,Timber Hearth,Τίμπερ Χαρθ
ui:350,ui,,14,,Brittle Hollow,Μπριτλ Χόλοου
ui:351,ui,,16,,Hollow's Lantern,Φανάρι του Μπριτλ Χόλοου
ui:352,ui,,12,,Giant's Deep,Τζάιαντς Ντιπ
ui:353,ui,,20,,Orbital Probe Cannon,Τροχιακό Κανόνι Βολίδας
ui:354,ui,,14,,Control Module,Μονάδα Ελέγχου
ui:355,ui,,13,,Launch Module,Μονάδα Εκτόξευσης
ui:356,ui,,21,,Probe Tracking Module,Μονάδα Παρακολούθησης Βολίδας
ui:357,ui,,12,,Dark Bramble,Νταρκ Μπραμπλ
ui:358,ui,,14,,The Interloper,Το Ιντερλόουπερ
ui:359,ui,,10,,White Hole,Λευκή Τρύπα
ui:360,ui,,12,,Quantum Moon,Κβαντική Σελήνη
ui:361,ui,,3,,Sun,Ήλιος
ui:362,ui,,13,,The Attlerock,Το Άτλροκ
ui:363,ui,,23,,The Eye of the universe,Το Μάτι του σύμπαντος
ui:364,ui,,12,CAPS,ESCAPE POD 1,ΚΑΨΟΥΛΑ ΔΙΑΦΥΓΗΣ 1
ui:365,ui,,12,CAPS,ESCAPE POD 2,ΚΑΨΟΥΛΑ ΔΙΑΦΥΓΗΣ 2
ui:366,ui,,12,CAPS,ESCAPE POD 3,ΚΑΨΟΥΛΑ ΔΙΑΦΥΓΗΣ 3
ui:367,ui,,6,CAPS,ARKOSE,ΑΡΚΟΟΥΖ
ui:368,ui,,6,CAPS,GALENA,ΓΚΑΛΙΝΑ
ui:369,ui,,6,CAPS,TEPHRA,ΤΕΦΡΑ
ui:370,ui,,11,CAPS,GROVE SHARD,ΘΡΑΥΣΜΑ ΑΛΣΟΥΣ
ui:371,ui,,12,CAPS,MUSEUM SHARD,ΘΡΑΥΣΜΑ ΜΟΥΣΕΙΟΥ
ui:372,ui,,11,CAPS,TOWER SHARD,ΘΡΑΥΣΜΑ ΠΥΡΓΟΥ
ui:373,ui,,10,CAPS,CAVE SHARD,ΘΡΑΥΣΜΑ ΣΠΗΛΙΑΣ
ui:374,ui,,12,CAPS,ISLAND SHARD,ΘΡΑΥΣΜΑ ΝΗΣΙΟΥ
ui:375,ui,,12,CAPS,QUANTUM MOON,ΚΒΑΝΤΙΚΗ ΣΕΛΗΝΗ
ui:376,ui,,5,CAPS,CHERT,ΤΣΕΡΤ
ui:377,ui,,5,CAPS,ESKER,ΕΣΚΕΡ
ui:378,ui,,8,CAPS,FELDSPAR,ΦΕΛΝΤΣΠΑΡ
ui:379,ui,,6,CAPS,GABBRO,ΓΚΑΜΠΡΟ
ui:380,ui,,7,CAPS,RIEBECK,ΡΙΜΠΕΚ
ui:381,ui,,7,CAPS,SOLANUM,ΣΟΛΑΝΟΥΜ
ui:382,ui,,10,CAPS,WHITE HOLE,ΛΕΥΚΗ ΤΡΥΠΑ
ui:383,ui,,15,CAPS,WHITE HOLE CORE,ΠΥΡΗΝΑΣ ΛΕΥΚΗΣ ΤΡΥΠΑΣ
ui:384,ui,,12,CAPS,UNIDENTIFIED,ΜΗ ΑΝΑΓΝΩΡΙΣΜΕΝΟ
ui:385,ui,,20,CAPS,OUTER WILDS VENTURES,OUTER WILDS VENTURES
ui:386,ui,,20,CAPS,QUANTUM FLUCTUATIONS,ΚΒΑΝΤΙΚΕΣ ΔΙΑΚΥΜΑΝΣΕΙΣ
ui:387,ui,,15,CAPS,DISTRESS BEACON,ΦΑΡΟΣ ΚΙΝΔΥΝΟΥ
ui:388,ui,,10,CAPS,WHITE HOLE,ΛΕΥΚΗ ΤΡΥΠΑ
ui:389,ui,,13,CAPS,HIDE AND SEEK,ΚΡΥΦΤΟ
ui:390,ui,,11,CAPS,SUN STATION,ΗΛΙΑΚΟΣ ΣΤΑΘΜΟΣ
ui:391,ui,,8,CAPS,ASH TWIN,ΔΙΔΥΜΟΣ ΤΗΣ ΣΤΑΧΤΗΣ
ui:392,ui,,10,CAPS,EMBER TWIN,ΔΙΔΥΜΟΣ ΤΗΣ ΧΟΒΟΛΗΣ
ui:393,ui,,19,CAPS,THE HOURGLASS TWINS,ΟΙ ΔΙΔΥΜΟΙ ΤΗΣ ΚΛΕΨΥΔΡΑΣ
ui:394,ui,,13,CAPS,TIMBER HEARTH,ΤΙΜΠΕΡ ΧΑΡΘ
ui:395,ui,,14,CAPS,BRITTLE HOLLOW,ΜΠΡΙΤΛ ΧΟΛΟΟΥ
ui:396,ui,,16,CAPS,HOLLOW'S LANTERN,ΦΑΝΑΡΙ ΤΟΥ ΜΠΡΙΤΛ ΧΟΛΟΟΥ
ui:397,ui,,12,CAPS,GIANT'S DEEP,ΤΖΑΪΑΝΤΣ ΝΤΙΠ
ui:398,ui,,14,CAPS,CONTROL MODULE,ΜΟΝΑΔΑ ΕΛΕΓΧΟΥ
ui:399,ui,,13,CAPS,LAUNCH MODULE,ΜΟΝΑΔΑ ΕΚΤΟΞΕΥΣΗΣ
ui:400,ui,,21,CAPS,PROBE TRACKING MODULE,ΜΟΝΑΔΑ ΠΑΡΑΚΟΛΟΥΘΗΣΗΣ ΒΟΛΙΔΑΣ
ui:401,ui,,12,CAPS,DARK BRAMBLE,ΝΤΑΡΚ ΜΠΡΑΜΠΛ
ui:402,ui,,14,CAPS,THE INTERLOPER,ΤΟ ΙΝΤΕΡΛΟΟΥΠΕΡ
ui:403,ui,,10,CAPS,WHITE HOLE,ΛΕΥΚΗ ΤΡΥΠΑ
ui:404,ui,,12,CAPS,QUANTUM MOON,ΚΒΑΝΤΙΚΗ ΣΕΛΗΝΗ
ui:405,ui,,3,CAPS,SUN,ΗΛΙΟΣ
ui:406,ui,,13,CAPS,THE ATTLEROCK,ΤΟ ΑΤΛΡΟΚ
ui:407,ui,,23,CAPS,THE EYE OF THE UNIVERSE,ΤΟ ΜΑΤΙ ΤΟΥ ΣΥΜΠΑΝΤΟΣ
ui:408,ui,,5,CAPS,SCOUT,ΑΝΙΧΝΕΥΤΗΣ
ui:409,ui,,12,CAPS,YOU ARE HERE,ΕΙΣΑΙ ΕΔΩ
ui:410,ui,,4,CAPS,SHIP,ΣΚΑΦΟΣ
ui:411,ui,,34,,PLANETARY CHART of the OUTER WILDS,ΠΛΑΝΗΤΙΚΟΣ ΧΑΡΤΗΣ των OUTER WILDS
ui:412,ui,,20,CAPS,OUTER WILDS VENTURES,OUTER WILDS VENTURES
ui:413,ui,,12,CAPS,LITTLE SCOUT,ΜΙΚΡΟΣ ΑΝΙΧΝΕΥΤΗΣ
ui:414,ui,,14,CAPS,DETECT HAZARDS,ΕΝΤΟΠΙΣΕ ΚΙΝΔΥΝΟΥΣ
ui:415,ui,,21,CAPS,ILLUMINATE DARK AREAS,ΦΩΤΙΣΕ ΣΚΟΤΕΙΝΕΣ ΠΕΡΙΟΧΕΣ
ui:416,ui,,22,CAPS,SEE BEYOND THE HORIZON,ΔΕΣ ΠΕΡΑ ΑΠΟ ΤΟΝ ΟΡΙΖΟΝΤΑ
ui:417,ui,,20,CAPS,TEST THE ENVIRONMENT,ΔΟΚΙΜΑΣΕ ΤΟ ΠΕΡΙΒΑΛΛΟΝ
ui:418,ui,,8,CAPS,PRESENTS,ΠΑΡΟΥΣΙΑΖΕΙ
ui:419,ui,,20,CAPS,POSTCARDS FROM ORBIT,ΚΑΡΤ ΠΟΣΤΑΛ ΑΠΟ ΤΗΝ ΤΡΟΧΙΑ
ui:420,ui,,99,,"This projector is linked to our ""Sky Shutter"" satellite, which is currently orbiting Timber Hearth.","Ο προβολέας είναι συνδεδεμένος με το δορυφόρο Κλείστρου του Ουρανού, που βρίσκεται σε τροχιά γύρω από το Τίμπερ Χαρθ."
ui:421,ui,,98,,The satellite is equipped with two onboard cameras. See if you can take a snapshot of our village!,Ο δορυφόρος διαθέτει δύο κάμερες. Δες αν μπορείς να τραβήξεις μια φωτογραφία του χωριού μας!
ui:422,ui,,15,,Departure Time:,Ώρα αναχώρησης:
ui:423,ui,,13,,Arrival Time:,Ώρα άφιξης:
ui:424,ui,,64,,Return warp status: CHARGED. Step onto warp platform when ready.,Κατάσταση στρέβλωσης επιστροφής: ΦΟΡΤΙΣΜΕΝΗ. Πάτησε στην πλάκα στρέβλωσης όταν θελήσεις.
ui:425,ui,,12,CAPS,YOU ARE DEAD,ΠΕΘΑΝΕΣ
ui:426,ui,,37,CAPS,YOU DESTROYED THE FABRIC OF SPACETIME,ΚΑΤΕΣΤΡΕΨΕΣ ΤΟΝ ΙΣΤΟ ΤΟΥ ΧΩΡΟΧΡΟΝΟΥ
ui:427,ui,,113,NL,"NOW BEYOND THE REACH OF THE SUPERNOVA,\\nYOU DRIFT THROUGH SPACE UNTIL YOUR SHIP'S RESOURCES ARE FINALLY DEPLETED","ΜΑΚΡΙΑ ΠΙΑ ΑΠΟ ΤΗΝ ΕΜΒΕΛΕΙΑ ΤΗΣ ΣΟΥΠΕΡΝΟΒΑ,\\nΠΛΑΝΙΕΣΑΙ ΣΤΟ ΔΙΑΣΤΗΜΑ ΩΣΠΟΥ ΟΙ ΠΟΡΟΙ ΤΟΥ ΣΚΑΦΟΥΣ ΣΟΥ ΕΞΑΝΤΛΟΥΝΤΑΙ"
ui:428,ui,,108,NL,HOW LONG HAVE YOU BEEN HERE? MINUTES? YEARS?\\nYOU ARE UNSURE BUT IT SEEMS YOUR JOURNEY HAS REACHED ITS END.,"ΠΟΣΗ ΩΡΑ ΕΙΣΑΙ ΕΔΩ; ΛΕΠΤΑ; ΧΡΟΝΙΑ;\\nΔΕΝ ΕΙΣΑΙ ΣΙΓΟΥΡΟΣ, ΜΑ ΜΟΙΑΖΕΙ ΤΟ ΤΑΞΙΔΙ ΣΟΥ ΝΑ ΕΦΤΑΣΕ ΣΤΟ ΤΕΛΟΣ ΤΟΥ."
ui:429,ui,,146,TAGS NL,"NOW BEYOND THE REACH OF THE SUPERNOVA, YOU FIND YOURSELF THE ONLY INHABITANT OF AN ABANDONED WORLD.\\nSURELY <i>SOMETHING</i> HERE MUST BE EDIBLE?","ΜΑΚΡΙΑ ΠΙΑ ΑΠΟ ΤΗΝ ΕΜΒΕΛΕΙΑ ΤΗΣ ΣΟΥΠΕΡΝΟΒΑ, ΒΡΙΣΚΕΣΑΙ Ο ΜΟΝΑΔΙΚΟΣ ΚΑΤΟΙΚΟΣ ΕΝΟΣ ΕΓΚΑΤΑΛΕΙΜΜΕΝΟΥ ΚΟΣΜΟΥ.\\nΣΙΓΟΥΡΑ <i>ΚΑΤΙ</i> ΕΔΩ ΘΑ ΤΡΩΓΕΤΑΙ."
ui:430,ui,,181,NL,"HOW MUCH TIME HAS PASSED?\\nTHEY DON’T EVEN BOTHER TO HUNT YOU ANYMORE.\\nTIME PASSES, AND PASSES, UNTIL YOUR LIFE BEFORE IS SOME HALF-REMEMBERED DREAM.\\nIF ONLY YOU COULD WAKE UP.","ΠΟΣΟΣ ΚΑΙΡΟΣ ΠΕΡΑΣΕ;\\nΔΕΝ ΜΠΑΙΝΟΥΝ ΚΑΝ ΣΤΟΝ ΚΟΠΟ ΝΑ ΣΕ ΚΥΝΗΓΗΣΟΥΝ ΠΙΑ.\\nΟ ΚΑΙΡΟΣ ΠΕΡΝΑΕΙ, ΚΑΙ ΠΕΡΝΑΕΙ, ΩΣΠΟΥ Η ΠΡΟΗΓΟΥΜΕΝΗ ΣΟΥ ΖΩΗ ΓΙΝΕΤΑΙ ΕΝΑ ΜΙΣΟΘΥΜΗΤΟ ΟΝΕΙΡΟ.\\nΑΝ ΜΠΟΡΟΥΣΕΣ ΜΟΝΟ ΝΑ ΞΥΠΝΗΣΕΙΣ."
ui:431,ui,,21,,Middle Screen Reticle,Στόχαστρο στο κέντρο της οθόνης
ui:432,ui,,16,,Heads Up Display,Οθόνη ενδείξεων
ui:433,ui,,9,,Vibration,Δόνηση
ui:434,ui,,16,,Button Remapping,Αντιστοίχιση πλήκτρων
ui:435,ui,,15,,Mouse Smoothing,Εξομάλυνση ποντικιού
ui:436,ui,,17,,HUD Notifications,Ειδοποιήσεις HUD
ui:437,ui,,10,,Photo Mode,Λειτουργία φωτογραφίας
ui:438,ui,,12,,Music Volume,Ένταση μουσικής
ui:439,ui,,10,,SFX Volume,Ένταση εφέ
ui:440,ui,,17,,Target Frame Rate,Στόχος καρέ ανά δευτερόλεπτο
ui:441,ui,,13,,Field of View,Οπτικό πεδίο
ui:442,ui,,19,,Physics Update Rate,Ρυθμός ενημέρωσης φυσικής
ui:443,ui,,21,,Ship Auto Orientation,Αυτόματος προσανατολισμός σκάφους
ui:444,ui,,19,,Ship Center of Mass,Κέντρο μάζας σκάφους
ui:445,ui,,16,,Difficulty Modes,Επίπεδα δυσκολίας
ui:446,ui,,4,,Easy,Εύκολο
ui:447,ui,,6,,Medium,Μεσαίο
ui:448,ui,,4,,Hard,Δύσκολο
ui:449,ui,,13,,Impact Wobble,Ταλάντωση πρόσκρουσης
ui:450,ui,,1,,?,;
ui:451,ui,,14,,Grappling Hook,Γάντζος
ui:452,ui,,15,,Jump Multiplier,Πολλαπλασιαστής άλματος
ui:453,ui,,13,,Invincibility,Αθανασία
ui:454,ui,,17,,Probe Destruction,Καταστροφή βολίδας
ui:455,ui,,18,,Infinite Resources,Άπειροι πόροι
ui:456,ui,,17,,Limited Ship Fuel,Περιορισμένο καύσιμο σκάφους
ui:457,ui,,12,,Sprint Speed,Ταχύτητα τρεξίματος
ui:458,ui,,10,CAPS,FLASHLIGHT,ΦΑΚΟΣ
ui:459,ui,,10,CAPS,FLASHLIGHT,ΦΑΚΟΣ
ui:460,ui,,11,CAPS,LANDING CAM,ΚΑΜΕΡΑ ΠΡΟΣΓΕΙΩΣΗΣ
ui:461,ui,,8,CAPS,COMPUTER,ΥΠΟΛΟΓΙΣΤΗΣ
ui:462,ui,,11,CAPS,SIGNALSCOPE,ΣΗΜΑΤΟΣΚΟΠΙΟ
ui:463,ui,,7,CAPS,GRAVITY,ΒΑΡΥΤΗΤΑ
ui:464,ui,,12,,Launch Tower,Πύργος εκτόξευσης
ui:465,ui,,11,,Lumber Mill,Πριονιστήριο
ui:466,ui,,11,,Zero-G Cave,Σπηλιά μηδενικής βαρύτητας
ui:467,ui,,11,,Observatory,Παρατηρητήριο
ui:468,ui,,15,,The quiet shade,Στη σιωπηλή σκιά
ui:469,ui,,15,,Across old bark,πάνω σε φλοιό παλιό
ui:470,ui,,20,,In the ancient glade,στο αρχαίο ξέφωτο
ui:471,ui,,16,,It's always dark,είναι για πάντα σκοτεινό
ui:472,ui,,4,CAPS,FUEL,ΚΑΥΣΙΜΟ
ui:473,ui,,4,CAPS,TEMP,ΘΕΡΜ
ui:474,ui,,2,,O2,O2
ui:475,ui,,3,CAPS,H2O,H2O
ui:476,ui,,14,NL,MASTER\\nALARM,ΓΕΝΙΚΟΣ\\nΣΥΝΑΓΕΡΜΟΣ
ui:477,ui,,5,CAPS,EJECT,ΕΚΤΙΝΑΞΗ
ui:478,ui,WARNING,34,NL,WARNING:\\nUSE ONLY IN\\nEMERGENCY,ΠΡΟΣΟΧΗ:\\nΜΟΝΟ ΣΕ\\nΕΚΤΑΚΤΗ ΑΝΑΓΚΗ
ui:479,ui,,3,CAPS,HUD,HUD
ui:480,ui,,2,,ON,ΝΑΙ
ui:481,ui,,3,CAPS,OFF,ΟΧΙ
ui:482,ui,,7,CAPS,CAUTION,ΠΡΟΣΟΧΗ
ui:483,ui,,7,CAPS,WARNING,ΠΡΟΕΙΔΟΠΟΙΗΣΗ
ui:484,ui,,6,CAPS,DAMAGE,ΖΗΜΙΑ
ui:485,ui,,9,CAPS,ALTIMETER,ΥΨΟΜΕΤΡΟ
ui:486,ui,,14,CAPS,MATCH VELOCITY,ΕΞΙΣΩΣΗ ΤΑΧΥΤΗΤΑΣ
ui:487,ui,OXYGEN REFILL,14,CAPS,OXYGEN REFILL:,ΑΝΑΠΛΗΡΩΣΗ ΟΞΥΓΟΝΟΥ:
ui:488,ui,,11,CAPS,SPOT A TREE,ΒΡΕΣ ΕΝΑ ΔΕΝΤΡΟ
ui:489,ui,,15,CAPS,WALK TOWARDS IT,ΠΗΓΑΙΝΕ ΠΡΟΣ ΤΟ ΜΕΡΟΣ ΤΟΥ
ui:490,ui,,6,CAPS,ENJOY!,ΑΠΟΛΑΥΣΕ ΤΟ!
ui:491,ui,,10,,Loading...,Φόρτωση...
ui:492,ui,,26,CAPS,UNIDENTIFIED SIGNAL NEARBY,ΑΓΝΩΣΤΟ ΣΗΜΑ ΚΟΝΤΑ
ui:493,ui,,7,CAPS,UNKNOWN,ΑΓΝΩΣΤΟ
ui:494,ui,DANGER,36,CAPS,DANGER: GHOST MATTER DETECTED NEARBY,ΚΙΝΔΥΝΟΣ: ΕΝΤΟΠΙΣΤΗΚΕ ΥΛΗ-ΦΑΝΤΑΣΜΑ ΚΟΝΤΑ
ui:495,ui,,18,CAPS,LOAD PREVIOUS SAVE,ΦΟΡΤΩΣΗ ΠΡΟΗΓΟΥΜΕΝΗΣ ΣΩΣΗΣ
ui:496,ui,,47,NL,signed out.\\nPlease sign in again to continue.,αποσυνδέθηκε.\\nΣυνδέσου ξανά για να συνεχίσεις.
ui:497,ui,,14,CAPS,SWITCH PROFILE,ΑΛΛΑΓΗ ΠΡΟΦΙΛ
ui:498,ui,,25,CAPS,SHIP HULL BREACH DETECTED,ΕΝΤΟΠΙΣΤΗΚΕ ΡΗΓΜΑ ΣΤΟ ΚΥΤΟΣ
ui:499,ui,,42,CAPS,UNABLE TO RETRIEVE SCOUT; TOO MANY TARGETS,ΑΝΑΚΤΗΣΗ ΑΔΥΝΑΤΗ: ΠΟΛΛΟΙ ΣΤΟΧΟΙ
ui:500,ui,,32,CAPS,EMERGENCY SCOUT RECALL ACTIVATED,ΕΠΕΙΓΟΥΣΑ ΑΝΑΚΛΗΣΗ ΑΝΙΧΝΕΥΤΗ
ui:501,ui,,7,CAPS,DAMAGED,ΚΑΤΕΣΤΡΑΜΜΕΝΟ
ui:502,ui,,13,CAPS,OF 3 REPAIRED,ΑΠΟ 3 ΕΠΙΣΚΕΥΑΣΤΗΚΑΝ
ui:503,ui,,46,NL,3 OF 3 REPAIRED\\nTRAINING SIMULATION COMPLETE,3 ΑΠΟ 3 ΕΠΙΣΚΕΥΑΣΤΗΚΑΝ\\nΗ ΕΚΠΑΙΔΕΥΤΙΚΗ ΠΡΟΣΟΜΟΙΩΣΗ ΟΛΟΚΛΗΡΩΘΗΚΕ
ui:504,ui,,51,TAGS,<color=orange>There's more to explore here.</color>,<color=orange>Υπάρχουν κι άλλα να εξερευνήσεις εδώ.</color>
ui:505,ui,,27,CAPS,UNTRANSLATED TEXT REMAINING,ΑΠΟΜΕΝΕΙ ΑΜΕΤΑΦΡΑΣΤΟ ΚΕΙΜΕΝΟ
ui:506,ui,,8,CAPS,AFT HULL,ΠΡΥΜΝΑΙΟ ΚΥΤΟΣ
ui:507,ui,,3,,Low,Χαμηλή
ui:508,ui,,6,,Medium,Μεσαία
ui:509,ui,,4,,High,Υψηλή
ui:510,ui,,9,,Very High,Πολύ υψηλή
ui:511,ui,,4,,Full,Πλήρης
ui:512,ui,,4,,Half,Μισή
ui:513,ui,,7,,Quarter,Τέταρτο
ui:514,ui,,6,,Eighth,Όγδοο
ui:515,ui,,7,,Invalid,Άκυρη
ui:516,ui,,4,,Slow,Αργή
ui:517,ui,,6,,Normal,Κανονική
ui:518,ui,,4,,Fast,Γρήγορη
ui:519,ui,,7,,Instant,Ακαριαία
ui:520,ui,,11,,1440p/60fps,1440p/60fps
ui:521,ui,,11,,2160p/30fps,2160p/30fps
ui:522,ui,,13,,Dynamic/60fps,Δυναμική/60fps
ui:523,ui,,11,,1080p/60fps,1080p/60fps
ui:524,ui,,11,,1440p/30fps,1440p/30fps
ui:525,ui,,14,,Create Profile,Δημιουργία προφίλ
ui:526,ui,,21,,Enter Profile Name...,Εισαγωγή ονόματος προφίλ...
ui:527,ui,,6,,Create,Δημιουργία
ui:528,ui,,20,,Cancel And Exit Game,Ακύρωση και έξοδος από το παιχνίδι
ui:529,ui,,18,,Delete the profile,Διαγραφή του προφίλ
ui:530,ui,,1,,?,;
ui:531,ui,,17,,Switch to profile,Αλλαγή στο προφίλ
ui:532,ui,,1,,?,;
ui:533,ui,,6,,Switch,Αλλαγή
ui:534,ui,,11,,Last Saved:,Τελευταία αποθήκευση:
ui:535,ui,,104,NL,Please ensure that \\n- Outer Wilds has permissions to write to the disk \\n- The hard drive is not full,Βεβαιώσου ότι \\n- το Outer Wilds έχει δικαίωμα εγγραφής στον δίσκο \\n- ο σκληρός δίσκος δεν είναι γεμάτος
ui:536,ui,,15,,Rebind Controls,Αλλαγή χειρισμών
ui:537,ui,,17,,Control Rebinding,Αλλαγή χειρισμών
ui:538,ui,,7,,Gamepad,Χειριστήριο
ui:539,ui,,16,,Keyboard & Mouse,Πληκτρολόγιο και ποντίκι
ui:540,ui,,16,,Discard and Exit,Απόρριψη και έξοδος
ui:541,ui,,13,,Save and Exit,Αποθήκευση και έξοδος
ui:542,ui,,16,,Cancel Rebinding,Ακύρωση αλλαγών
ui:543,ui,,7,,Confirm,Επιβεβαίωση
ui:544,ui,,11,,Map Zoom In,Ζουμ χάρτη μέσα
ui:545,ui,,12,,Map Zoom Out,Ζουμ χάρτη έξω
ui:546,ui,,11,,Move X-Axis,Κίνηση άξονα X
ui:547,ui,,11,,Move Y-Axis,Κίνηση άξονα Y
ui:548,ui,,11,,Look X-Axis,Βλέμμα άξονα X
ui:549,ui,,11,,Look Y-Axis,Βλέμμα άξονα Y
ui:550,ui,,31,,Launch Scout / Forward Snapshot,Εκτόξευση ανιχνευτή / Λήψη εμπρός
ui:551,ui,,23,,Scout Rearview Snapshot,Λήψη πίσω με ανιχνευτή
ui:552,ui,,11,,Tool X-Axis,Εργαλείο άξονα X
ui:553,ui,,11,,Tool Y-Axis,Εργαλείο άξονα Y
ui:554,ui,,9,,Roll Mode,Λειτουργία περιστροφής
ui:555,ui,,13,,Jetpack Boost,Ώθηση στολής
ui:556,ui,,14,,Landing Camera,Κάμερα προσγείωσης
ui:557,ui,,17,,Cockpit Free Look,Ελεύθερο βλέμμα πιλοτηρίου
ui:558,ui,,20,,Change Ship Log Mode,Αλλαγή λειτουργίας ημερολογίου
ui:559,ui,,17,,Mark Entry on HUD,Σήμανση καταχώρισης στο HUD
ui:560,ui,,20,,Scroll Ship Log Text,Κύλιση κειμένου ημερολογίου
ui:561,ui,,8,,Doze Off,Αποκοιμήσου
ui:562,ui,,11,,Fall Asleep,Ύπνος
ui:563,ui,,4,CAPS,PS4®,PS4®
ui:564,ui,,4,,Xbox,Xbox
ui:565,ui,,6,,Custom,Προσαρμοσμένο
ui:566,ui,,14,,Gamepad Preset,Προεπιλογή χειριστηρίου
ui:567,ui,,15,,File Save Error,Σφάλμα αποθήκευσης αρχείου
ui:568,ui,,13,,PS4® (Custom),PS4® (Προσαρμοσμένο)
ui:569,ui,,18,,Dualshock (Custom),Dualshock (Προσαρμοσμένο)
ui:570,ui,,9,,Dualshock,Dualshock
ui:571,ui,,13,,Xbox (Custom),Xbox (Προσαρμοσμένο)
ui:572,ui,,10,,Switch Pro,Switch Pro
ui:573,ui,,19,,Switch Pro (Custom),Switch Pro (Προσαρμοσμένο)
ui:574,ui,,6,,Axis #,Άξονας #
ui:575,ui,,8,,Button #,Πλήκτρο #
ui:576,ui,,62,,Found recovered data for profile name <Profile Name>. Restore?,Βρέθηκαν ανακτημένα δεδομένα για το προφίλ <Profile Name>. Επαναφορά;
ui:577,ui,,56,,Overwrite existing data for profile name <Profile Name>?,Αντικατάσταση των υπαρχόντων δεδομένων για το προφίλ <Profile Name>;
ui:578,ui,,12,,Gear Options,Επιλογές εξοπλισμού
ui:579,ui,,12,,Gear Options,Επιλογές εξοπλισμού
ui:580,ui,ERROR,26,CAPS,ERROR: SCOUT RECALL FAILED,ΣΦΑΛΜΑ: Η ΑΝΑΚΛΗΣΗ ΑΝΙΧΝΕΥΤΗ ΑΠΕΤΥΧΕ
ui:581,ui,,25,CAPS,FREEZE TIME WHILE READING,ΠΑΓΩΜΑ ΧΡΟΝΟΥ ΚΑΤΑ ΤΗΝ ΑΝΑΓΝΩΣΗ
ui:582,ui,,15,CAPS,REBIND CONTROLS,ΑΛΛΑΓΗ ΧΕΙΡΙΣΜΩΝ
ui:583,ui,,17,CAPS,CONTROL REBINDING,ΑΛΛΑΓΗ ΧΕΙΡΙΣΜΩΝ
ui:584,ui,,7,CAPS,GAMEPAD,ΧΕΙΡΙΣΤΗΡΙΟ
ui:585,ui,,16,CAPS,KEYBOARD & MOUSE,ΠΛΗΚΤΡΟΛΟΓΙΟ ΚΑΙ ΠΟΝΤΙΚΙ
ui:586,ui,,14,,Delete Profile,Διαγραφή προφίλ
ui:587,ui,,14,,Switch Profile,Αλλαγή προφίλ
ui:588,ui,,51,,Select from pre-configured visual quality settings.,Επίλεξε από προκαθορισμένες ρυθμίσεις ποιότητας εικόνας.
ui:589,ui,,54,,Whether the game should run as windowed or fullscreen.,Αν το παιχνίδι θα τρέχει σε παράθυρο ή σε πλήρη οθόνη.
ui:590,ui,,42,,Choose which monitor will display the game,Επίλεξε σε ποια οθόνη θα εμφανίζεται το παιχνίδι
ui:591,ui,,106,,"Determines which resolutions are available in the following option, based on the dimensions of the screen.","Καθορίζει ποιες αναλύσεις είναι διαθέσιμες στην επόμενη επιλογή, με βάση τις διαστάσεις της οθόνης."
ui:592,ui,,69,NL,The game will render at this pixel resolution.\\nRendering cost: High,Το παιχνίδι θα αποδίδεται σε αυτή την ανάλυση.\\nΚόστος απόδοσης: Υψηλό
ui:593,ui,,115,NL,"Smooths out jagged pixel edges.  SMAA is more precise and higher quality, but FXAA is faster.\\nRendering cost: Low","Εξομαλύνει τις οδοντωτές ακμές.  Το SMAA είναι πιο ακριβές και υψηλότερης ποιότητας, ενώ το FXAA πιο γρήγορο.\\nΚόστος απόδοσης: Χαμηλό"
ui:594,ui,,87,,Quality of the anti-aliasing post-processing effect.  Higher quality is more expensive.,Ποιότητα του εφέ εξομάλυνσης ακμών.  Η υψηλότερη ποιότητα κοστίζει περισσότερο.
ui:595,ui,,83,NL,Relative resolution of texture maps used throughout the game.\\nMemory cost: Medium,Σχετική ανάλυση των υφών σε όλο το παιχνίδι.\\nΚόστος μνήμης: Μεσαίο
ui:596,ui,,93,NL,Amount of detail in the ocean waves and lighting quality of the water.\\nRendering cost: High,Λεπτομέρεια στα κύματα του ωκεανού και ποιότητα φωτισμού του νερού.\\nΚόστος απόδοσης: Υψηλό
ui:597,ui,,128,NL,"The resolution and accuracy of shadows in the game world, as well as the number of shadow-casting lights.\\nRendering cost: High","Η ανάλυση και η ακρίβεια των σκιών στον κόσμο του παιχνιδιού, καθώς και ο αριθμός των φώτων που ρίχνουν σκιά.\\nΚόστος απόδοσης: Υψηλό"
ui:598,ui,,138,NL,Calculates ambient occlusion (the soft shadows when objects are close to each other) as a post-processing effect.\\nRendering cost: Medium,Υπολογίζει την περιβαλλοντική σκίαση (τις απαλές σκιές όταν αντικείμενα βρίσκονται κοντά μεταξύ τους) ως εφέ επεξεργασίας.\\nΚόστος απόδοσης: Μεσαίο
ui:599,ui,,73,NL,Adjusts the brightness or darkness of the visuals.\\nRendering cost: None,Ρυθμίζει τη φωτεινότητα ή τη σκοτεινότητα της εικόνας.\\nΚόστος απόδοσης: Κανένα
ui:600,ui,,213,NL,"Prevents screen-tearing by synchronizing the game's framerate with the monitor's refresh rate.\\nRendering cost: None, but will automatically lower your framerate to the closest multiple of the monitor's sync rate","Αποτρέπει το σκίσιμο της εικόνας συγχρονίζοντας τα καρέ του παιχνιδιού με τον ρυθμό ανανέωσης της οθόνης.\\nΚόστος απόδοσης: Κανένα, αλλά θα μειώσει αυτόματα τα καρέ σου στο πλησιέστερο πολλαπλάσιο του ρυθμού συγχρονισμού της οθόνης"
ui:601,ui,,111,NL,"Dithering improves color blending, but may make compressed video of the game look worse.\\nRendering cost: None","Το dithering βελτιώνει τη μείξη των χρωμάτων, αλλά μπορεί να κάνει το συμπιεσμένο βίντεο του παιχνιδιού να φαίνεται χειρότερο.\\nΚόστος απόδοσης: Κανένα"
ui:602,ui,,140,NL,The vertical field-of-view of the in-game camera.  Warning: changing this might affect certain puzzles in Outer Wilds.\\nRendering cost: Low,Το κατακόρυφο οπτικό πεδίο της κάμερας.  Προσοχή: η αλλαγή του μπορεί να επηρεάσει ορισμένους γρίφους στο Outer Wilds.\\nΚόστος απόδοσης: Χαμηλό
ui:603,ui,,110,,Jetpack boost can be triggered with a separate button press (manual) or any time upward thrust is used (auto).,Η ώθηση της στολής μπορεί να ενεργοποιείται με ξεχωριστό πάτημα (χειροκίνητα) ή κάθε φορά που χρησιμοποιείς ώθηση προς τα πάνω (αυτόματα).
ui:604,ui,,98,,Translator can be equipped with a button press (manual) or by looking at translatable text (auto).,Ο μεταφραστής μπορεί να εξοπλίζεται με πάτημα πλήκτρου (χειροκίνητα) ή κοιτάζοντας μεταφράσιμο κείμενο (αυτόματα).
ui:605,ui,,74,,Displays a HUD notification when new information is added to the ship log.,Εμφανίζει ειδοποίηση στο HUD όταν προστίθενται νέες πληροφορίες στο ημερολόγιο σκάφους.
ui:606,ui,,90,,Displays rumor connections between ship log entries. Disable to minimize in-game guidance.,Εμφανίζει τις συνδέσεις φημών ανάμεσα στις καταχωρίσεις του ημερολογίου. Απενεργοποίησέ το για λιγότερη καθοδήγηση.
ui:607,ui,,92,,Disabling this will remove the ability to automatically fly between planets using autopilot.,Η απενεργοποίηση αφαιρεί τη δυνατότητα αυτόματης πτήσης ανάμεσα στους πλανήτες με αυτόματο πιλότο.
ui:608,ui,,46,,Displays button prompts for available actions.,Εμφανίζει ενδείξεις πλήκτρων για τις διαθέσιμες ενέργειες.
ui:609,ui,,28,,Change volume for all audio.,Αλλάζει την ένταση όλων των ήχων.
ui:610,ui,,37,,Change volume for non-diegetic music.,Αλλάζει την ένταση της μη διηγητικής μουσικής.
ui:611,ui,,45,,Change the language for all text in the game.,Αλλάζει τη γλώσσα σε όλα τα κείμενα του παιχνιδιού.
ui:612,ui,,52,,Change the reveal speed of text during conversation.,Αλλάζει την ταχύτητα εμφάνισης του κειμένου στις συνομιλίες.
ui:613,ui,,141,NL,Freezes time while reading translated text (translator must remain stationary).\\nNOTE: There are certain periods when time cannot be frozen.,Παγώνει τον χρόνο όσο διαβάζεις μεταφρασμένο κείμενο (ο μεταφραστής πρέπει να μένει ακίνητος).\\nΣΗΜΕΙΩΣΗ: Υπάρχουν στιγμές που ο χρόνος δεν μπορεί να παγώσει.
ui:614,ui,,100,NL,Freezes time while using the ship log.\\nNOTE: There are certain periods when time cannot be frozen.,Παγώνει τον χρόνο όσο χρησιμοποιείς το ημερολόγιο σκάφους.\\nΣΗΜΕΙΩΣΗ: Υπάρχουν στιγμές που ο χρόνος δεν μπορεί να παγώσει.
ui:615,ui,,206,NL,Freezes time while talking to characters and reading journals or signs. This will prevent character animations from playing during conversation.\\nNOTE: There are certain periods when time cannot be frozen.,Παγώνει τον χρόνο όσο μιλάς με χαρακτήρες και διαβάζεις ημερολόγια ή πινακίδες. Αυτό εμποδίζει τις κινήσεις των χαρακτήρων κατά τη συνομιλία.\\nΣΗΜΕΙΩΣΗ: Υπάρχουν στιγμές που ο χρόνος δεν μπορεί να παγώσει.
ui:616,ui,,32,,Invert look y-axis when on foot.,Αντιστρέφει τον άξονα Y του βλέμματος όταν είσαι πεζός.
ui:617,ui,,43,,Invert look y-axis when piloting your ship.,Αντιστρέφει τον άξονα Y του βλέμματος όταν πιλοτάρεις το σκάφος σου.
ui:618,ui,,47,,Enables controller vibration (controller only).,Ενεργοποιεί τη δόνηση του χειριστηρίου (μόνο για χειριστήριο).
ui:619,ui,,128,,Set look input sensitivity while on foot. A lower look sensitivity will result is a slower look speed that is easier to control.,Ορίζει την ευαισθησία του βλέμματος όταν είσαι πεζός. Χαμηλότερη ευαισθησία σημαίνει πιο αργή και πιο ελεγχόμενη κίνηση.
ui:620,ui,,139,,Set look input sensitivity while piloting your ship. A lower look sensitivity will result is a slower look speed that is easier to control.,Ορίζει την ευαισθησία του βλέμματος όταν πιλοτάρεις το σκάφος σου. Χαμηλότερη ευαισθησία σημαίνει πιο αργή και πιο ελεγχόμενη κίνηση.
ui:621,ui,,222,NL,Determines how far (from center) the left/right stick must be tilted before any input is detected.\\nConsider increasing this dead zone if your character moves or looks around when you're not touching the left/right stick.,Καθορίζει πόσο πρέπει να κλίνει ο αριστερός/δεξιός μοχλός (από το κέντρο) πριν ανιχνευτεί κίνηση.\\nΑύξησε αυτή τη νεκρή ζώνη αν ο χαρακτήρας σου κινείται ή κοιτάζει γύρω χωρίς να αγγίζεις τον μοχλό.
ui:622,ui,,206,NL,Determines how far (from full tilt) the left/right stick must be released before maximum input is no longer detected.\\nConsider increasing this dead zone if you are unable to move or look at maximum speed.,Καθορίζει πόσο πρέπει να επιστρέψει ο αριστερός/δεξιός μοχλός (από την πλήρη κλίση) ώστε να πάψει να ανιχνεύεται η μέγιστη κίνηση.\\nΑύξησε αυτή τη νεκρή ζώνη αν δεν μπορείς να κινηθείς ή να κοιτάξεις με μέγιστη ταχύτητα.
ui:623,ui,,77,,Open this menu to modify which buttons are assigned to which in-game actions.,Άνοιξε αυτό το μενού για να αλλάξεις ποια πλήκτρα αντιστοιχούν σε ποιες ενέργειες.
ui:624,ui,,17,,Throw Marshmallow,Πέταγμα ζαχαρωτού
ui:625,ui,,8,,Push Off,Απώθηση
ui:626,ui,,29,,Your save file was corrupted.,Το αρχείο αποθήκευσής σου καταστράφηκε.
ui:627,ui,,19,,Load previous save?,Φόρτωση προηγούμενης αποθήκευσης;
ui:628,ui,,46,,Selects the controller that the game will use.,Επιλέγει το χειριστήριο που θα χρησιμοποιεί το παιχνίδι.
ui:629,ui,,73,,Changes the controller mapping to correspond to the indicated controller.,Αλλάζει την αντιστοίχιση πλήκτρων ώστε να ταιριάζει με το επιλεγμένο χειριστήριο.
ui:630,ui,,72,,Changes the displayed button images to that of the indicated controller.,Αλλάζει τις εικόνες των πλήκτρων ώστε να ταιριάζουν με το επιλεγμένο χειριστήριο.
ui:631,ui,,220,,Changes the Keyboard Layout setting. Changes to this setting will prompt you as to whether or not you want to change the currently set keyboard bindings. This will also redefine the default settings for Keyboard & Mouse.,Αλλάζει τη διάταξη πληκτρολογίου. Η αλλαγή αυτής της ρύθμισης θα σε ρωτήσει αν θέλεις να αλλάξεις και τις τρέχουσες αντιστοιχίσεις πλήκτρων. Θα επαναπροσδιορίσει επίσης τις προεπιλογές για Πληκτρολόγιο και ποντίκι.
ui:632,ui,,15,,Pauses the game,Κάνει παύση στο παιχνίδι
ui:633,ui,,12,,Menu Confirm,Επιβεβαίωση στο μενού
ui:634,ui,,11,,Menu Cancel,Ακύρωση στο μενού
ui:635,ui,,26,,Movement from side to side,Κίνηση δεξιά και αριστερά
ui:636,ui,,30,,Movement forward and backwards,Κίνηση εμπρός και πίσω
ui:637,ui,,29,,Camera movement left to right,Κίνηση κάμερας αριστερά και δεξιά
ui:638,ui,,27,,Camera movement up and down,Κίνηση κάμερας πάνω και κάτω
ui:639,ui,,21,,Interact with objects,Αλληλεπίδραση με αντικείμενα
ui:640,ui,,4,,Jump,Άλμα
ui:641,ui,,27,,Turns flashlight on and off,Ανάβει και σβήνει τον φακό
ui:642,ui,,14,,Opens Map View,Ανοίγει τον χάρτη
ui:643,ui,,19,,Zoom in in map view,Ζουμ μέσα στον χάρτη
ui:644,ui,,20,,Zoom out in map view,Ζουμ έξω στον χάρτη
ui:645,ui,,18,,Equips Signalscope,Εξοπλίζει το σηματοσκόπιο
ui:646,ui,,37,,"Equips, Launches, and Retrieves scout","Εξοπλίζει, εκτοξεύει και ανακτά τον ανιχνευτή"
ui:647,ui,,80,NL,Scout: Takes forward snapshot\\nSignalscope: Change view\\nTranslator: Translate,Ανιχνευτής: Λήψη εμπρός\\nΣηματοσκόπιο: Αλλαγή θέασης\\nΜεταφραστής: Μετάφραση
ui:648,ui,,31,,Scout: Takes rear view snapshot,Ανιχνευτής: Λήψη πίσω
ui:649,ui,,32,,Generic tool mode left and right,Λειτουργία εργαλείου αριστερά και δεξιά
ui:650,ui,,29,,Generic tool mode up and down,Λειτουργία εργαλείου πάνω και κάτω
ui:651,ui,,33,,Jetpack and Ship upwards movement,Κίνηση στολής και σκάφους προς τα πάνω
ui:652,ui,,35,,Jetpack and Ship downwards movement,Κίνηση στολής και σκάφους προς τα κάτω
ui:653,ui,,67,,"When pressed, Move X-Axis will roll you about the forward direction","Όταν πατηθεί, ο άξονας X κίνησης σε περιστρέφει γύρω από τον άξονα πορείας"
ui:654,ui,,29,,Triggers manual Jetpack Boost,Ενεργοποιεί χειροκίνητα την ώθηση της στολής
ui:655,ui,,31,,Locks on to an indicated target,Κλειδώνει σε έναν στόχο
ui:656,ui,,81,,"When locked on, activates thrusters to match the velocity of the locked on target","Όταν έχεις κλειδώσει σε στόχο, ενεργοποιεί τους προωθητήρες για να εξισώσει την ταχύτητα με αυτήν του στόχου"
ui:657,ui,,31,,Toggles the Ship landing camera,Ενεργοποιεί και απενεργοποιεί την κάμερα προσγείωσης
ui:658,ui,,40,,"When locked on, activates ship autopilot","Όταν έχεις κλειδώσει σε στόχο, ενεργοποιεί τον αυτόματο πιλότο"
ui:659,ui,,58,,Toggles free look while buckled into the ship cockpit seat,Ενεργοποιεί το ελεύθερο βλέμμα όσο είσαι δεμένος στο κάθισμα του πιλοτηρίου
ui:660,ui,,55,,"In the ship log, toggles between map and discovery mode","Στο ημερολόγιο σκάφους, εναλλάσσει ανάμεσα σε χάρτη και ανακαλύψεις"
ui:661,ui,,70,,"In the ship log, turns on a HUD Marker for the indicated ship log item","Στο ημερολόγιο σκάφους, ενεργοποιεί σημάδι στο HUD για την επιλεγμένη καταχώριση"
ui:662,ui,,49,,"In the ship log, scrolls through long log entries","Στο ημερολόγιο σκάφους, κυλάει τις μεγάλες καταχωρίσεις"
ui:663,ui,,74,,Enables wireless controller vibration function (wireless controller only).,Ενεργοποιεί τη δόνηση ασύρματου χειριστηρίου (μόνο για ασύρματο χειριστήριο).
ui:664,ui,,47,,Enables controller vibration (controller only).,Ενεργοποιεί τη δόνηση του χειριστηρίου (μόνο για χειριστήριο).
ui:665,ui,,220,,Determines how far (from center) the left/right stick must be tilted before any input is detected. Consider increasing this dead zone if your character moves or looks around when you're not touching the left/right stick.,Καθορίζει πόσο πρέπει να κλίνει ο αριστερός/δεξιός μοχλός (από το κέντρο) πριν ανιχνευτεί κίνηση. Αύξησε αυτή τη νεκρή ζώνη αν ο χαρακτήρας σου κινείται ή κοιτάζει γύρω χωρίς να αγγίζεις τον μοχλό.
ui:666,ui,,204,,Determines how far (from full tilt) the left/right stick must be released before maximum input is no longer detected. Consider increasing this dead zone if you are unable to move or look at maximum speed.,Καθορίζει πόσο πρέπει να επιστρέψει ο αριστερός/δεξιός μοχλός (από την πλήρη κλίση) ώστε να πάψει να ανιχνεύεται η μέγιστη κίνηση. Αύξησε αυτή τη νεκρή ζώνη αν δεν μπορείς να κινηθείς ή να κοιτάξεις με μέγιστη ταχύτητα.
ui:667,ui,,135,NL,Selects the resolution and framerate to render at.\\nDynamic resolution is ideal for displays with Variable Refresh Rate (VRR) support.,Επιλέγει την ανάλυση και τα καρέ απόδοσης.\\nΗ δυναμική ανάλυση είναι ιδανική για οθόνες με υποστήριξη μεταβλητού ρυθμού ανανέωσης (VRR).
ui:668,ui,,12,,The Stranger,Ο Ξένος
ui:669,ui,,12,CAPS,THE PRISONER,Ο ΦΥΛΑΚΙΣΜΕΝΟΣ
ui:670,ui,,8,,Artifact,Τεχνούργημα
ui:671,ui,,7,,Lantern,Φανάρι
ui:672,ui,,10,,Slide Reel,Καρούλι διαφανειών
ui:673,ui,,9,,Push Raft,Σπρώξιμο σχεδίας
ui:674,ui,,6,,Rotate,Περιστροφή
ui:675,ui,,13,,Use Interface,Χρήση διεπαφής
ui:676,ui,,12,,Release Raft,Απελευθέρωση σχεδίας
ui:677,ui,,14,,View Slideshow,Προβολή διαφανειών
ui:678,ui,,4,,Look,Βλέμμα
ui:679,ui,,9,,Rotate Up,Περιστροφή πάνω
ui:680,ui,,11,,Rotate Down,Περιστροφή κάτω
ui:681,ui,,16,,Rotate Up / Down,Περιστροφή πάνω / κάτω
ui:682,ui,,4,,Open,Άνοιγμα
ui:683,ui,,5,,Close,Κλείσιμο
ui:684,ui,,4,,Give,Δώσε
ui:685,ui,,4,,Take,Πάρε
ui:686,ui,,12,,Vision Torch,Δαυλός οραμάτων
ui:687,ui,,19,,Rotate Left / Right,Περιστροφή αριστερά / δεξιά
ui:688,ui,,7,,Project,Προβολή
ui:689,ui,,14,,Project Vision,Προβολή οράματος
ui:690,ui,,14,,Rewatch Vision,Επανάληψη οράματος
ui:691,ui,,4,,Scan,Σάρωση
ui:692,ui,,42,TAGS,<color=red>ERROR: Unknown Language</color>,<color=red>ΣΦΑΛΜΑ: Άγνωστη γλώσσα</color>
ui:693,ui,ERROR,20,NL,ERROR:\\nMAP OFFLINE,ΣΦΑΛΜΑ:\\nΧΑΡΤΗΣ ΕΚΤΟΣ ΛΕΙΤΟΥΡΓΙΑΣ
ui:694,ui,,5,,Focus,Εστίαση
ui:695,ui,,7,,Conceal,Απόκρυψη
ui:696,ui,,7,,Forward,Εμπρός
ui:697,ui,,7,,Reverse,Αντίστροφα
ui:698,ui,,86,,Return warp status: CHARGED. Step onto warp receiver platform to activate return warp.,Κατάσταση στρέβλωσης επιστροφής: ΦΟΡΤΙΣΜΕΝΗ. Πάτησε στην πλάκα του δέκτη στρέβλωσης για να ενεργοποιηθεί η επιστροφή.
ui:699,ui,,22,,Set Default Controller,Ορισμός προεπιλεγμένου χειριστηρίου
ui:700,ui,,21,,Don't show this again,Να μην εμφανιστεί ξανά
ui:701,ui,,18,,Controller Profile,Προφίλ χειριστηρίου
ui:702,ui,,20,,Button Prompt Images,Εικόνες πλήκτρων
ui:703,ui,,13,,(Auto Detect),(Αυτόματος εντοπισμός)
ui:704,ui,,8,,(Custom),(Προσαρμοσμένο)
ui:705,ui,,22,,Unknown Input Detected,Εντοπίστηκε άγνωστη είσοδος
ui:706,ui,,13,,Joystick Axis,Άξονας μοχλού
ui:707,ui,,23,,Designate Joystick Type,Ορισμός τύπου μοχλού
ui:708,ui,,14,,"Normal [-1, 1]","Κανονικός [-1, 1]"
ui:709,ui,,15,,"Trigger [-1, 1]","Σκανδάλη [-1, 1]"
ui:710,ui,,6,,Action,Ενέργεια
ui:711,ui,,14,,Retrieve Scout,Ανάκτηση ανιχνευτή
ui:712,ui,,19,,Primary Tool Action,Κύρια ενέργεια εργαλείου
ui:713,ui,,21,,Secondary Tool Action,Δευτερεύουσα ενέργεια εργαλείου
ui:714,ui,,21,,Launch/Retrieve Scout,Εκτόξευση/Ανάκτηση ανιχνευτή
ui:715,ui,,25,,V1.x.8 Key Binding Update,Ενημέρωση αντιστοιχίσεων V1.x.8
ui:716,ui,,16,,Old Key Bindings,Παλιές αντιστοιχίσεις
ui:717,ui,,16,,New Key Bindings,Νέες αντιστοιχίσεις
ui:718,ui,,19,,Open Rebinding Menu,Άνοιγμα μενού αντιστοιχίσεων
ui:719,ui,,8,,Continue,Συνέχεια
ui:720,ui,,13,,Save Changes?,Αποθήκευση αλλαγών;
ui:721,ui,,17,,Save Key Bindings,Αποθήκευση αντιστοιχίσεων
ui:722,ui,,20,,Discard Key Bindings,Απόρριψη αντιστοιχίσεων
ui:723,ui,,15,,Keyboard Layout,Διάταξη πληκτρολογίου
ui:724,ui,,25,,Update Keyboard Bindings?,Ενημέρωση αντιστοιχίσεων πληκτρολογίου;
ui:725,ui,,17,,Convert Keys from,Μετατροπή πλήκτρων από
ui:726,ui,,2,,to,σε
ui:727,ui,,6,,Layout,Διάταξη
ui:728,ui,,15,,Keep Keys as-is,Διατήρηση πλήκτρων ως έχουν
ui:729,ui,,8,,Next Tab,Επόμενη καρτέλα
ui:730,ui,,21,,Reset Current Changes,Επαναφορά τρεχουσών αλλαγών
ui:731,ui,,20,,Leave & Save Changes,Έξοδος και αποθήκευση
ui:732,ui,,16,,Audio & Language,Ήχος και γλώσσα
ui:733,ui,,8,,Controls,Χειρισμοί
ui:734,ui,,5,,Basic,Βασικά
ui:735,ui,,17,,Active Controller,Ενεργό χειριστήριο
ui:736,ui,,8,,Advanced,Προχωρημένα
ui:737,ui,,19,,Preflight Checklist,Έλεγχος πριν την πτήση
ui:738,ui,,13,,(unsupported),(μη υποστηριζόμενο)
ui:739,ui,,15,,Reduced Frights,Μειωμένος τρόμος
ui:740,ui,,35,,Reduced Frights (Echoes of the Eye),Μειωμένος τρόμος (Echoes of the Eye)
ui:741,ui,,54,,Makes certain frightening sequences easier to navigate,Κάνει ορισμένες τρομακτικές σκηνές πιο εύκολες
ui:742,ui,,214,NL,"The frightening aspects of Echoes of the Eye are part of the intended experience. If they become an obstacle to your enjoyment of Outer Wilds, enabling this option will reduce some of those aspects.\\nAre you sure?","Οι τρομακτικές πτυχές του Echoes of the Eye είναι μέρος της εμπειρίας που σχεδιάστηκε. Αν γίνουν εμπόδιο στην απόλαυση του Outer Wilds, αυτή η επιλογή θα τις μειώσει.\\nΣίγουρα;"
ui:743,ui,,205,NL,"The frightening aspects of Outer Wilds are part of the intended experience. If they become an obstacle to your enjoyment of the game, enabling this option will reduce some of those aspects.\\nAre you sure?","Οι τρομακτικές πτυχές του Outer Wilds είναι μέρος της εμπειρίας που σχεδιάστηκε. Αν γίνουν εμπόδιο στην απόλαυση του παιχνιδιού, αυτή η επιλογή θα τις μειώσει.\\nΣίγουρα;"
ui:744,ui,,18,,Jetpack Auto Boost,Αυτόματη ώθηση στολής
ui:745,ui,,21,,Translator Auto Equip,Αυτόματος εξοπλισμός μεταφραστή
ui:746,ui,,34,,Freeze time while translating text,Πάγωμα χρόνου κατά τη μετάφραση
ui:747,ui,,34,,Freeze time while reading ship log,Πάγωμα χρόνου στο ημερολόγιο σκάφους
ui:748,ui,,35,,Freeze time while talking to others,Πάγωμα χρόνου στις συνομιλίες
ui:749,ui,,17,,Music-only Volume,Ένταση μόνο μουσικής
ui:750,ui,,46,,Change volume for all music and sound effects.,Αλλάζει την ένταση της μουσικής και των ηχητικών εφέ.
ui:751,ui,,7,,General,Γενικά
ui:752,ui,,8,,Movement,Κίνηση
ui:753,ui,,9,,Equipment,Εξοπλισμός
ui:754,ui,,6,,Flight,Πτήση
ui:755,ui,,8,,Ship Log,Ημερολόγιο σκάφους
ui:756,ui,,14,,Retrieve Scout,Ανάκτηση ανιχνευτή
ui:757,ui,,16,,Primary Interact,Κύρια αλληλεπίδραση
ui:758,ui,,18,,Secondary Interact,Δευτερεύουσα αλληλεπίδραση
ui:759,ui,,18,CAPS,SHIP FUEL DEPLETED,ΕΞΑΝΤΛΗΘΗΚΕ ΤΟ ΚΑΥΣΙΜΟ ΤΟΥ ΣΚΑΦΟΥΣ
ui:760,ui,,11,,New Exhibit,Νέο έκθεμα
ui:761,ui,,190,,"Certain parts of Echoes of the Eye can be intense for some players. If they become an obstacle to your enjoyment of Outer Wilds, a ""Reduced Frights"" option is available in the gameplay menu.","Ορισμένα σημεία του Echoes of the Eye μπορεί να είναι έντονα για κάποιους παίκτες. Αν γίνουν εμπόδιο στην απόλαυση του Outer Wilds, υπάρχει η επιλογή «Μειωμένος τρόμος» στο μενού παιχνιδιού."
ui:762,ui,,64,,Adjust the slider until the image on the left is barely visible.,Ρύθμισε τον δείκτη μέχρι η εικόνα αριστερά να μόλις διακρίνεται.
ui:763,ui,,15,CAPS,- NEW EXHIBIT -,- ΝΕΟ ΕΚΘΕΜΑ -
ui:764,ui,,15,CAPS,- COMING SOON -,- ΠΡΟΣΕΧΩΣ -
ui:765,ui,,21,,Translator Auto Equip,Αυτόματος εξοπλισμός μεταφραστή
ui:766,ui,,16,CAPS,AUDIO & LANGUAGE,ΗΧΟΣ ΚΑΙ ΓΛΩΣΣΑ
ui:767,ui,,8,CAPS,CONTROLS,ΧΕΙΡΙΣΜΟΙ
ui:768,ui,,13,,Water Quality,Ποιότητα νερού
ui:769,ui,,83,NL,Amount of detail in waves and lighting quality of the water.\\nRendering cost: High,Λεπτομέρεια στα κύματα και ποιότητα φωτισμού του νερού.\\nΚόστος απόδοσης: Υψηλό
ui:770,ui,,24,,Lighting Effects Quality,Ποιότητα εφέ φωτισμού
ui:771,ui,,118,NL,Resolution of reflections and darkened interiors in certain locations through the game world.\\nRendering cost: Medium,Ανάλυση των αντανακλάσεων και των σκοτεινών εσωτερικών χώρων σε ορισμένα σημεία του κόσμου.\\nΚόστος απόδοσης: Μεσαίο
ui:772,ui,,19,,Reflections Quality,Ποιότητα αντανακλάσεων
ui:773,ui,,95,NL,Resolution of reflections in certain locations through the game world.\\nRendering cost: Medium,Ανάλυση των αντανακλάσεων σε ορισμένα σημεία του κόσμου.\\nΚόστος απόδοσης: Μεσαίο
ui:774,ui,,20,,Leave & Save Changes,Έξοδος και αποθήκευση
ui:775,ui,,27,,Default Settings (Gameplay),Προεπιλεγμένες ρυθμίσεις (Παιχνίδι)
ui:776,ui,,35,,Default Settings (Audio & Language),Προεπιλεγμένες ρυθμίσεις (Ήχος και γλώσσα)
ui:777,ui,,27,,Default Settings (Controls),Προεπιλεγμένες ρυθμίσεις (Χειρισμοί)
ui:778,ui,,27,,Default Settings (Graphics),Προεπιλεγμένες ρυθμίσεις (Γραφικά)
ui:779,ui,,112,,Thank you for supporting Outer Wilds Ventures! A new museum exhibit is now available in the village observatory.,Ευχαριστούμε που στηρίζεις την Outer Wilds Ventures! Ένα νέο έκθεμα είναι πλέον διαθέσιμο στο παρατηρητήριο του χωριού.
ui:780,ui,,20,,Patch 8 (PS4 version,Το Patch 8 (έκδοση PS4
ui:781,ui,,143,,") contains major updates to the input system.  As a result, all input bindings have been reset to defaults. We apologize for the inconvenience!",") περιέχει σημαντικές αλλαγές στο σύστημα εισόδου.  Ως αποτέλεσμα, όλες οι αντιστοιχίσεις πλήκτρων επανήλθαν στις προεπιλογές. Ζητούμε συγγνώμη για την αναστάτωση!"
ui:782,ui,,149,,"Patch 8 contains major updates to the input system.  As a result, all input bindings have been reset to defaults. We apologize for the inconvenience!","Το Patch 8 περιέχει σημαντικές αλλαγές στο σύστημα εισόδου.  Ως αποτέλεσμα, όλες οι αντιστοιχίσεις πλήκτρων επανήλθαν στις προεπιλογές. Ζητούμε συγγνώμη για την αναστάτωση!"
ui:783,ui,,16,CAPS,DEEP SPACE RADIO,ΡΑΔΙΟΦΩΝΟ ΒΑΘΕΟΣ ΔΙΑΣΤΗΜΑΤΟΣ
ui:784,ui,,11,CAPS,RADIO TOWER,ΠΥΡΓΟΣ ΑΣΥΡΜΑΤΟΥ
ui:785,ui,,20,CAPS,DEEP SPACE SATELLITE,ΔΟΡΥΦΟΡΟΣ ΒΑΘΕΟΣ ΔΙΑΣΤΗΜΑΤΟΣ
ui:786,ui,,125,,Echoes of the Eye will become available once you resume from the title screen. Do you want to return to the title screen now?,Το Echoes of the Eye θα γίνει διαθέσιμο μόλις συνεχίσεις από την αρχική οθόνη. Θέλεις να επιστρέψεις τώρα στην αρχική οθόνη;
ui:787,ui,,46,,Interact with objects (secondary interactions),Αλληλεπίδραση με αντικείμενα (δευτερεύουσες ενέργειες)
ui:788,ui,,77,NL,Scout: Launch/Forward Snapshot\\nSignalscope: Zoom In\\nTranslator: Translate,Ανιχνευτής: Εκτόξευση/Λήψη εμπρός\\nΣηματοσκόπιο: Ζουμ\\nΜεταφραστής: Μετάφραση
ui:789,ui,,24,,Scout: Rearview Snapshot,Ανιχνευτής: Λήψη πίσω
ui:790,ui,,32,,Change volume for sound effects.,Αλλάζει την ένταση των ηχητικών εφέ.
ui:791,ui,,32,,Change volume for sound effects.,Αλλάζει την ένταση των ηχητικών εφέ.
ui:792,ui,,44,,Would you like to reset your input settings?,Θέλεις να επαναφέρεις τις ρυθμίσεις χειρισμού;
ui:793,ui,,3,,Yes,Ναι
ui:794,ui,,2,,No,Όχι
ui:795,ui,,10,,Fullscreen,Πλήρης οθόνη
ui:796,ui,,8,,Windowed,Παράθυρο
ui:797,ui,,17,,Borderless Window,Παράθυρο χωρίς περίγραμμα
ui:798,ui,,15,,Keyboard Layout,Διάταξη πληκτρολογίου
ui:799,ui,,129,,Sets key bindings according to the selected keyboard layout. (Changing this setting resets Keyboard & Mouse bindings to defaults),Ορίζει τις αντιστοιχίσεις πλήκτρων σύμφωνα με την επιλεγμένη διάταξη πληκτρολογίου. (Η αλλαγή επαναφέρει τις αντιστοιχίσεις Πληκτρολογίου και ποντικιού στις προεπιλογές)
ui:800,ui,,35,,Switch Pro Controller (unsupported),Switch Pro Controller (μη υποστηριζόμενο)
ui:801,ui,,16,,Switch Slideshow,Αλλαγή διαφανειών
ui:802,ui,,17,,Resume Expedition,Συνέχεια αποστολής
ui:803,ui,,52,,Adjust the slider until the image is barely visable.,Ρύθμισε τον δείκτη μέχρι η εικόνα να μόλις διακρίνεται.
ui:804,ui,,5,,Apply,Εφαρμογή
ui:805,ui,,6,,Cancel,Ακύρωση
ui:806,ui,,5,,Gamma,Γάμμα
ui:807,ui,,4,,Next,Επόμενο
ui:808,ui,,8,,Previous,Προηγούμενο
ui:809,ui,,18,,Vibration Function,Λειτουργία δόνησης
ui:810,ui,,7,,UI Size,Μέγεθος διεπαφής
ui:811,ui,,4,,Auto,Αυτόματο
ui:812,ui,,7,,Regular,Κανονικό
ui:813,ui,,5,,Large,Μεγάλο
ui:814,ui,,129,NL,Auto: Size is automatically determined by Language and Platform.\\nRegular/Large: Size is manually locked to the selected option.,Αυτόματο: Το μέγεθος καθορίζεται αυτόματα από τη γλώσσα και την πλατφόρμα.\\nΚανονικό/Μεγάλο: Το μέγεθος κλειδώνει χειροκίνητα στην επιλογή σου.
ui:815,ui,,9,CAPS,[UI 1195],Αντιστροφή βλέμματος παίκτη (οριζόντια)
ui:816,ui,,9,CAPS,[UI 1196],Αντιστροφή βλέμματος σκάφους (οριζόντια)
ui:817,ui,,9,CAPS,[UI 1197],Αντιστροφή βλέμματος παίκτη (κατακόρυφα)
ui:818,ui,,9,CAPS,[UI 1198],Αντιστροφή βλέμματος σκάφους (κατακόρυφα)
ui:819,ui,,9,CAPS,[UI 1146],Αντιστρέφει τον άξονα X του βλέμματος όταν είσαι πεζός.
ui:820,ui,,9,CAPS,[UI 1147],Αντιστρέφει τον άξονα X του βλέμματος όταν πιλοτάρεις το σκάφος σου.
